# Halo CE Mark V (cyborg mode) — native Linux decode
v -0.00595 0.12897 0.53264
v -0.00660 0.12757 0.53760
v -0.01734 0.12882 0.53111
v -0.01798 0.12742 0.53607
v -0.00565 -0.12895 0.53262
v -0.01705 -0.12886 0.53118
v -0.00624 -0.12704 0.53741
v -0.01764 -0.12695 0.53597
v -0.08246 -0.04980 0.56752
v -0.08899 -0.04937 0.57084
v -0.08145 -0.05198 0.56980
v -0.08797 -0.05156 0.57312
v -0.08581 -0.04077 0.54877
v -0.09245 -0.03767 0.54874
v -0.08589 -0.04092 0.55208
v -0.09254 -0.03783 0.55205
v -0.08438 -0.04078 0.53546
v -0.09103 -0.03768 0.53543
v -0.08447 -0.04094 0.53876
v -0.09112 -0.03784 0.53874
v -0.08227 0.04980 0.56758
v -0.08125 0.05198 0.56986
v -0.08881 0.04943 0.57086
v -0.08779 0.05160 0.57314
v -0.08581 0.04077 0.54877
v -0.08589 0.04092 0.55208
v -0.09245 0.03767 0.54874
v -0.09254 0.03783 0.55205
v -0.08438 0.04078 0.53546
v -0.08447 0.04094 0.53876
v -0.09103 0.03768 0.53543
v -0.09112 0.03784 0.53874
v -0.09903 -0.02935 0.51719
v -0.09903 -0.01499 0.51719
v -0.09982 -0.02935 0.52363
v -0.09982 -0.01499 0.52363
v -0.09849 -0.02935 0.51194
v -0.09849 -0.01499 0.51194
v -0.09923 -0.02935 0.51838
v -0.09923 -0.01499 0.51838
v 0.07704 0.01627 0.53170
v 0.07704 0.00334 0.53170
v 0.07476 0.01627 0.53708
v 0.07476 0.00334 0.53708
v 0.02402 0.05136 0.25641
v 0.02661 0.05136 0.26236
v 0.02402 0.06572 0.25641
v 0.02661 0.06572 0.26236
v 0.02634 0.05136 0.26165
v 0.02887 0.05136 0.26762
v 0.02634 0.06572 0.26165
v 0.02887 0.06572 0.26762
v 0.02402 -0.05136 0.25641
v 0.02402 -0.06572 0.25641
v 0.02661 -0.05136 0.26236
v 0.02661 -0.06572 0.26236
v 0.02634 -0.05136 0.26165
v 0.02634 -0.06572 0.26165
v 0.02887 -0.05136 0.26762
v 0.02887 -0.06572 0.26762
v -0.06114 -0.03606 0.44816
v -0.06114 0.03425 0.44816
v -0.07253 -0.03606 0.48387
v -0.07253 0.03425 0.48387
v -0.09800 0.03278 0.51000
v -0.09800 -0.03278 0.51000
v -0.07300 0.03278 0.49500
v -0.07300 -0.03278 0.49500
v 0.00307 0.04660 0.06600
v 0.01807 0.04700 0.05100
v -0.03593 0.03317 0.05300
v -0.02793 0.03400 0.02800
v -0.06293 0.04700 0.05800
v -0.05793 0.03500 0.02800
v -0.07093 0.05000 0.02800
v 0.02189 0.05712 0.46571
v 0.06107 0.01940 0.50900
v 0.04978 0.01857 0.47747
v 0.06107 -0.01940 0.50900
v 0.04978 -0.01857 0.47747
v 0.02189 -0.05712 0.46571
v -0.06724 0.02781 0.60922
v -0.10463 0.02772 0.59600
v -0.08103 -0.00000 0.60922
v -0.10463 -0.02772 0.59600
v -0.06724 -0.02781 0.60922
v 0.00707 0.03400 0.02000
v 0.05490 0.03998 0.03276
v 0.06385 0.03886 0.02000
v 0.02541 0.06241 0.42502
v 0.01987 0.05264 0.44230
v 0.04721 0.04627 0.41490
v 0.05268 0.01711 0.43003
v 0.05509 0.01412 0.38863
v 0.00307 0.04660 0.06600
v 0.00307 0.07908 0.06600
v 0.01807 0.04700 0.05100
v 0.01807 0.07900 0.05100
v 0.00157 0.07809 0.09539
v 0.00807 0.07717 0.17300
v -0.04293 0.09893 0.15200
v -0.02793 0.09513 0.19000
v 0.00157 0.07809 0.09539
v 0.00157 0.04178 0.09539
v 0.00807 0.03455 0.17300
v 0.00157 0.04178 0.09539
v 0.00157 0.07809 0.09539
v -0.00493 0.04900 0.08800
v -0.00493 0.07300 0.08800
v 0.00307 0.04660 0.06600
v 0.00307 0.07908 0.06600
v -0.02793 0.02026 0.19000
v 0.00807 0.03455 0.17300
v -0.04293 0.01711 0.15200
v 0.00157 0.04178 0.09539
v -0.06126 0.03212 0.40356
v -0.06687 0.01853 0.40356
v -0.05912 0.02510 0.37496
v -0.06473 0.01448 0.37496
v -0.04776 0.01670 0.36190
v 0.05268 0.01711 0.43003
v 0.05268 -0.01711 0.43003
v 0.05509 0.01412 0.38863
v 0.05509 -0.01412 0.38863
v 0.04399 0.01016 0.36230
v 0.04399 -0.01016 0.36230
v 0.04721 -0.04627 0.41490
v 0.01987 -0.05264 0.44230
v 0.02541 -0.06241 0.42502
v 0.02521 -0.03376 0.22032
v 0.01789 -0.03645 0.18069
v 0.02996 -0.05301 0.22464
v 0.01789 -0.07149 0.18069
v 0.02521 -0.07304 0.22032
v 0.00398 -0.03970 0.20353
v 0.01184 -0.03854 0.23979
v 0.01175 -0.05394 0.21228
v 0.01207 -0.06811 0.23904
v 0.00398 -0.07038 0.20353
v -0.07093 -0.05000 0.02800
v -0.05793 -0.03500 0.02800
v -0.06293 -0.04700 0.05800
v -0.02793 -0.03400 0.02800
v -0.03593 -0.03317 0.05300
v 0.01807 -0.04700 0.05100
v 0.00307 -0.04660 0.06600
v 0.00707 -0.03400 0.02000
v 0.05490 -0.03998 0.03276
v 0.06385 -0.03886 0.02000
v 0.00307 -0.04660 0.06600
v 0.01807 -0.04700 0.05100
v 0.00307 -0.07908 0.06600
v 0.01807 -0.07900 0.05100
v 0.00157 -0.04178 0.09539
v 0.00807 -0.03455 0.17300
v -0.04293 -0.01711 0.15200
v -0.02793 -0.02026 0.19000
v 0.00807 -0.03455 0.17300
v 0.00157 -0.04178 0.09539
v 0.00807 -0.07717 0.17300
v 0.00157 -0.07809 0.09539
v -0.02793 -0.09513 0.19000
v -0.04293 -0.09893 0.15200
v 0.00157 -0.07809 0.09539
v 0.00807 -0.03455 0.17300
v 0.01789 -0.03645 0.18069
v 0.00398 -0.02929 0.20353
v 0.02521 -0.03376 0.22032
v 0.02060 -0.03106 0.22270
v 0.00307 -0.07908 0.06600
v 0.00307 -0.04660 0.06600
v -0.00493 -0.07300 0.08800
v -0.00493 -0.04900 0.08800
v 0.00157 -0.07809 0.09539
v 0.00157 -0.04178 0.09539
v 0.00398 0.07038 0.20353
v 0.01207 0.06811 0.23904
v 0.01175 0.05394 0.21228
v 0.01184 0.03854 0.23979
v 0.00398 0.03970 0.20353
v 0.02060 0.03106 0.22270
v 0.02521 0.03376 0.22032
v 0.00398 0.02929 0.20353
v 0.01789 0.03645 0.18069
v 0.00807 0.03455 0.17300
v 0.02521 0.03376 0.22032
v 0.01789 0.03645 0.18069
v 0.02996 0.05301 0.22464
v 0.01789 0.07149 0.18069
v 0.02521 0.07304 0.22032
v -0.06633 -0.04356 0.64300
v -0.05233 -0.04356 0.64400
v -0.06633 -0.07260 0.62905
v -0.05233 -0.07260 0.63005
v -0.03281 -0.04356 0.61800
v -0.05233 -0.04356 0.64400
v -0.06724 -0.02781 0.60922
v -0.06633 -0.04356 0.64300
v -0.10463 -0.02772 0.59600
v -0.03281 -0.07260 0.61800
v -0.03281 -0.04356 0.61800
v -0.05233 -0.07260 0.63005
v -0.05233 -0.04356 0.64400
v 0.02508 -0.06446 0.50311
v 0.05118 -0.05554 0.52808
v 0.03225 -0.06596 0.55387
v 0.04662 -0.05250 0.55473
v -0.06633 0.04356 0.64300
v -0.05233 0.04356 0.64400
v -0.06633 0.07260 0.62905
v -0.05233 0.07260 0.63005
v -0.03281 0.04356 0.61800
v -0.05233 0.04356 0.64400
v -0.06724 0.02781 0.60922
v -0.06633 0.04356 0.64300
v -0.10463 0.02772 0.59600
v -0.03281 0.07260 0.61800
v -0.03281 0.04356 0.61800
v -0.05233 0.07260 0.63005
v -0.05233 0.04356 0.64400
v 0.02508 0.06446 0.50311
v 0.05118 0.05554 0.52808
v 0.03225 0.06596 0.55387
v 0.04662 0.05250 0.55473
v 0.01075 -0.03787 0.64421
v -0.00815 -0.03997 0.64443
v -0.01212 -0.04192 0.65710
v -0.00997 -0.03456 0.61900
v 0.01105 -0.04600 0.63935
v 0.01199 -0.04600 0.62402
v -0.00419 -0.04700 0.63935
v -0.00419 -0.04700 0.62402
v 0.01199 -0.04600 0.62402
v 0.01105 -0.04600 0.63935
v 0.01228 -0.03787 0.61926
v 0.01075 -0.03787 0.64421
v 0.04063 -0.01147 0.67286
v 0.05541 -0.01166 0.68100
v 0.04352 -0.00000 0.67295
v 0.05541 0.01166 0.68100
v -0.00687 -0.04729 0.65997
v -0.00516 -0.04592 0.67375
v 0.00231 -0.04018 0.65779
v 0.00341 -0.03915 0.67186
v 0.02568 -0.03123 0.64496
v 0.02568 0.00000 0.64496
v 0.05243 -0.00000 0.63504
v 0.02568 0.03123 0.64496
v 0.04063 0.01147 0.67286
v 0.05541 0.01166 0.68100
v 0.07955 -0.01151 0.67548
v 0.05541 -0.01166 0.68100
v 0.07599 -0.02874 0.67463
v 0.02527 -0.03260 0.68655
v 0.02910 -0.04439 0.67588
v -0.00516 -0.04592 0.67375
v 0.01075 0.03787 0.64421
v -0.00815 0.03997 0.64443
v -0.01212 0.04192 0.65710
v -0.00997 0.03456 0.61900
v 0.01105 0.04600 0.63935
v 0.01199 0.04600 0.62402
v -0.00419 0.04700 0.63935
v -0.00419 0.04700 0.62402
v 0.01199 0.04600 0.62402
v 0.01105 0.04600 0.63935
v 0.01228 0.03787 0.61926
v 0.01075 0.03787 0.64421
v -0.00687 0.04729 0.65997
v -0.00516 0.04592 0.67375
v 0.00231 0.04018 0.65779
v 0.00341 0.03915 0.67186
v 0.00665 0.09058 0.57232
v 0.01774 0.08737 0.55137
v 0.00649 0.10154 0.57318
v 0.01689 0.11322 0.55304
v 0.02819 0.11975 0.48679
v 0.02212 0.12247 0.48475
v 0.00476 0.12836 0.51811
v 0.00880 0.07976 0.52866
v 0.02085 0.09721 0.48503
v 0.00096 0.07559 0.50915
v -0.05041 0.08307 0.54793
v -0.04472 0.09297 0.56756
v -0.04944 0.10261 0.54681
v -0.04457 0.09885 0.56747
v -0.00566 0.12609 0.54065
v -0.01940 0.12570 0.53887
v -0.00493 0.13391 0.54625
v -0.02381 0.13286 0.54332
v 0.00476 0.12836 0.51811
v 0.00397 0.13239 0.52065
v 0.01689 0.11322 0.55304
v 0.01610 0.11724 0.55559
v -0.04944 0.10261 0.54681
v -0.05023 0.10663 0.54935
v -0.02259 0.12604 0.51375
v -0.02338 0.13006 0.51629
v -0.01252 0.08930 0.44432
v -0.02428 0.10247 0.44241
v -0.02486 0.10898 0.43352
v -0.03272 0.11148 0.43428
v -0.02534 0.11941 0.41831
v 0.07955 0.01151 0.67548
v 0.05541 0.01166 0.68100
v 0.07599 0.02874 0.67463
v 0.02527 0.03260 0.68655
v 0.02910 0.04439 0.67588
v -0.00516 0.04592 0.67375
v -0.03604 0.10647 0.45327
v -0.01971 0.10602 0.44721
v -0.02428 0.10247 0.44241
v -0.01164 0.09506 0.45110
v 0.00367 0.10021 0.44646
v 0.00921 0.09336 0.43762
v 0.02561 0.10942 0.42897
v 0.01826 0.11092 0.44438
v 0.01826 0.12253 0.44601
v 0.02867 0.12755 0.43148
v 0.00899 0.14291 0.44680
v 0.00720 0.13631 0.45105
v -0.01889 0.14130 0.45201
v -0.01731 0.13591 0.45530
v -0.02746 0.12813 0.44750
v -0.02331 0.12435 0.45087
v -0.03604 0.12196 0.45577
v -0.03604 0.12196 0.45577
v -0.03604 0.10647 0.45327
v 0.00665 -0.09058 0.57232
v 0.00649 -0.10154 0.57318
v 0.01774 -0.08737 0.55137
v 0.01689 -0.11322 0.55304
v 0.02819 -0.11975 0.48679
v 0.02212 -0.12247 0.48475
v 0.00476 -0.12836 0.51811
v -0.03604 0.10647 0.45327
v -0.02331 0.12435 0.45087
v -0.01971 0.10602 0.44721
v -0.03024 0.11135 0.46553
v -0.01573 0.13561 0.46276
v -0.03611 0.11266 0.47177
v -0.03880 0.11556 0.47319
v -0.01727 0.14063 0.46500
v 0.00541 0.13513 0.46610
v 0.01113 0.14025 0.46924
v 0.01826 0.12151 0.47190
v 0.02214 0.12438 0.47735
v 0.02107 0.12049 0.48036
v 0.02253 0.10250 0.47960
v -0.01228 0.09455 0.45952
v 0.00367 0.09884 0.46427
v 0.01899 0.10671 0.47065
v -0.01291 0.08691 0.46274
v -0.05041 -0.08307 0.54793
v -0.04472 -0.09297 0.56756
v -0.04944 -0.10261 0.54681
v -0.04457 -0.09885 0.56747
v -0.00566 -0.12609 0.54065
v -0.01940 -0.12570 0.53887
v -0.00493 -0.13391 0.54625
v -0.02381 -0.13286 0.54332
v 0.00476 -0.12836 0.51811
v 0.00397 -0.13239 0.52065
v 0.01689 -0.11322 0.55304
v 0.01610 -0.11724 0.55559
v -0.04944 -0.10261 0.54681
v -0.05023 -0.10663 0.54935
v -0.02259 -0.12604 0.51375
v -0.02338 -0.13006 0.51629
v -0.04472 -0.09297 0.56756
v -0.03446 -0.09560 0.58138
v -0.03604 -0.12196 0.45577
v -0.03604 -0.10647 0.45327
v -0.03272 -0.11148 0.43428
v -0.02428 -0.10247 0.44241
v -0.07300 -0.03278 0.49500
v -0.07250 -0.03339 0.49004
v -0.03756 -0.06439 0.48070
v -0.03378 -0.05981 0.48066
v 0.02497 -0.06189 0.48066
v 0.02343 -0.05812 0.47958
v 0.06606 -0.04353 0.51374
v 0.04561 -0.03997 0.51316
v 0.06271 -0.01516 0.52654
v 0.07802 -0.01781 0.52816
v 0.06271 0.01516 0.52654
v 0.07802 0.01781 0.52816
v 0.06606 0.04353 0.51374
v -0.03000 -0.05800 0.46784
v 0.02189 -0.05712 0.46571
v 0.02290 0.06152 0.45750
v 0.02249 0.06046 0.44672
v 0.05555 0.02477 0.46766
v 0.05467 0.02394 0.43441
v 0.06052 0.00000 0.46766
v 0.05964 0.00000 0.43438
v 0.05467 -0.02394 0.43434
v 0.05555 -0.02477 0.46766
v 0.02249 -0.06046 0.44672
v 0.02290 -0.06152 0.45750
v -0.02288 -0.06723 0.45113
v -0.02267 -0.06736 0.46284
v -0.03000 -0.05800 0.45322
v 0.04978 -0.01857 0.47747
v 0.04978 0.01857 0.47747
v 0.02189 0.05712 0.46571
v 0.01987 0.05264 0.44230
v 0.05268 0.01711 0.43003
v 0.05268 -0.01711 0.43003
v 0.01987 -0.05264 0.44230
v -0.02991 -0.05807 0.44524
v -0.04527 -0.03400 0.44330
v -0.06000 -0.03400 0.44717
v -0.07200 -0.03400 0.48508
v -0.04944 0.10261 0.54681
v -0.05023 0.10663 0.54935
v -0.04457 0.09885 0.56747
v -0.04009 0.09725 0.59218
v -0.03770 0.09304 0.59140
v -0.03694 0.09727 0.59571
v -0.01098 0.09703 0.59893
v -0.00803 0.09247 0.59503
v -0.00672 0.09650 0.59622
v 0.00649 0.10154 0.57318
v 0.01610 0.11724 0.55559
v 0.01689 0.11322 0.55304
v 0.02700 -0.04800 0.58950
v 0.05464 -0.01682 0.56834
v 0.05136 -0.01304 0.56347
v 0.06480 -0.01682 0.55907
v 0.06566 -0.01304 0.54639
v 0.07141 -0.01682 0.54362
v 0.06731 0.01304 0.54639
v 0.07141 0.01682 0.54362
v 0.06480 0.01682 0.55907
v 0.05136 0.01304 0.56347
v 0.05464 0.01682 0.56834
v 0.02700 0.04800 0.58950
v 0.01207 -0.06811 0.23904
v 0.00398 -0.07038 0.20353
v -0.02593 -0.07992 0.22900
v -0.02693 -0.08683 0.19151
v -0.05287 -0.06693 0.22040
v -0.06612 -0.06847 0.18150
v -0.05287 -0.04214 0.22040
v -0.06612 -0.04815 0.18150
v -0.02793 -0.02546 0.19000
v -0.02593 -0.02677 0.22900
v 0.00398 -0.03970 0.20353
v 0.01184 -0.03854 0.23979
v 0.00307 -0.07908 0.06600
v -0.00493 -0.07300 0.08800
v -0.03593 -0.09211 0.05300
v -0.03800 -0.08800 0.08200
v -0.06293 -0.07700 0.05800
v -0.06093 -0.07300 0.07000
v -0.06293 -0.04700 0.05800
v -0.06093 -0.04900 0.07000
v -0.03800 -0.03500 0.08200
v -0.03593 -0.03317 0.05300
v -0.00493 -0.04900 0.08800
v 0.00307 -0.04660 0.06600
v -0.05148 -0.03525 0.26806
v -0.05148 -0.06732 0.26806
v -0.07300 0.03278 0.49500
v -0.07250 0.03339 0.49004
v -0.03756 0.06439 0.48070
v -0.03378 0.05981 0.48066
v 0.02497 0.06189 0.48066
v 0.02343 0.05812 0.47958
v 0.06606 0.04353 0.51374
v 0.04561 0.03997 0.51316
v 0.06271 0.01516 0.52654
v 0.05772 0.02108 0.51150
v 0.02189 0.05712 0.46571
v 0.06107 0.01940 0.50900
v -0.03000 0.05800 0.46784
v -0.07200 0.03400 0.48508
v 0.00307 0.07908 0.06600
v -0.00493 0.07300 0.08800
v -0.03593 0.09211 0.05300
v -0.03800 0.08800 0.08200
v -0.06293 0.07700 0.05800
v -0.06093 0.07300 0.07000
v -0.06293 0.04700 0.05800
v -0.06093 0.04900 0.07000
v -0.03800 0.03500 0.08200
v -0.03593 0.03317 0.05300
v -0.00493 0.04900 0.08800
v 0.00307 0.04660 0.06600
v -0.06000 0.03400 0.44717
v -0.03000 0.05800 0.45322
v -0.02267 0.06736 0.46284
v 0.02290 0.06152 0.45750
v -0.02288 0.06723 0.45113
v 0.02249 0.06046 0.44672
v 0.01987 0.05264 0.44230
v -0.02991 0.05807 0.44524
v -0.04527 0.03400 0.44330
v 0.06785 -0.03768 0.00400
v 0.06385 -0.03886 0.02000
v 0.00707 -0.03200 -0.00000
v 0.00707 -0.03400 0.02000
v -0.01493 -0.04100 0.00800
v -0.02793 -0.03400 0.02800
v -0.02793 -0.03200 -0.00000
v -0.05793 -0.03500 0.02800
v -0.05793 -0.03300 -0.00000
v -0.07293 -0.04800 -0.00000
v -0.07093 -0.05000 0.02800
v 0.05321 0.01144 0.68868
v 0.05321 -0.01144 0.68868
v 0.02682 0.01159 0.70127
v 0.02682 -0.01159 0.70127
v -0.02602 -0.01146 0.70362
v -0.02602 0.01146 0.70362
v -0.04166 -0.01147 0.69609
v -0.04166 0.01147 0.69609
v -0.05304 -0.01147 0.68385
v -0.05304 0.01148 0.68385
v 0.05541 0.01166 0.68100
v 0.05321 0.01144 0.68868
v 0.05541 -0.01166 0.68100
v 0.05321 -0.01144 0.68868
v 0.02530 -0.02922 0.69581
v -0.02544 -0.02563 0.69819
v -0.04166 -0.01147 0.69609
v -0.02487 -0.02904 0.69277
v -0.05304 -0.01147 0.68385
v -0.02593 0.07992 0.22900
v -0.05287 0.06693 0.22040
v -0.05148 0.06732 0.26806
v -0.05287 0.04214 0.22040
v -0.05148 0.03525 0.26806
v -0.02593 0.02677 0.22900
v 0.02527 -0.03260 0.68655
v 0.02085 0.09721 0.48503
v 0.01774 0.08737 0.55137
v 0.02959 0.10199 0.48591
v 0.03032 0.09271 0.54114
v 0.02819 0.11975 0.48679
v 0.02883 0.10601 0.54070
v 0.01689 0.11322 0.55304
v 0.01600 0.06600 0.59700
v 0.03829 0.06754 0.55618
v 0.03800 0.05000 0.58200
v 0.05154 0.05250 0.55762
v 0.06480 0.01682 0.55907
v 0.07141 0.01682 0.54362
v 0.07802 0.01781 0.52816
v 0.07141 -0.01682 0.54362
v 0.07802 -0.01781 0.52816
v 0.00307 -0.07908 0.06600
v 0.01807 -0.07900 0.05100
v -0.03593 -0.09211 0.05300
v -0.02793 -0.09200 0.02800
v -0.06293 -0.07700 0.05800
v -0.05793 -0.08400 0.02800
v -0.07093 -0.07300 0.02800
v -0.06293 -0.04700 0.05800
v -0.07093 -0.05000 0.02800
v 0.00707 -0.09300 0.02000
v 0.05119 -0.08128 0.03276
v 0.05923 -0.08058 0.02000
v -0.09662 -0.04870 0.59600
v -0.08814 -0.05594 0.61423
v -0.08925 -0.05135 0.61566
v -0.06633 -0.04356 0.64300
v -0.09229 -0.04082 0.61825
v -0.10463 -0.02772 0.59600
v -0.10331 -0.03116 0.59600
v -0.10394 -0.03278 0.55900
v -0.08604 -0.04005 0.61530
v -0.08344 -0.04851 0.61323
v -0.07292 -0.06942 0.58671
v -0.06668 -0.08307 0.60000
v -0.08187 -0.07071 0.59144
v -0.08860 -0.06960 0.59600
v -0.08813 -0.06579 0.58970
v -0.10088 -0.03493 0.55902
v -0.10394 -0.03278 0.55900
v -0.09598 -0.03490 0.51356
v -0.09800 -0.03278 0.51000
v -0.08039 -0.04194 0.51331
v -0.08000 -0.04111 0.51000
v 0.06785 0.03768 0.00400
v 0.06385 0.03886 0.02000
v 0.00707 0.03200 -0.00000
v 0.00707 0.03400 0.02000
v -0.01493 0.04100 0.00800
v -0.02793 0.03400 0.02800
v -0.02793 0.03200 -0.00000
v -0.05793 0.03500 0.02800
v -0.05793 0.03300 -0.00000
v -0.07293 0.04800 -0.00000
v -0.07093 0.05000 0.02800
v 0.02085 -0.09721 0.48503
v 0.01774 -0.08737 0.55137
v 0.02959 -0.10199 0.48591
v 0.03032 -0.09271 0.54114
v 0.02819 -0.11975 0.48679
v 0.02883 -0.10601 0.54070
v 0.01689 -0.11322 0.55304
v 0.00307 0.07908 0.06600
v 0.01807 0.07900 0.05100
v -0.03593 0.09211 0.05300
v -0.02793 0.09200 0.02800
v -0.06293 0.07700 0.05800
v -0.05793 0.08400 0.02800
v -0.07093 0.07300 0.02800
v -0.06293 0.04700 0.05800
v -0.07093 0.05000 0.02800
v 0.00707 0.09300 0.02000
v 0.05119 0.08128 0.03276
v 0.05923 0.08058 0.02000
v 0.06807 0.05972 0.02000
v 0.05119 0.08128 0.03276
v 0.05957 0.06063 0.03600
v 0.01807 0.07900 0.05100
v 0.01807 0.04700 0.05100
v 0.05490 0.03998 0.03276
v 0.06385 0.03886 0.02000
v -0.00516 -0.04592 0.67375
v 0.00341 -0.03915 0.67186
v 0.02910 -0.04439 0.67588
v 0.02451 -0.03035 0.67230
v 0.07599 -0.02874 0.67463
v 0.03774 -0.01740 0.67277
v 0.04063 -0.01147 0.67286
v 0.07955 -0.01151 0.67548
v 0.06480 0.01682 0.55907
v 0.05464 0.01682 0.56834
v 0.03800 0.05000 0.58200
v 0.02700 0.04800 0.58950
v 0.01600 0.06600 0.59700
v 0.01600 0.04600 0.59700
v -0.03281 0.04356 0.61800
v -0.03281 0.07260 0.61800
v 0.00341 0.00000 0.67186
v 0.02451 0.00000 0.67230
v 0.04063 -0.01147 0.67286
v 0.04352 -0.00000 0.67295
v 0.04063 0.01147 0.67286
v 0.03774 0.01740 0.67277
v 0.02451 0.03035 0.67230
v 0.00341 0.03915 0.67186
v -0.00516 0.04592 0.67375
v 0.02910 0.04439 0.67588
v 0.07599 0.02874 0.67463
v 0.04063 0.01147 0.67286
v 0.07955 0.01151 0.67548
v -0.06205 0.01142 0.66478
v -0.04899 0.00000 0.65252
v -0.06205 -0.01142 0.66478
v -0.04200 -0.02448 0.65252
v -0.04601 -0.03700 0.66579
v -0.01408 -0.03598 0.65648
v -0.01212 -0.04192 0.65710
v -0.00997 -0.03456 0.61900
v -0.04666 -0.02257 0.62960
v -0.05365 -0.00000 0.62960
v -0.04666 0.02257 0.62960
v -0.04829 0.00000 0.62039
v -0.04131 -0.01718 0.62039
v -0.01407 -0.03117 0.61112
v 0.00821 -0.03641 0.61360
v 0.02638 -0.02309 0.60820
v 0.02213 -0.01199 0.59899
v 0.02638 0.02309 0.60820
v 0.02213 0.01199 0.59899
v 0.02638 0.02309 0.60820
v -0.01407 0.03117 0.61112
v 0.00821 0.03641 0.61360
v -0.00997 0.03456 0.61900
v -0.04131 0.01718 0.62039
v 0.02060 0.07459 0.22270
v 0.02521 0.07304 0.22032
v 0.00398 0.08160 0.20353
v 0.01789 0.07149 0.18069
v 0.00807 0.07717 0.17300
v 0.00807 0.03455 0.17300
v 0.01789 0.03645 0.18069
v -0.07833 0.03739 0.51347
v -0.09395 0.03033 0.51374
v -0.08409 0.03683 0.56104
v -0.09907 0.03050 0.56046
v -0.08666 0.06225 0.59291
v -0.07144 0.06590 0.58994
v -0.08042 0.06757 0.59505
v 0.00880 0.07976 0.52866
v 0.01774 0.08737 0.55137
v 0.01395 0.08584 0.55277
v 0.00665 0.09058 0.57232
v 0.00059 0.08870 0.57283
v -0.00998 0.09455 0.58429
v -0.00531 0.08946 0.58053
v -0.02082 0.09139 0.58191
v -0.02218 0.09556 0.58284
v -0.03647 0.09215 0.57875
v -0.03446 0.09560 0.58138
v -0.04472 0.09297 0.56756
v -0.04128 0.09063 0.56975
v -0.05041 0.08307 0.54793
v 0.02107 0.12049 0.48036
v 0.02214 0.12438 0.47735
v 0.02212 0.12247 0.48475
v 0.01113 0.14025 0.46924
v 0.00476 0.12836 0.51811
v -0.00090 0.13218 0.51775
v -0.00566 0.12609 0.54065
v -0.01552 0.13160 0.51535
v -0.01940 0.12570 0.53887
v -0.02259 0.12604 0.51375
v -0.01727 0.14063 0.46500
v -0.03880 0.11556 0.47319
v -0.03887 0.11511 0.48234
v 0.01789 -0.03645 0.18069
v 0.00807 -0.03455 0.17300
v 0.01789 -0.07149 0.18069
v 0.00807 -0.07717 0.17300
v 0.00398 -0.08160 0.20353
v 0.02521 -0.07304 0.22032
v 0.02060 -0.07459 0.22270
v -0.07833 -0.03739 0.51347
v -0.09395 -0.03033 0.51374
v -0.08409 -0.03683 0.56104
v -0.09907 -0.03050 0.56046
v -0.08666 -0.06225 0.59291
v -0.07144 -0.06590 0.58994
v -0.08042 -0.06757 0.59505
v 0.00880 -0.07976 0.52866
v 0.01774 -0.08737 0.55137
v 0.01395 -0.08584 0.55277
v 0.00665 -0.09058 0.57232
v 0.00059 -0.08870 0.57283
v -0.00998 -0.09455 0.58429
v -0.00531 -0.08946 0.58053
v -0.02082 -0.09139 0.58191
v -0.02218 -0.09556 0.58284
v -0.03647 -0.09215 0.57875
v -0.03446 -0.09560 0.58138
v -0.04472 -0.09297 0.56756
v -0.04128 -0.09063 0.56975
v -0.05041 -0.08307 0.54793
v 0.02107 -0.12049 0.48036
v 0.02214 -0.12438 0.47735
v 0.02212 -0.12247 0.48475
v 0.01113 -0.14025 0.46924
v 0.00476 -0.12836 0.51811
v -0.00090 -0.13218 0.51775
v -0.00566 -0.12609 0.54065
v -0.01552 -0.13160 0.51535
v -0.01940 -0.12570 0.53887
v -0.02259 -0.12604 0.51375
v -0.01727 -0.14063 0.46500
v -0.03880 -0.11556 0.47319
v -0.03887 -0.11511 0.48234
v -0.03611 -0.11266 0.47177
v -0.03887 -0.11511 0.48234
v -0.03800 -0.03500 0.08200
v -0.07093 -0.04256 0.14300
v -0.06093 -0.04900 0.07000
v -0.06410 -0.07529 0.14300
v -0.06093 -0.07300 0.07000
v -0.03800 -0.08800 0.08200
v 0.00157 0.07809 0.09539
v -0.03800 0.08800 0.08200
v -0.04293 0.09893 0.15200
v -0.06410 0.07529 0.14300
v -0.07410 0.08075 0.15100
v -0.08093 0.05802 0.15100
v -0.07093 0.04256 0.14300
v -0.07410 0.03529 0.15100
v -0.04293 0.01711 0.15200
v -0.03800 0.03500 0.08200
v 0.00157 0.04178 0.09539
v -0.06093 0.04900 0.07000
v -0.06093 0.07300 0.07000
v -0.03604 -0.10647 0.45327
v -0.01971 -0.10602 0.44721
v -0.02428 -0.10247 0.44241
v -0.01164 -0.09506 0.45110
v -0.01252 -0.08930 0.44432
v 0.00367 -0.10021 0.44646
v 0.00921 -0.09336 0.43762
v 0.02561 -0.10942 0.42897
v 0.01826 -0.11092 0.44438
v 0.01826 -0.12253 0.44601
v 0.02867 -0.12755 0.43148
v 0.00899 -0.14291 0.44680
v 0.00720 -0.13631 0.45105
v -0.01889 -0.14130 0.45201
v -0.01731 -0.13591 0.45530
v -0.02746 -0.12813 0.44750
v -0.02331 -0.12435 0.45087
v -0.03604 -0.12196 0.45577
v -0.03604 -0.10647 0.45327
v -0.02331 -0.12435 0.45087
v -0.01971 -0.10602 0.44721
v -0.03024 -0.11135 0.46553
v -0.01573 -0.13561 0.46276
v -0.03611 -0.11266 0.47177
v -0.03880 -0.11556 0.47319
v -0.01727 -0.14063 0.46500
v 0.00541 -0.13513 0.46610
v 0.01113 -0.14025 0.46924
v 0.01826 -0.12151 0.47190
v 0.02214 -0.12438 0.47735
v 0.02107 -0.12049 0.48036
v 0.02253 -0.10250 0.47960
v 0.02253 0.10250 0.47960
v 0.02107 0.12049 0.48036
v 0.02212 0.12247 0.48475
v 0.00812 0.03754 0.65428
v 0.00231 0.04018 0.65779
v 0.00812 0.00000 0.65428
v 0.00231 0.00000 0.65779
v 0.00231 -0.04018 0.65779
v 0.00812 -0.03754 0.65428
v 0.00821 0.03641 0.61360
v 0.01228 0.03787 0.61926
v 0.02638 0.02309 0.60820
v 0.03055 0.02343 0.62851
v 0.02568 0.03123 0.64496
v 0.02297 0.03502 0.65352
v 0.02568 0.00000 0.64496
v 0.02297 0.00000 0.65352
v 0.02297 -0.03502 0.65352
v 0.02568 -0.03123 0.64496
v 0.02297 -0.03502 0.65352
v 0.01337 -0.03914 0.65550
v 0.02297 0.00000 0.65352
v 0.01337 0.00000 0.65550
v 0.01337 0.03914 0.65550
v 0.02297 0.03502 0.65352
v 0.01337 0.03914 0.65550
v 0.00812 0.03754 0.65428
v 0.01337 0.00000 0.65550
v 0.00812 0.00000 0.65428
v 0.00812 -0.03754 0.65428
v 0.01337 -0.03914 0.65550
v 0.00231 -0.04018 0.65779
v 0.00341 -0.03915 0.67186
v 0.00231 0.00000 0.65779
v 0.00341 0.00000 0.67186
v 0.00341 0.03915 0.67186
v 0.00231 0.04018 0.65779
v 0.00821 -0.03641 0.61360
v 0.01228 -0.03787 0.61926
v 0.02638 -0.02309 0.60820
v 0.03055 -0.02343 0.62851
v 0.01600 0.06600 0.59700
v -0.03281 0.07260 0.61800
v -0.06668 0.08307 0.60000
v -0.05233 0.07260 0.63005
v -0.06633 0.07260 0.62905
v -0.08860 0.06960 0.59600
v 0.02497 0.06189 0.48066
v 0.02191 0.06887 0.49312
v 0.06606 0.04353 0.51374
v 0.05514 0.05554 0.52790
v -0.07292 0.06942 0.58671
v -0.07050 0.07366 0.57707
v -0.08586 0.04111 0.55914
v -0.07728 0.05361 0.55677
v -0.08039 0.04194 0.51331
v -0.07391 0.05397 0.52372
v -0.08000 0.04111 0.51000
v -0.05185 0.06628 0.51059
v -0.03744 0.06731 0.49317
v -0.07300 0.03278 0.49500
v -0.03756 0.06439 0.48070
v 0.02497 0.06189 0.48066
v 0.02191 0.06887 0.49312
v -0.04776 0.01670 0.36190
v -0.04776 -0.01670 0.36190
v -0.06473 0.01448 0.37496
v -0.06473 -0.01448 0.37496
v -0.06687 -0.01853 0.40356
v -0.06687 0.01853 0.40356
v -0.05592 -0.04943 0.42931
v -0.06126 -0.03212 0.40356
v -0.06154 -0.02851 0.42931
v -0.06154 0.02851 0.42931
v -0.06126 0.03212 0.40356
v -0.05592 0.04943 0.42931
v -0.10463 -0.02772 0.59600
v -0.10463 0.02772 0.59600
v -0.10394 -0.03278 0.55900
v -0.10394 0.03278 0.55900
v -0.09800 0.03278 0.51000
v -0.09800 -0.03278 0.51000
v -0.09662 0.04870 0.59600
v -0.08814 0.05594 0.61423
v -0.08925 0.05135 0.61566
v -0.06633 0.04356 0.64300
v -0.09229 0.04082 0.61825
v -0.10331 0.03116 0.59600
v -0.08604 0.04005 0.61530
v -0.08344 0.04851 0.61323
v 0.00231 0.04018 0.65779
v -0.00687 0.04729 0.65997
v 0.00812 0.03754 0.65428
v 0.00654 0.04251 0.65189
v 0.01337 0.03914 0.65550
v 0.02886 0.03404 0.63845
v 0.02297 0.03502 0.65352
v 0.02568 0.03123 0.64496
v 0.04550 0.01830 0.63641
v 0.05545 0.01234 0.63004
v 0.05243 -0.00000 0.63504
v 0.00231 -0.04018 0.65779
v -0.00687 -0.04729 0.65997
v 0.00812 -0.03754 0.65428
v 0.00654 -0.04251 0.65189
v 0.01337 -0.03914 0.65550
v 0.02886 -0.03404 0.63845
v 0.02297 -0.03502 0.65352
v 0.02568 -0.03123 0.64496
v 0.04550 -0.01830 0.63641
v 0.05545 -0.01234 0.63004
v 0.05545 0.01234 0.63004
v 0.04512 -0.00705 0.60283
v 0.04512 0.00705 0.60283
v 0.01775 -0.03527 0.24403
v 0.01787 -0.06995 0.24366
v 0.03207 -0.03200 0.27600
v 0.03207 -0.07178 0.27600
v 0.04415 -0.02203 0.33143
v 0.04415 -0.07000 0.34118
v 0.04644 -0.02057 0.36050
v 0.04309 -0.06073 0.39124
v 0.02294 -0.08504 0.34412
v 0.01702 -0.07460 0.39462
v -0.00686 -0.09183 0.34706
v -0.01763 -0.07714 0.39800
v -0.03768 -0.06972 0.34155
v -0.04968 -0.06045 0.37561
v -0.05453 -0.03925 0.36357
v -0.04452 -0.04388 0.33673
v -0.03768 -0.01804 0.33190
v -0.04570 -0.01805 0.35152
v -0.00543 -0.00218 0.34744
v -0.05310 -0.02785 0.27603
v -0.01293 -0.01280 0.27600
v 0.03511 0.02442 0.62588
v 0.05274 0.01273 0.62770
v 0.03407 0.02714 0.62396
v 0.05132 0.01733 0.62537
v 0.02995 0.02606 0.60714
v 0.04506 0.01715 0.60783
v 0.04444 0.00828 0.60533
v 0.03026 0.02316 0.60608
v 0.01775 0.03527 0.24403
v 0.01787 0.06995 0.24366
v 0.03207 0.03200 0.27600
v 0.03207 0.07178 0.27600
v 0.04415 0.02203 0.33143
v 0.04415 0.07000 0.34118
v 0.04644 0.02057 0.36050
v 0.04309 0.06073 0.39124
v 0.02294 0.08504 0.34412
v 0.01702 0.07460 0.39462
v -0.00686 0.09183 0.34706
v -0.01763 0.07714 0.39800
v -0.03768 0.06972 0.34155
v -0.04968 0.06045 0.37561
v -0.05453 0.03925 0.36357
v -0.04452 0.04388 0.33673
v -0.03768 0.01804 0.33190
v -0.04570 0.01805 0.35152
v -0.00543 0.00218 0.34744
v -0.05310 0.02785 0.27603
v -0.01293 0.01280 0.27600
v 0.03511 -0.02442 0.62588
v 0.05274 -0.01273 0.62770
v 0.03407 -0.02714 0.62396
v 0.05132 -0.01733 0.62537
v 0.02995 -0.02606 0.60714
v 0.04506 -0.01715 0.60783
v 0.04444 -0.00828 0.60533
v 0.03026 -0.02316 0.60608
v -0.07300 0.03278 0.49500
v -0.07300 -0.03278 0.49500
v -0.07250 0.03339 0.49004
v -0.07250 -0.03339 0.49004
v -0.07200 0.03400 0.48508
v -0.07200 -0.03400 0.48508
v -0.06000 -0.03400 0.44717
v -0.06000 0.03400 0.44717
v -0.04527 0.03400 0.44330
v -0.04527 -0.03400 0.44330
v -0.08860 -0.06960 0.59600
v -0.06633 -0.07260 0.62905
v -0.06668 -0.08307 0.60000
v -0.05233 -0.07260 0.63005
v -0.03281 -0.07260 0.61800
v 0.01600 -0.06600 0.59700
v -0.07292 -0.06942 0.58671
v -0.07050 -0.07366 0.57707
v -0.08586 -0.04111 0.55914
v -0.07728 -0.05361 0.55677
v -0.08039 -0.04194 0.51331
v -0.07391 -0.05397 0.52372
v -0.08000 -0.04111 0.51000
v -0.05185 -0.06628 0.51059
v -0.03744 -0.06731 0.49317
v -0.07300 -0.03278 0.49500
v -0.03756 -0.06439 0.48070
v 0.02497 -0.06189 0.48066
v 0.02191 -0.06887 0.49312
v -0.04776 0.01670 0.36190
v -0.04776 -0.01670 0.36190
v -0.00839 0.00947 0.35544
v -0.00839 -0.00947 0.35544
v 0.04399 -0.01016 0.36230
v 0.04399 0.01016 0.36230
v 0.06807 -0.05972 0.02000
v 0.05119 -0.08128 0.03276
v 0.05957 -0.06063 0.03600
v 0.01807 -0.07900 0.05100
v 0.01807 -0.04700 0.05100
v 0.05490 -0.03998 0.03276
v 0.06385 -0.03886 0.02000
v -0.05310 -0.02785 0.27603
v -0.03952 -0.02218 0.23794
v -0.01293 -0.01280 0.27600
v -0.01943 -0.02218 0.23794
v 0.01775 -0.03527 0.24403
v 0.03207 -0.03200 0.27600
v -0.00543 -0.00218 0.34744
v 0.04415 -0.02203 0.33143
v 0.04644 -0.02057 0.36050
v -0.05310 0.02785 0.27603
v -0.03952 0.02218 0.23794
v -0.01293 0.01280 0.27600
v -0.01943 0.02218 0.23794
v 0.01775 0.03527 0.24403
v 0.03207 0.03200 0.27600
v -0.00543 0.00218 0.34744
v 0.04415 0.02203 0.33143
v 0.04644 0.02057 0.36050
v -0.04776 0.01670 0.36190
v -0.05189 0.02325 0.36718
v -0.05912 0.02510 0.37496
v -0.04984 0.05016 0.41176
v -0.06126 0.03212 0.40356
v -0.05592 0.04943 0.42931
v -0.03000 0.06713 0.43167
v -0.02991 0.05807 0.44524
v -0.04527 0.03400 0.44330
v -0.07293 -0.07700 -0.00000
v -0.07293 -0.04800 -0.00000
v -0.05793 -0.08800 -0.00000
v -0.05793 -0.03300 -0.00000
v -0.02793 -0.03200 -0.00000
v -0.02793 -0.09600 -0.00000
v -0.01493 -0.04100 0.00800
v -0.01493 -0.08700 0.00800
v 0.00707 -0.03200 -0.00000
v 0.00707 -0.09700 -0.00000
v 0.06323 -0.08108 0.00400
v 0.07207 -0.05938 0.00400
v 0.06785 -0.03768 0.00400
v -0.05304 0.01148 0.68385
v -0.06205 0.01142 0.66478
v -0.05304 -0.01147 0.68385
v -0.06205 -0.01142 0.66478
v -0.04003 -0.03300 0.68261
v -0.04601 -0.03700 0.66579
v -0.00954 -0.03908 0.68446
v -0.01212 -0.04192 0.65710
v -0.00516 -0.04592 0.67375
v 0.02527 -0.03260 0.68655
v -0.02487 -0.02904 0.69277
v -0.07093 -0.05000 0.02800
v -0.07293 -0.04800 -0.00000
v -0.07093 -0.07300 0.02800
v -0.07293 -0.07700 -0.00000
v -0.05793 -0.08800 -0.00000
v -0.05793 -0.08400 0.02800
v -0.02793 -0.09200 0.02800
v -0.02793 -0.09600 -0.00000
v -0.01493 -0.08700 0.00800
v 0.00707 -0.09300 0.02000
v 0.00707 -0.09700 -0.00000
v 0.05923 -0.08058 0.02000
v 0.06323 -0.08108 0.00400
v 0.06807 -0.05972 0.02000
v 0.07207 -0.05938 0.00400
v 0.06785 -0.03768 0.00400
v 0.06385 -0.03886 0.02000
v -0.05592 0.04943 0.42931
v -0.04527 0.03400 0.44330
v -0.06154 0.02851 0.42931
v -0.04527 -0.03400 0.44330
v -0.06154 -0.02851 0.42931
v -0.05592 -0.04943 0.42931
v -0.02991 -0.05807 0.44524
v -0.03000 -0.06713 0.43167
v 0.01987 -0.05264 0.44230
v 0.02541 -0.06241 0.42502
v -0.00480 -0.06162 0.42402
v 0.02033 -0.06045 0.41947
v 0.01898 -0.06284 0.40837
v 0.03883 -0.05295 0.40447
v 0.04096 -0.05803 0.39344
v 0.04644 -0.02057 0.36050
v 0.04309 -0.06073 0.39124
v 0.01800 -0.06934 0.39755
v 0.01702 -0.07460 0.39462
v -0.01355 -0.07241 0.40166
v -0.01763 -0.07714 0.39800
v -0.04968 -0.06045 0.37561
v -0.04656 -0.05698 0.37857
v -0.05453 -0.03925 0.36357
v -0.04898 -0.04048 0.36815
v -0.04570 -0.01805 0.35152
v -0.03767 -0.02065 0.35723
v -0.05189 -0.02325 0.36718
v -0.04984 -0.05016 0.41176
v -0.00946 -0.06448 0.41228
v 0.06385 0.03886 0.02000
v 0.06785 0.03768 0.00400
v 0.06807 0.05972 0.02000
v 0.07207 0.05938 0.00400
v 0.06323 0.08108 0.00400
v 0.05923 0.08058 0.02000
v 0.00707 0.09700 -0.00000
v 0.00707 0.09300 0.02000
v -0.01493 0.08700 0.00800
v -0.02793 0.09200 0.02800
v -0.02793 0.09600 -0.00000
v -0.05793 0.08800 -0.00000
v -0.05793 0.08400 0.02800
v -0.07093 0.07300 0.02800
v -0.07293 0.07700 -0.00000
v -0.07293 0.04800 -0.00000
v -0.07093 0.05000 0.02800
v -0.07293 0.07700 -0.00000
v -0.07293 0.04800 -0.00000
v -0.05793 0.08800 -0.00000
v -0.05793 0.03300 -0.00000
v -0.02793 0.03200 -0.00000
v -0.02793 0.09600 -0.00000
v -0.01493 0.04100 0.00800
v -0.01493 0.08700 0.00800
v 0.00707 0.03200 -0.00000
v 0.00707 0.09700 -0.00000
v 0.06323 0.08108 0.00400
v 0.07207 0.05938 0.00400
v 0.06785 0.03768 0.00400
v -0.01189 -0.13628 0.35441
v -0.00656 -0.12004 0.35250
v -0.01423 -0.13245 0.37599
v -0.01060 -0.11420 0.37204
v -0.02534 -0.11941 0.41831
v -0.01463 -0.09844 0.40594
v -0.02486 -0.10898 0.43352
v -0.01252 -0.08930 0.44432
v 0.01158 -0.09844 0.40594
v 0.00921 -0.09336 0.43762
v 0.02561 -0.10942 0.42897
v 0.02874 -0.11394 0.40730
v 0.03158 -0.12945 0.40866
v 0.02867 -0.12755 0.43148
v 0.01549 -0.14841 0.41074
v 0.00899 -0.14291 0.44680
v -0.01341 -0.14839 0.41304
v -0.01889 -0.14130 0.45201
v -0.02645 -0.12566 0.43606
v -0.02534 -0.11941 0.41831
v -0.01423 -0.13245 0.37599
v -0.00225 -0.14625 0.37821
v -0.01189 -0.13628 0.35441
v 0.00194 -0.14914 0.35773
v 0.01768 -0.14546 0.37757
v 0.01988 -0.14755 0.35875
v 0.02678 -0.13157 0.37550
v 0.02875 -0.13214 0.35671
v 0.02537 -0.12382 0.37482
v 0.01813 -0.11652 0.35331
v 0.01270 -0.11244 0.37245
v 0.01075 -0.03787 0.64421
v 0.03055 -0.02343 0.62851
v 0.03558 -0.02455 0.62780
v 0.03511 -0.02442 0.62588
v 0.03407 -0.02714 0.62396
v 0.02995 -0.02606 0.60714
v 0.02638 -0.02309 0.60820
v 0.03026 -0.02316 0.60608
v 0.03000 -0.02309 0.60502
v 0.04444 -0.00828 0.60533
v 0.05274 -0.01273 0.62770
v -0.01189 0.13628 0.35441
v -0.00656 0.12004 0.35250
v -0.01423 0.13245 0.37599
v -0.01060 0.11420 0.37204
v -0.02534 0.11941 0.41831
v -0.01463 0.09844 0.40594
v -0.02486 0.10898 0.43352
v -0.01252 0.08930 0.44432
v 0.01158 0.09844 0.40594
v 0.00921 0.09336 0.43762
v 0.02561 0.10942 0.42897
v 0.02874 0.11394 0.40730
v 0.03158 0.12945 0.40866
v 0.02867 0.12755 0.43148
v 0.01549 0.14841 0.41074
v 0.00899 0.14291 0.44680
v -0.01341 0.14839 0.41304
v -0.01889 0.14130 0.45201
v -0.02645 0.12566 0.43606
v -0.02534 0.11941 0.41831
v -0.01423 0.13245 0.37599
v -0.00225 0.14625 0.37821
v -0.01189 0.13628 0.35441
v 0.00194 0.14914 0.35773
v 0.01768 0.14546 0.37757
v 0.01988 0.14755 0.35875
v 0.02678 0.13157 0.37550
v 0.02875 0.13214 0.35671
v 0.02537 0.12382 0.37482
v 0.01813 0.11652 0.35331
v 0.01270 0.11244 0.37245
v 0.00646 0.07553 0.52270
v 0.01395 0.08584 0.55277
v 0.01616 0.07739 0.55197
v 0.00059 0.08870 0.57283
v 0.00168 0.07754 0.58365
v -0.00531 0.08946 0.58053
v -0.01995 0.08007 0.58812
v -0.04264 0.08304 0.58729
v -0.03647 0.09215 0.57875
v -0.04128 0.09063 0.56975
v -0.05265 0.07987 0.57279
v -0.04869 0.08077 0.54866
v -0.05041 0.08307 0.54793
v -0.03970 0.07277 0.52567
v -0.03881 0.07710 0.52569
v -0.02957 0.07473 0.51929
v -0.03141 0.07347 0.51063
v 0.01070 0.07281 0.51324
v 0.02109 0.07146 0.55133
v 0.02798 0.06616 0.55307
v 0.01214 0.06764 0.59124
v -0.02004 0.07608 0.59402
v 0.01600 0.06600 0.59700
v -0.06668 0.08307 0.60000
v -0.04653 0.08003 0.59290
v -0.07050 0.07366 0.57707
v -0.06034 0.07355 0.57444
v -0.07728 0.05361 0.55677
v -0.07007 0.05528 0.55478
v -0.07391 0.05397 0.52372
v -0.05185 0.06628 0.51059
v -0.06014 0.07044 0.55279
v -0.05445 0.07633 0.55299
v -0.01889 -0.14130 0.45201
v -0.02645 -0.12566 0.43606
v -0.02746 -0.12813 0.44750
v -0.03286 -0.12315 0.43606
v -0.03604 -0.12196 0.45577
v -0.03272 -0.11148 0.43428
v -0.02534 -0.11941 0.41831
v -0.05185 0.06628 0.51059
v -0.04834 0.06681 0.52180
v -0.03744 0.06731 0.49317
v -0.04453 0.07081 0.52448
v -0.03546 0.07047 0.49839
v 0.02191 0.06887 0.49312
v 0.03225 0.06596 0.55387
v 0.02508 0.06446 0.50311
v 0.01576 0.07026 0.50265
v -0.01889 0.14130 0.45201
v -0.02645 0.12566 0.43606
v -0.02746 0.12813 0.44750
v -0.03286 0.12315 0.43606
v -0.03604 0.12196 0.45577
v -0.03272 0.11148 0.43428
v -0.02534 0.11941 0.41831
v 0.00397 0.13239 0.52065
v -0.00493 0.13391 0.54625
v 0.01610 0.11724 0.55559
v -0.00447 0.12938 0.56654
v -0.00672 0.09650 0.59622
v -0.01098 0.09703 0.59893
v -0.03694 0.09727 0.59571
v -0.03011 0.12727 0.56245
v -0.04009 0.09725 0.59218
v -0.05023 0.10663 0.54935
v -0.02381 0.13286 0.54332
v -0.02338 0.13006 0.51629
v 0.01214 -0.06764 0.59123
v 0.03225 -0.06596 0.55387
v 0.02798 -0.06616 0.55307
v 0.02508 -0.06446 0.50311
v 0.02109 -0.07146 0.55133
v 0.01576 -0.07026 0.50265
v 0.01070 -0.07281 0.51324
v -0.03141 -0.07348 0.51064
v -0.03546 -0.07047 0.49839
v 0.02191 -0.06887 0.49312
v -0.05265 -0.07987 0.57279
v -0.04869 -0.08077 0.54866
v -0.05445 -0.07633 0.55299
v -0.03970 -0.07277 0.52567
v -0.04453 -0.07081 0.52448
v -0.03744 -0.06731 0.49317
v 0.00398 0.02929 0.20353
v 0.01175 0.05394 0.21228
v 0.02060 0.03106 0.22270
v 0.02554 0.05301 0.22880
v 0.02521 0.03376 0.22032
v 0.02996 0.05301 0.22464
v 0.02521 0.07304 0.22032
v 0.02060 0.07459 0.22270
v 0.00398 0.08160 0.20353
v 0.00398 0.07038 0.20353
v -0.00292 -0.12466 0.34584
v -0.00436 -0.12262 0.35037
v -0.00549 -0.13527 0.34574
v -0.00851 -0.13504 0.35211
v 0.00120 -0.14642 0.35459
v 0.00228 -0.14698 0.34751
v 0.02135 -0.14430 0.35065
v 0.02211 -0.14487 0.35676
v 0.02303 -0.13238 0.35111
v 0.02663 -0.13218 0.35560
v 0.01499 -0.12017 0.35260
v 0.01749 -0.12236 0.35040
v -0.00292 -0.12466 0.34584
v -0.00436 -0.12262 0.35037
v 0.02253 -0.10250 0.47960
v 0.02085 -0.09721 0.48503
v -0.01291 -0.08691 0.46274
v 0.00096 -0.07559 0.50915
v -0.02957 -0.07479 0.50796
v -0.03920 -0.10021 0.48235
v -0.03611 -0.11266 0.47177
v -0.01228 -0.09455 0.45952
v -0.03024 -0.11135 0.46553
v -0.01971 -0.10602 0.44721
v 0.00367 -0.09884 0.46427
v 0.01899 -0.10671 0.47065
v 0.00646 -0.07553 0.52270
v 0.01395 -0.08584 0.55277
v 0.01616 -0.07739 0.55197
v 0.00059 -0.08870 0.57283
v 0.00168 -0.07754 0.58365
v -0.00531 -0.08946 0.58053
v -0.01995 -0.08007 0.58812
v -0.04264 -0.08304 0.58729
v -0.03647 -0.09215 0.57875
v -0.04128 -0.09063 0.56975
v -0.05041 -0.08307 0.54793
v -0.03881 -0.07710 0.52569
v -0.02957 -0.07473 0.51929
v -0.02004 -0.07608 0.59402
v 0.01600 -0.06600 0.59700
v -0.06668 -0.08307 0.60000
v -0.04653 -0.08003 0.59290
v -0.07050 -0.07366 0.57707
v -0.06034 -0.07355 0.57444
v -0.07728 -0.05361 0.55677
v -0.07007 -0.05528 0.55478
v -0.07391 -0.05397 0.52372
v -0.05185 -0.06628 0.51059
v -0.06014 -0.07044 0.55279
v -0.00493 -0.13391 0.54625
v -0.00447 -0.12938 0.56654
v -0.02381 -0.13286 0.54332
v -0.03011 -0.12727 0.56245
v 0.00398 -0.02929 0.20353
v 0.01175 -0.05394 0.21228
v 0.02060 -0.03106 0.22270
v 0.02554 -0.05301 0.22880
v 0.02521 -0.03376 0.22032
v 0.02996 -0.05301 0.22464
v 0.02521 -0.07304 0.22032
v 0.02060 -0.07459 0.22270
v 0.00398 -0.08160 0.20353
v 0.00398 -0.07038 0.20353
v -0.00292 0.12466 0.34584
v -0.00044 0.12168 0.34186
v 0.01749 0.12236 0.35040
v 0.02140 0.12001 0.34873
v 0.02303 0.13238 0.35111
v 0.02752 0.14352 0.34724
v 0.02135 0.14430 0.35065
v 0.00228 0.14698 0.34751
v -0.00460 0.14614 0.33806
v -0.00549 0.13527 0.34574
v -0.00044 0.12168 0.34186
v -0.00292 0.12466 0.34584
v -0.03920 -0.10021 0.48235
v -0.02957 -0.07479 0.50796
v -0.04346 -0.10070 0.48592
v -0.03881 -0.07710 0.52569
v -0.05041 -0.08307 0.54793
v -0.04944 -0.10261 0.54681
v -0.03920 0.10021 0.48235
v -0.02957 0.07479 0.50796
v -0.04346 0.10070 0.48592
v -0.03881 0.07710 0.52569
v -0.05041 0.08307 0.54793
v -0.04944 0.10261 0.54681
v -0.01971 0.10602 0.44721
v -0.03024 0.11135 0.46553
v -0.03611 0.11266 0.47177
v -0.03920 0.10021 0.48235
v -0.02957 0.07479 0.50796
v 0.00096 0.07559 0.50915
v 0.02085 0.09721 0.48503
v 0.02253 0.10250 0.47960
v -0.00292 0.12466 0.34584
v -0.00436 0.12262 0.35037
v -0.00549 0.13527 0.34574
v -0.00851 0.13504 0.35211
v 0.00120 0.14642 0.35459
v 0.00228 0.14698 0.34751
v 0.02135 0.14430 0.35065
v 0.02211 0.14487 0.35676
v 0.02303 0.13238 0.35111
v 0.02663 0.13218 0.35560
v 0.01499 0.12017 0.35260
v 0.01749 0.12236 0.35040
v -0.00292 0.12466 0.34584
v -0.00436 0.12262 0.35037
v 0.01075 0.03787 0.64421
v 0.01105 0.04600 0.63935
v -0.00815 0.03997 0.64443
v -0.00419 0.04700 0.63935
v -0.00419 0.04700 0.62402
v -0.00815 0.03997 0.61926
v -0.00997 0.03456 0.61900
v 0.01228 0.03787 0.61926
v 0.01199 0.04600 0.62402
v 0.00880 -0.07976 0.52866
v 0.02085 -0.09721 0.48503
v 0.00096 -0.07559 0.50915
v 0.01075 -0.03787 0.64421
v 0.01105 -0.04600 0.63935
v -0.00815 -0.03997 0.64443
v -0.00419 -0.04700 0.63935
v -0.00419 -0.04700 0.62402
v -0.00815 -0.03997 0.61926
v -0.00997 -0.03456 0.61900
v 0.01228 -0.03787 0.61926
v 0.01199 -0.04600 0.62402
v 0.02959 -0.10199 0.48591
v 0.02253 -0.10250 0.47960
v -0.08478 0.06637 0.61144
v -0.06633 0.07260 0.62905
v -0.08860 0.06960 0.59600
v -0.09121 0.06279 0.59600
v -0.08233 0.05263 0.61233
v -0.07890 0.06503 0.60928
v -0.08478 -0.06637 0.61144
v -0.06633 -0.07260 0.62905
v -0.08860 -0.06960 0.59600
v -0.09121 -0.06279 0.59600
v -0.08233 -0.05263 0.61233
v -0.07890 -0.06503 0.60928
v -0.02793 -0.02026 0.19000
v -0.04293 -0.01711 0.15200
v -0.07110 -0.03737 0.17500
v -0.07410 -0.03529 0.15100
v -0.08093 -0.05802 0.15100
v -0.07793 -0.05770 0.17500
v -0.07110 -0.07802 0.17500
v -0.07410 -0.08075 0.15100
v -0.04293 -0.09893 0.15200
v -0.02793 -0.09513 0.19000
v -0.02793 0.02026 0.19000
v -0.04293 0.01711 0.15200
v -0.07110 0.03737 0.17500
v -0.07410 0.03529 0.15100
v -0.08093 0.05802 0.15100
v -0.07793 0.05770 0.17500
v -0.07110 0.07802 0.17500
v -0.07410 0.08075 0.15100
v -0.04293 0.09893 0.15200
v -0.02793 0.09513 0.19000
v 0.00398 0.02929 0.20353
v 0.00398 0.03970 0.20353
v -0.02793 0.02026 0.19000
v -0.02693 0.02546 0.19151
v -0.06612 0.04815 0.18150
v -0.07110 0.03737 0.17500
v -0.07793 0.05770 0.17500
v -0.06612 0.06847 0.18150
v -0.07110 0.07802 0.17500
v -0.02793 0.09513 0.19000
v -0.02693 0.08683 0.19151
v 0.00398 0.07038 0.20353
v 0.00398 0.08160 0.20353
v 0.00398 -0.02929 0.20353
v 0.00398 -0.03970 0.20353
v -0.02793 -0.02026 0.19000
v -0.02793 -0.02546 0.19000
v -0.06612 -0.04815 0.18150
v -0.07110 -0.03737 0.17500
v -0.07793 -0.05770 0.17500
v -0.06612 -0.06847 0.18150
v -0.07110 -0.07802 0.17500
v -0.02793 -0.09513 0.19000
v -0.02693 -0.08683 0.19151
v 0.00398 -0.07038 0.20353
v 0.00398 -0.08160 0.20353
v 0.05772 0.02108 0.51150
v 0.05772 -0.02108 0.51150
v 0.06107 0.01940 0.50900
v 0.06107 -0.01940 0.50900
v -0.00292 -0.12466 0.34584
v -0.00044 -0.12168 0.34186
v -0.00549 -0.13527 0.34574
v -0.00460 -0.14614 0.33806
v 0.00228 -0.14698 0.34751
v 0.02752 -0.14352 0.34724
v 0.02135 -0.14430 0.35065
v 0.02303 -0.13238 0.35111
v 0.02140 -0.12001 0.34873
v 0.01749 -0.12236 0.35040
v -0.00044 -0.12168 0.34186
v -0.00292 -0.12466 0.34584
v 0.06731 0.01304 0.54639
v 0.06566 -0.01304 0.54639
v 0.05136 0.01304 0.56347
v 0.05136 -0.01304 0.56347
v 0.04181 -0.01385 0.57661
v 0.02700 -0.04800 0.58950
v 0.01600 -0.04600 0.59700
v 0.02327 -0.01292 0.57807
v 0.01130 -0.03600 0.59410
v -0.06724 -0.02781 0.60922
v -0.04066 -0.02949 0.60328
v -0.01407 -0.03117 0.61112
v 0.02213 -0.01199 0.59899
v 0.02327 0.01292 0.57807
v 0.02213 0.01199 0.59899
v 0.01130 0.03600 0.59410
v -0.01407 0.03117 0.61112
v -0.04066 0.02949 0.60328
v -0.04131 0.01718 0.62039
v -0.04829 0.00000 0.62039
v -0.05654 0.00000 0.60791
v -0.04131 -0.01718 0.62039
v -0.05993 0.05046 0.27603
v -0.05310 0.07307 0.27603
v -0.01293 0.09200 0.28300
v -0.02977 0.08445 0.23709
v -0.01943 0.08596 0.23755
v 0.00351 0.08208 0.24061
v 0.01386 0.08602 0.27950
v 0.00164 -0.11051 0.29078
v 0.02676 -0.10418 0.29518
v -0.00400 -0.13229 0.29735
v 0.03014 -0.12546 0.29972
v 0.03615 -0.13486 0.29913
v 0.03766 -0.12134 0.29046
v 0.03298 -0.10678 0.28618
v 0.03977 -0.10607 0.28749
v 0.04090 -0.12433 0.30181
v 0.04094 -0.13863 0.31901
v 0.03979 -0.12018 0.32717
v 0.02752 -0.14352 0.34724
v 0.03501 -0.11302 0.34170
v 0.02140 -0.12001 0.34873
v 0.03474 -0.09805 0.32641
v 0.03827 -0.10166 0.32088
v 0.04090 -0.12433 0.30181
v 0.03014 -0.12546 0.29972
v 0.02547 -0.12337 0.31218
v 0.02676 -0.10418 0.29518
v 0.01895 -0.10457 0.30321
v 0.00164 -0.11051 0.29078
v -0.00566 -0.12628 0.30620
v -0.00604 -0.14311 0.31009
v -0.00460 -0.14614 0.33806
v -0.00044 -0.12168 0.34186
v 0.03979 -0.12018 0.32717
v 0.02604 -0.11657 0.32346
v 0.02140 -0.12001 0.34873
v 0.03474 -0.09805 0.32641
v 0.03827 -0.10166 0.32088
v -0.00740 0.00859 0.35259
v -0.00839 0.00947 0.35544
v 0.04372 0.01842 0.36500
v 0.04399 0.01016 0.36230
v 0.05509 0.01412 0.38863
v 0.03883 0.05295 0.40447
v 0.03688 0.05103 0.41493
v 0.04721 0.04627 0.41490
v 0.02541 0.06241 0.42502
v 0.02033 0.06045 0.41947
v -0.00480 0.06162 0.42402
v 0.01898 0.06284 0.40837
v -0.00946 0.06448 0.41228
v 0.01800 0.06935 0.39755
v -0.01355 0.07241 0.40166
v 0.04096 0.05803 0.39344
v -0.04968 0.06045 0.37561
v -0.01763 0.07714 0.39800
v 0.01702 0.07460 0.39462
v 0.04309 0.06073 0.39124
v 0.04644 0.02057 0.36050
v -0.00543 0.00218 0.34744
v -0.04570 0.01805 0.35152
v -0.03767 0.02065 0.35723
v -0.05189 0.02325 0.36718
v -0.04776 0.01670 0.36190
v -0.05993 -0.05046 0.27603
v -0.05310 -0.07307 0.27603
v -0.01293 -0.09200 0.28300
v -0.02977 -0.08445 0.23709
v -0.01943 -0.08596 0.23755
v 0.00351 -0.08208 0.24061
v 0.01386 -0.08602 0.27950
v -0.05304 0.01148 0.68385
v -0.02487 0.02904 0.69277
v -0.04166 0.01147 0.69609
v -0.02544 0.02563 0.69819
v -0.02602 0.01146 0.70362
v 0.02530 0.02922 0.69581
v 0.02682 0.01159 0.70127
v 0.05321 0.01144 0.68868
v 0.05541 0.01166 0.68100
v 0.02527 0.03260 0.68655
v 0.00164 0.11051 0.29078
v 0.02676 0.10418 0.29518
v -0.00400 0.13229 0.29735
v 0.03014 0.12546 0.29972
v 0.03615 0.13486 0.29913
v 0.03766 0.12134 0.29046
v 0.03298 0.10678 0.28618
v 0.03977 0.10607 0.28749
v 0.04090 0.12433 0.30181
v 0.04094 0.13863 0.31901
v 0.03979 0.12018 0.32717
v 0.02752 0.14352 0.34724
v 0.03501 0.11302 0.34170
v 0.02140 0.12001 0.34873
v 0.03474 0.09805 0.32641
v 0.03827 0.10166 0.32088
v 0.04090 0.12433 0.30181
v 0.03014 0.12546 0.29972
v 0.02547 0.12337 0.31218
v 0.02676 0.10418 0.29518
v 0.01895 0.10457 0.30321
v 0.00164 0.11051 0.29078
v -0.00566 0.12628 0.30620
v -0.00604 0.14311 0.31009
v -0.00460 0.14614 0.33806
v -0.00044 0.12168 0.34186
v 0.03977 0.10607 0.28749
v 0.03474 0.10671 0.29539
v 0.03298 0.10678 0.28618
v 0.02497 -0.06189 0.48066
v 0.02191 -0.06887 0.49312
v 0.06606 -0.04353 0.51374
v 0.05514 -0.05554 0.52790
v 0.05154 -0.05250 0.55762
v 0.07802 -0.01781 0.52816
v 0.07141 -0.01682 0.54362
v 0.06480 -0.01682 0.55907
v 0.03800 -0.05000 0.58200
v 0.03829 -0.06754 0.55618
v 0.01600 -0.06600 0.59700
v 0.06480 -0.01682 0.55907
v 0.05464 -0.01682 0.56834
v 0.03800 -0.05000 0.58200
v 0.02700 -0.04800 0.58950
v 0.01600 -0.06600 0.59700
v 0.01600 -0.04600 0.59700
v -0.03281 -0.04356 0.61800
v -0.03281 -0.07260 0.61800
v -0.06126 -0.03212 0.40356
v -0.05912 -0.02510 0.37496
v -0.06687 -0.01853 0.40356
v -0.06473 -0.01448 0.37496
v -0.04776 -0.01670 0.36190
v -0.04776 -0.01670 0.36190
v -0.05189 -0.02325 0.36718
v -0.00839 -0.00947 0.35544
v -0.00740 -0.00859 0.35259
v -0.03767 -0.02065 0.35723
v -0.04570 -0.01805 0.35152
v -0.00543 -0.00218 0.34744
v 0.04372 -0.01842 0.36500
v 0.05509 -0.01412 0.38863
v 0.04399 -0.01016 0.36230
v -0.06205 0.01142 0.66478
v -0.04200 0.02448 0.65252
v -0.04601 0.03700 0.66579
v -0.01408 0.03598 0.65648
v -0.01212 0.04192 0.65710
v 0.03688 -0.05103 0.41493
v 0.04721 -0.04627 0.41490
v -0.00656 0.12004 0.35250
v -0.00436 0.12262 0.35037
v 0.01813 0.11652 0.35331
v 0.01499 0.12017 0.35260
v 0.02663 0.13218 0.35560
v 0.02875 0.13214 0.35671
v 0.01988 0.14755 0.35875
v 0.02211 0.14487 0.35676
v 0.00120 0.14642 0.35459
v 0.00194 0.14914 0.35773
v -0.01189 0.13628 0.35441
v -0.00851 0.13504 0.35211
v -0.00436 0.12262 0.35037
v -0.00656 0.12004 0.35250
v 0.01207 0.06811 0.23904
v 0.00351 0.08208 0.24061
v -0.02593 0.07992 0.22900
v -0.01943 0.08596 0.23755
v -0.02977 0.08445 0.23709
v -0.05148 0.06732 0.26806
v -0.05310 0.07307 0.27603
v -0.05993 0.05046 0.27603
v -0.05148 0.03525 0.26806
v -0.05310 0.02785 0.27603
v -0.03952 0.02218 0.23794
v -0.02593 0.02677 0.22900
v -0.01943 0.02218 0.23794
v 0.01184 0.03854 0.23979
v 0.01775 0.03527 0.24403
v 0.01787 0.06995 0.24366
v -0.01943 -0.08596 0.23755
v -0.02593 -0.07992 0.22900
v 0.00351 -0.08208 0.24061
v 0.01207 -0.06811 0.23904
v 0.01787 -0.06995 0.24366
v 0.01775 -0.03527 0.24403
v 0.01184 -0.03854 0.23979
v -0.01943 -0.02218 0.23794
v -0.02593 -0.02677 0.22900
v -0.03952 -0.02218 0.23794
v -0.05148 -0.03525 0.26806
v -0.05310 -0.02785 0.27603
v -0.05993 -0.05046 0.27603
v -0.05148 -0.06732 0.26806
v -0.05310 -0.07307 0.27603
v -0.02977 -0.08445 0.23709
v 0.01689 -0.11322 0.55304
v 0.01610 -0.11724 0.55559
v 0.00649 -0.10154 0.57318
v -0.00672 -0.09650 0.59622
v -0.00803 -0.09247 0.59503
v -0.01098 -0.09703 0.59893
v -0.03770 -0.09304 0.59140
v -0.03694 -0.09727 0.59571
v -0.04009 -0.09725 0.59218
v -0.04457 -0.09885 0.56747
v -0.05023 -0.10663 0.54935
v -0.04944 -0.10261 0.54681
v 0.03511 0.02442 0.62588
v 0.03407 0.02714 0.62396
v 0.03055 0.02343 0.62851
v 0.02995 0.02606 0.60714
v 0.02638 0.02309 0.60820
v 0.03026 0.02316 0.60608
v 0.03000 0.02309 0.60502
v 0.04512 0.00705 0.60283
v 0.04444 0.00828 0.60533
v 0.05274 0.01273 0.62770
v 0.03558 0.02455 0.62780
v 0.01075 0.03787 0.64421
v -0.01212 0.04192 0.65710
v -0.00516 0.04592 0.67375
v -0.00954 0.03908 0.68446
v 0.02527 0.03260 0.68655
v -0.02487 0.02904 0.69277
v -0.04003 0.03300 0.68261
v -0.05304 0.01148 0.68385
v -0.06205 0.01142 0.66478
v -0.04601 0.03700 0.66579
v -0.00656 -0.12004 0.35250
v -0.00436 -0.12262 0.35037
v 0.01813 -0.11652 0.35331
v 0.01499 -0.12017 0.35260
v 0.02663 -0.13218 0.35560
v 0.02875 -0.13214 0.35671
v 0.01988 -0.14755 0.35875
v 0.02211 -0.14487 0.35676
v 0.00120 -0.14642 0.35459
v 0.00194 -0.14914 0.35773
v -0.01189 -0.13628 0.35441
v -0.00851 -0.13504 0.35211
v -0.00436 -0.12262 0.35037
v -0.00656 -0.12004 0.35250
v 0.03979 0.12018 0.32717
v 0.02604 0.11657 0.32346
v 0.02140 0.12001 0.34873
v 0.03474 0.09805 0.32641
v 0.03827 0.10166 0.32088
v 0.01987 0.05264 0.44230
v -0.04656 0.05698 0.37857
v -0.05453 0.03925 0.36357
v -0.04898 0.04048 0.36815
v -0.04570 0.01805 0.35152
v -0.03767 0.02065 0.35723
v -0.08103 -0.00000 0.60922
v -0.06724 0.02781 0.60922
v 0.01600 0.04600 0.59700
v 0.04181 0.01385 0.57661
v 0.02700 0.04800 0.58950
v -0.05185 -0.06628 0.51059
v -0.04834 -0.06681 0.52180
v -0.04346 -0.10070 0.48592
v -0.03920 -0.10021 0.48235
v -0.04292 -0.11473 0.48601
v -0.03887 -0.11511 0.48234
v -0.02259 -0.12604 0.51375
v 0.00397 -0.13239 0.52065
v 0.01610 -0.11724 0.55559
v -0.00672 -0.09650 0.59622
v -0.01098 -0.09703 0.59893
v -0.03694 -0.09727 0.59571
v -0.04009 -0.09725 0.59218
v -0.05023 -0.10663 0.54935
v -0.02338 -0.13006 0.51629
v -0.03920 0.10021 0.48235
v -0.04346 0.10070 0.48592
v -0.04292 0.11473 0.48601
v -0.02259 0.12604 0.51375
v -0.03887 0.11511 0.48234
v 0.03977 -0.10607 0.28749
v 0.03474 -0.10671 0.29539
v 0.03298 -0.10678 0.28618
v 0.01207 0.06811 0.23904
v 0.00398 0.07038 0.20353
v -0.02693 0.08683 0.19151
v -0.06612 0.06847 0.18150
v -0.06612 0.04815 0.18150
v -0.02693 0.02546 0.19151
v 0.00398 0.03970 0.20353
v 0.01184 0.03854 0.23979
v -0.07292 0.06942 0.58671
v -0.06668 0.08307 0.60000
v -0.08187 0.07071 0.59144
v -0.08860 0.06960 0.59600
v -0.08813 0.06579 0.58970
v -0.10088 0.03493 0.55902
v -0.10394 0.03278 0.55900
v -0.09598 0.03490 0.51356
v -0.09800 0.03278 0.51000
v -0.08039 0.04194 0.51331
v -0.08000 0.04111 0.51000
v 0.01600 0.04600 0.59700
v -0.06724 0.02781 0.60922
v -0.03281 0.04356 0.61800
v 0.01600 -0.04600 0.59700
v -0.06724 -0.02781 0.60922
v -0.03281 -0.04356 0.61800
v 0.00807 0.07717 0.17300
v 0.00398 0.08160 0.20353
v -0.02793 0.09513 0.19000
v 0.00807 -0.03455 0.17300
v -0.02793 -0.02026 0.19000
v 0.00398 -0.02929 0.20353
v 0.00398 -0.03970 0.20353
v 0.00398 -0.02929 0.20353
v -0.02793 -0.09513 0.19000
v 0.00807 -0.07717 0.17300
v 0.00398 -0.08160 0.20353
v -0.02793 0.02026 0.19000
v 0.00398 0.02929 0.20353
v 0.00807 0.03455 0.17300
v 0.00398 0.03970 0.20353
v 0.00398 0.02929 0.20353
v 0.03829 -0.06754 0.55618
v 0.01214 -0.06764 0.59123
v 0.01600 -0.06600 0.59700
v -0.09800 -0.03278 0.51000
v -0.07300 -0.03278 0.49500
v -0.08000 -0.04111 0.51000
v 0.05118 -0.05554 0.52808
v 0.05154 -0.05250 0.55762
v 0.05514 -0.05554 0.52790
v 0.05118 -0.05554 0.52808
v 0.05154 -0.05250 0.55762
v 0.04662 -0.05250 0.55473
v 0.02508 -0.06446 0.50311
v 0.05514 -0.05554 0.52790
v 0.02191 -0.06887 0.49312
v 0.02508 -0.06446 0.50311
v 0.05514 -0.05554 0.52790
v 0.05118 -0.05554 0.52808
v 0.04662 -0.05250 0.55473
v 0.03829 -0.06754 0.55618
v 0.05154 -0.05250 0.55762
v 0.04662 -0.05250 0.55473
v 0.03829 -0.06754 0.55618
v 0.03225 -0.06596 0.55387
v 0.03225 -0.06596 0.55387
v 0.01214 -0.06764 0.59123
v 0.03829 -0.06754 0.55618
v -0.07292 -0.06942 0.58671
v -0.08409 -0.03683 0.56104
v -0.08586 -0.04111 0.55914
v -0.07292 -0.06942 0.58671
v -0.08409 -0.03683 0.56104
v -0.07144 -0.06590 0.58994
v -0.09598 -0.03490 0.51356
v -0.09907 -0.03050 0.56046
v -0.10088 -0.03493 0.55902
v -0.09598 -0.03490 0.51356
v -0.09907 -0.03050 0.56046
v -0.09395 -0.03033 0.51374
v -0.08586 -0.04111 0.55914
v -0.07833 -0.03739 0.51347
v -0.08039 -0.04194 0.51331
v -0.08586 -0.04111 0.55914
v -0.07833 -0.03739 0.51347
v -0.08409 -0.03683 0.56104
v -0.08039 -0.04194 0.51331
v -0.09395 -0.03033 0.51374
v -0.09598 -0.03490 0.51356
v -0.08039 -0.04194 0.51331
v -0.09395 -0.03033 0.51374
v -0.07833 -0.03739 0.51347
v -0.10088 -0.03493 0.55902
v -0.08666 -0.06225 0.59291
v -0.08813 -0.06579 0.58970
v -0.10088 -0.03493 0.55902
v -0.08666 -0.06225 0.59291
v -0.09907 -0.03050 0.56046
v -0.08187 -0.07071 0.59144
v -0.07144 -0.06590 0.58994
v -0.07292 -0.06942 0.58671
v -0.08187 -0.07071 0.59144
v -0.07144 -0.06590 0.58994
v -0.08042 -0.06757 0.59505
v -0.08813 -0.06579 0.58970
v -0.08042 -0.06757 0.59505
v -0.08187 -0.07071 0.59144
v -0.08813 -0.06579 0.58970
v -0.08042 -0.06757 0.59505
v -0.08666 -0.06225 0.59291
v -0.10331 -0.03116 0.59600
v -0.08604 -0.04005 0.61530
v -0.09229 -0.04082 0.61825
v -0.07890 -0.06503 0.60928
v -0.08814 -0.05594 0.61423
v -0.08478 -0.06637 0.61144
v -0.07890 -0.06503 0.60928
v -0.08814 -0.05594 0.61423
v -0.08233 -0.05263 0.61233
v -0.08478 -0.06637 0.61144
v -0.09121 -0.06279 0.59600
v -0.07890 -0.06503 0.60928
v -0.09662 -0.04870 0.59600
v -0.08925 -0.05135 0.61566
v -0.08344 -0.04851 0.61323
v -0.08344 -0.04851 0.61323
v -0.09229 -0.04082 0.61825
v -0.08925 -0.05135 0.61566
v -0.08344 -0.04851 0.61323
v -0.09229 -0.04082 0.61825
v -0.08604 -0.04005 0.61530
v -0.08233 -0.05263 0.61233
v -0.09662 -0.04870 0.59600
v -0.08814 -0.05594 0.61423
v 0.01600 0.06600 0.59700
v 0.03829 0.06754 0.55618
v 0.01214 0.06764 0.59124
v -0.07300 0.03278 0.49500
v -0.08000 0.04111 0.51000
v -0.09800 0.03278 0.51000
v 0.05514 0.05554 0.52790
v 0.05118 0.05554 0.52808
v 0.05154 0.05250 0.55762
v 0.05154 0.05250 0.55762
v 0.04662 0.05250 0.55473
v 0.05118 0.05554 0.52808
v 0.02191 0.06887 0.49312
v 0.02508 0.06446 0.50311
v 0.05514 0.05554 0.52790
v 0.05514 0.05554 0.52790
v 0.05118 0.05554 0.52808
v 0.02508 0.06446 0.50311
v 0.05154 0.05250 0.55762
v 0.04662 0.05250 0.55473
v 0.03829 0.06754 0.55618
v 0.03829 0.06754 0.55618
v 0.03225 0.06596 0.55387
v 0.04662 0.05250 0.55473
v 0.03829 0.06754 0.55618
v 0.03225 0.06596 0.55387
v 0.01214 0.06764 0.59124
v -0.08409 0.03683 0.56104
v -0.08586 0.04111 0.55914
v -0.07292 0.06942 0.58671
v -0.07144 0.06590 0.58994
v -0.07292 0.06942 0.58671
v -0.08409 0.03683 0.56104
v -0.09907 0.03050 0.56046
v -0.10088 0.03493 0.55902
v -0.09598 0.03490 0.51356
v -0.09395 0.03033 0.51374
v -0.09598 0.03490 0.51356
v -0.09907 0.03050 0.56046
v -0.07833 0.03739 0.51347
v -0.08039 0.04194 0.51331
v -0.08586 0.04111 0.55914
v -0.08409 0.03683 0.56104
v -0.08586 0.04111 0.55914
v -0.07833 0.03739 0.51347
v -0.09395 0.03033 0.51374
v -0.09598 0.03490 0.51356
v -0.08039 0.04194 0.51331
v -0.07833 0.03739 0.51347
v -0.08039 0.04194 0.51331
v -0.09395 0.03033 0.51374
v -0.08666 0.06225 0.59291
v -0.08813 0.06579 0.58970
v -0.10088 0.03493 0.55902
v -0.09907 0.03050 0.56046
v -0.10088 0.03493 0.55902
v -0.08666 0.06225 0.59291
v -0.07144 0.06590 0.58994
v -0.07292 0.06942 0.58671
v -0.08187 0.07071 0.59144
v -0.08042 0.06757 0.59505
v -0.08187 0.07071 0.59144
v -0.07144 0.06590 0.58994
v -0.08042 0.06757 0.59505
v -0.08187 0.07071 0.59144
v -0.08813 0.06579 0.58970
v -0.08666 0.06225 0.59291
v -0.08813 0.06579 0.58970
v -0.08042 0.06757 0.59505
v -0.08604 0.04005 0.61530
v -0.09229 0.04082 0.61825
v -0.10331 0.03116 0.59600
v -0.08478 0.06637 0.61144
v -0.07890 0.06503 0.60928
v -0.08814 0.05594 0.61423
v -0.08814 0.05594 0.61423
v -0.08233 0.05263 0.61233
v -0.07890 0.06503 0.60928
v -0.07890 0.06503 0.60928
v -0.08478 0.06637 0.61144
v -0.09121 0.06279 0.59600
v -0.08925 0.05135 0.61566
v -0.08344 0.04851 0.61323
v -0.09662 0.04870 0.59600
v -0.08925 0.05135 0.61566
v -0.08344 0.04851 0.61323
v -0.09229 0.04082 0.61825
v -0.09229 0.04082 0.61825
v -0.08604 0.04005 0.61530
v -0.08344 0.04851 0.61323
v -0.08814 0.05594 0.61423
v -0.08233 0.05263 0.61233
v -0.09662 0.04870 0.59600
v 0.07955 -0.01151 0.67548
v 0.05541 -0.01166 0.68100
v 0.04063 -0.01147 0.67286
v 0.04550 -0.01830 0.63641
v 0.05243 -0.00000 0.63504
v 0.02568 -0.03123 0.64496
v 0.02213 0.01199 0.59899
v 0.02213 -0.01199 0.59899
v 0.02638 0.02309 0.60820
v 0.03000 0.02309 0.60502
v 0.02638 -0.02309 0.60820
v 0.02638 0.02309 0.60820
v 0.02638 -0.02309 0.60820
v 0.03000 -0.02309 0.60502
v 0.03000 0.02309 0.60502
v 0.04512 -0.00705 0.60283
v 0.04512 0.00705 0.60283
v 0.04063 0.01147 0.67286
v 0.07955 0.01151 0.67548
v 0.05541 0.01166 0.68100
v 0.05243 -0.00000 0.63504
v 0.02568 0.03123 0.64496
v 0.04550 0.01830 0.63641
v -0.00566 0.12609 0.54065
v -0.00493 0.13391 0.54625
v 0.00397 0.13239 0.52065
v -0.02259 0.12604 0.51375
v -0.01940 0.12570 0.53887
v -0.02338 0.13006 0.51629
v 0.00397 0.13239 0.52065
v 0.00476 0.12836 0.51811
v -0.00566 0.12609 0.54065
v -0.02338 0.13006 0.51629
v -0.01940 0.12570 0.53887
v -0.02381 0.13286 0.54332
v -0.00803 0.09247 0.59503
v -0.03770 0.09304 0.59140
v -0.03446 0.09560 0.58138
v -0.03446 0.09560 0.58138
v -0.04457 0.09885 0.56747
v -0.03770 0.09304 0.59140
v -0.00803 0.09247 0.59503
v -0.00998 0.09455 0.58429
v 0.00649 0.10154 0.57318
v -0.03446 0.09560 0.58138
v -0.00803 0.09247 0.59503
v -0.02218 0.09556 0.58284
v -0.00998 0.09455 0.58429
v 0.00665 0.09058 0.57232
v -0.04472 0.09297 0.56756
v -0.03446 0.09560 0.58138
v -0.03887 0.11511 0.48234
v -0.03611 0.11266 0.47177
v -0.03887 0.11511 0.48234
v -0.03920 0.10021 0.48235
v -0.03611 0.11266 0.47177
v 0.02253 0.10250 0.47960
v 0.02959 0.10199 0.48591
v -0.02218 0.09556 0.58284
v -0.00803 0.09247 0.59503
v -0.00998 0.09455 0.58429
v -0.02957 0.07479 0.50796
v 0.00880 0.07976 0.52866
v -0.03881 0.07710 0.52569
v 0.00096 0.07559 0.50915
v -0.02957 0.07479 0.50796
v 0.00880 0.07976 0.52866
v -0.02957 0.07473 0.51929
v 0.00880 0.07976 0.52866
v 0.00646 0.07553 0.52270
v -0.03881 0.07710 0.52569
v -0.02957 0.07473 0.51929
v 0.00880 0.07976 0.52866
v 0.00397 -0.13239 0.52065
v -0.00493 -0.13391 0.54625
v -0.00566 -0.12609 0.54065
v -0.02259 -0.12604 0.51375
v -0.02338 -0.13006 0.51629
v -0.01940 -0.12570 0.53887
v -0.00566 -0.12609 0.54065
v 0.00476 -0.12836 0.51811
v 0.00397 -0.13239 0.52065
v -0.02338 -0.13006 0.51629
v -0.02381 -0.13286 0.54332
v -0.01940 -0.12570 0.53887
v -0.03446 -0.09560 0.58138
v -0.03770 -0.09304 0.59140
v -0.00803 -0.09247 0.59503
v -0.03446 -0.09560 0.58138
v -0.03770 -0.09304 0.59140
v -0.04457 -0.09885 0.56747
v 0.00649 -0.10154 0.57318
v -0.00998 -0.09455 0.58429
v -0.00803 -0.09247 0.59503
v -0.03446 -0.09560 0.58138
v -0.02218 -0.09556 0.58284
v -0.00803 -0.09247 0.59503
v 0.00665 -0.09058 0.57232
v -0.00998 -0.09455 0.58429
v -0.02486 -0.10898 0.43352
v -0.02534 -0.11941 0.41831
v 0.00157 -0.07809 0.09539
v -0.04293 -0.09893 0.15200
v -0.07410 -0.08075 0.15100
v -0.08093 -0.05802 0.15100
v -0.07410 -0.03529 0.15100
v -0.04293 -0.01711 0.15200
v 0.00157 -0.04178 0.09539
v -0.03887 -0.11511 0.48234
v -0.03611 -0.11266 0.47177
v -0.03920 -0.10021 0.48235
v 0.02253 -0.10250 0.47960
v 0.02107 -0.12049 0.48036
v 0.02212 -0.12247 0.48475
v -0.02218 -0.09556 0.58284
v -0.00998 -0.09455 0.58429
v -0.00803 -0.09247 0.59503
v -0.03881 -0.07710 0.52569
v 0.00880 -0.07976 0.52866
v -0.02957 -0.07479 0.50796
v 0.00096 -0.07559 0.50915
v 0.00880 -0.07976 0.52866
v -0.02957 -0.07479 0.50796
v 0.00646 -0.07553 0.52270
v 0.00880 -0.07976 0.52866
v -0.02957 -0.07473 0.51929
v -0.03881 -0.07710 0.52569
v 0.00880 -0.07976 0.52866
v -0.02957 -0.07473 0.51929
v 0.02531 0.02995 0.63690
v 0.02501 0.03256 0.64626
v 0.01447 0.03546 0.64647
v 0.01271 0.03807 0.65583
v 0.00132 0.04018 0.65595
v -0.00072 0.04047 0.66486
v 0.01039 0.03835 0.66471
v -0.00265 0.03938 0.67324
v 0.00761 0.03801 0.67331
v 0.02093 0.03471 0.66447
v 0.01735 0.03402 0.67354
v 0.03039 0.02976 0.66452
v 0.02610 0.02845 0.67369
v 0.03829 0.02421 0.66440
v 0.03340 0.02253 0.67377
v 0.04424 0.01685 0.66447
v 0.03889 0.01557 0.67389
v 0.04793 0.00864 0.66445
v 0.04230 0.00798 0.67389
v 0.04918 0.00000 0.66445
v 0.04346 0.00000 0.67389
v 0.04230 -0.00798 0.67389
v 0.04793 -0.00864 0.66445
v 0.03889 -0.01557 0.67389
v 0.04424 -0.01685 0.66447
v 0.03340 -0.02253 0.67377
v 0.03829 -0.02421 0.66440
v 0.02610 -0.02845 0.67369
v 0.03039 -0.02976 0.66452
v 0.01735 -0.03402 0.67354
v 0.02093 -0.03471 0.66447
v 0.00761 -0.03801 0.67331
v 0.01039 -0.03835 0.66471
v -0.00265 -0.03938 0.67324
v -0.00072 -0.04047 0.66486
v 0.01271 -0.03807 0.65583
v 0.00132 -0.04018 0.65595
v 0.01447 -0.03546 0.64647
v 0.02501 -0.03256 0.64626
v 0.02531 -0.02995 0.63690
v 0.03405 -0.02676 0.63623
v 0.03447 -0.02812 0.64548
v 0.04135 -0.02193 0.63534
v 0.04237 -0.02319 0.64464
v 0.04685 -0.01557 0.63449
v 0.04832 -0.01681 0.64391
v 0.05026 -0.00798 0.63409
v 0.05201 -0.00864 0.64359
v 0.05141 0.00000 0.63409
v 0.05326 0.00000 0.64359
v 0.05201 0.00864 0.64359
v 0.05026 0.00798 0.63409
v 0.04832 0.01681 0.64391
v 0.04685 0.01557 0.63449
v 0.04237 0.02319 0.64464
v 0.04135 0.02193 0.63534
v 0.03447 0.02812 0.64548
v 0.03405 0.02676 0.63623
v 0.02353 0.03419 0.65535
v 0.03323 0.02991 0.65494
v 0.04134 0.02421 0.65452
v 0.04744 0.01728 0.65416
v 0.05122 0.00886 0.65402
v 0.05250 0.00000 0.65402
v 0.05122 -0.00886 0.65402
v 0.04744 -0.01728 0.65416
v 0.04134 -0.02421 0.65452
v 0.03323 -0.02991 0.65494
v 0.02353 -0.03419 0.65535
vt 0.878079 0.032716
vt 0.878079 0.001526
vt 0.937956 0.032716
vt 0.937956 0.001526
vt 0.877957 0.032563
vt 0.938078 0.032563
vt 0.877957 0.001679
vt 0.938078 0.001679
vt 0.878323 0.033479
vt 0.937956 0.033479
vt 0.878323 0.001373
vt 0.937956 0.001373
vt 0.878323 0.033479
vt 0.937956 0.033479
vt 0.878323 0.001373
vt 0.937956 0.001373
vt 0.878323 0.033479
vt 0.937956 0.033479
vt 0.878323 0.001373
vt 0.937956 0.001373
vt 0.878323 0.033479
vt 0.878323 0.001373
vt 0.937956 0.033479
vt 0.937956 0.001373
vt 0.878323 0.033479
vt 0.878323 0.001373
vt 0.937956 0.033479
vt 0.937956 0.001373
vt 0.878323 0.033479
vt 0.878323 0.001373
vt 0.937956 0.033479
vt 0.937956 0.001373
vt 0.878323 0.033479
vt 0.937956 0.033479
vt 0.878323 0.001373
vt 0.937956 0.001373
vt 0.878323 0.033479
vt 0.937956 0.033479
vt 0.878323 0.001373
vt 0.937956 0.001373
vt 0.878323 0.033479
vt 0.937956 0.033479
vt 0.878323 0.001373
vt 0.937956 0.001373
vt 0.878323 0.033479
vt 0.878323 0.001373
vt 0.938200 0.033479
vt 0.938200 0.001373
vt 0.878323 0.033479
vt 0.878323 0.001373
vt 0.938200 0.033479
vt 0.938200 0.001373
vt 0.878323 0.032868
vt 0.938871 0.032868
vt 0.878323 0.001373
vt 0.938871 0.001373
vt 0.878323 0.032868
vt 0.938871 0.032868
vt 0.878323 0.001373
vt 0.938871 0.001373
vt 0.990112 0.122105
vt 0.877987 0.122105
vt 0.990112 0.065737
vt 0.877987 0.065737
vt 0.815821 0.406873
vt 0.920560 0.406873
vt 0.815821 0.446089
vt 0.920560 0.446089
vt 0.419324 0.085574
vt 0.400800 0.066927
vt 0.468520 0.069430
vt 0.458480 0.038087
vt 0.514939 0.075716
vt 0.496139 0.038087
vt 0.515152 0.038087
vt 0.972503 0.924986
vt 0.891171 0.855831
vt 0.889828 0.906186
vt 0.829188 0.855831
vt 0.830531 0.906186
vt 0.748100 0.924986
vt 0.824183 0.208716
vt 0.824335 0.269387
vt 0.868587 0.219672
vt 0.912870 0.269387
vt 0.913022 0.208716
vt 0.414594 0.028047
vt 0.344035 0.048097
vt 0.333048 0.028047
vt 0.300668 0.497330
vt 0.300607 0.466811
vt 0.355876 0.505051
vt 0.406201 0.485977
vt 0.410352 0.532762
vt 0.289712 0.127659
vt 0.330454 0.127659
vt 0.290262 0.101779
vt 0.330424 0.101779
vt 0.297464 0.913999
vt 0.328227 0.844935
vt 0.246010 0.864986
vt 0.264901 0.823206
vt 0.341502 0.942351
vt 0.379315 0.942320
vt 0.386364 0.844874
vt 0.379315 0.942320
vt 0.341502 0.942351
vt 0.378216 0.957396
vt 0.344279 0.957396
vt 0.383496 0.981353
vt 0.334178 0.981353
vt 0.078249 0.822169
vt 0.007080 0.845424
vt 0.095859 0.865230
vt 0.044527 0.914182
vt 0.055727 0.526475
vt 0.077944 0.526475
vt 0.065432 0.566088
vt 0.082827 0.566088
vt 0.077059 0.584155
vt 0.453597 0.485977
vt 0.406201 0.485977
vt 0.449446 0.532762
vt 0.410352 0.532762
vt 0.443953 0.569201
vt 0.415815 0.569201
vt 0.355907 0.505081
vt 0.300607 0.466811
vt 0.300668 0.497330
vt 0.382305 0.776055
vt 0.377789 0.830042
vt 0.357982 0.772240
vt 0.337077 0.830775
vt 0.334910 0.776238
vt 0.042879 0.813227
vt 0.043153 0.754845
vt 0.031404 0.800623
vt 0.018006 0.755058
vt 0.018159 0.813349
vt 0.515152 0.038087
vt 0.496139 0.038087
vt 0.514939 0.075716
vt 0.458480 0.038087
vt 0.468520 0.069430
vt 0.400800 0.066927
vt 0.419324 0.085574
vt 0.414594 0.028047
vt 0.344035 0.048097
vt 0.333048 0.028047
vt 0.289712 0.127659
vt 0.290262 0.101779
vt 0.330454 0.127659
vt 0.330424 0.101779
vt 0.044527 0.914182
vt 0.007080 0.845424
vt 0.095859 0.866146
vt 0.078249 0.822169
vt 0.386364 0.844874
vt 0.379315 0.942320
vt 0.328227 0.844935
vt 0.341502 0.942351
vt 0.264901 0.823206
vt 0.246010 0.865871
vt 0.297464 0.913999
vt 0.331065 0.839961
vt 0.337077 0.830775
vt 0.321055 0.799615
vt 0.334910 0.776238
vt 0.333018 0.771783
vt 0.334178 0.981353
vt 0.383496 0.981353
vt 0.344279 0.957396
vt 0.378216 0.957396
vt 0.341502 0.942351
vt 0.379315 0.942320
vt 0.018159 0.813349
vt 0.018006 0.755058
vt 0.031404 0.800623
vt 0.043153 0.754845
vt 0.042879 0.813227
vt 0.333018 0.771783
vt 0.334910 0.776238
vt 0.321055 0.799615
vt 0.337077 0.830775
vt 0.331065 0.839961
vt 0.382305 0.776055
vt 0.377789 0.830042
vt 0.357982 0.772240
vt 0.337077 0.830775
vt 0.334910 0.776238
vt 0.929807 0.537217
vt 0.929807 0.559587
vt 0.976196 0.560991
vt 0.976196 0.583331
vt 0.645924 0.614673
vt 0.614368 0.580096
vt 0.592120 0.633595
vt 0.591998 0.580096
vt 0.531999 0.652150
vt 0.976196 0.616901
vt 0.929807 0.616901
vt 0.976196 0.583331
vt 0.929807 0.559587
vt 0.972625 0.852870
vt 0.946532 0.824244
vt 0.966613 0.773247
vt 0.946562 0.784845
vt 0.929807 0.537217
vt 0.929807 0.559587
vt 0.976196 0.560991
vt 0.976196 0.583331
vt 0.645924 0.614673
vt 0.614368 0.580096
vt 0.592120 0.633595
vt 0.591998 0.580096
vt 0.531999 0.652150
vt 0.976196 0.616901
vt 0.929807 0.616901
vt 0.976196 0.583331
vt 0.929807 0.559587
vt 0.972625 0.852870
vt 0.946532 0.824244
vt 0.966613 0.773247
vt 0.946562 0.784845
vt 0.589587 0.272164
vt 0.559008 0.272317
vt 0.549547 0.246315
vt 0.549211 0.315622
vt 0.586261 0.281075
vt 0.586261 0.308969
vt 0.561846 0.281075
vt 0.561846 0.308969
vt 0.427045 0.167791
vt 0.427045 0.112674
vt 0.397931 0.184881
vt 0.395032 0.093753
vt 0.669118 0.214942
vt 0.669576 0.186041
vt 0.691000 0.214942
vt 0.712973 0.186041
vt 0.559404 0.241707
vt 0.563952 0.210425
vt 0.580309 0.240547
vt 0.584033 0.214484
vt 0.625874 0.272195
vt 0.625874 0.272195
vt 0.669027 0.291757
vt 0.625874 0.272195
vt 0.669118 0.214942
vt 0.669576 0.186041
vt 0.548387 0.377850
vt 0.507187 0.377392
vt 0.542131 0.348033
vt 0.455611 0.340892
vt 0.461104 0.320780
vt 0.401593 0.318125
vt 0.589587 0.272225
vt 0.559008 0.272317
vt 0.549547 0.246315
vt 0.549211 0.315622
vt 0.586261 0.281075
vt 0.586261 0.308969
vt 0.561846 0.281075
vt 0.561846 0.308969
vt 0.427045 0.167791
vt 0.427045 0.112674
vt 0.397931 0.184881
vt 0.395032 0.093753
vt 0.559404 0.241707
vt 0.563952 0.210425
vt 0.580309 0.240547
vt 0.584033 0.214484
vt 0.191839 0.041810
vt 0.254738 0.086612
vt 0.170782 0.042360
vt 0.199713 0.086612
vt 0.211035 0.205969
vt 0.200934 0.210700
vt 0.149358 0.141789
vt 0.273049 0.116306
vt 0.256081 0.207709
vt 0.288797 0.141789
vt 0.007538 0.086612
vt 0.053224 0.045900
vt 0.036561 0.086612
vt 0.065676 0.044557
vt 0.134190 0.107150
vt 0.109714 0.107150
vt 0.135624 0.102084
vt 0.107150 0.102084
vt 0.151250 0.143925
vt 0.149358 0.141789
vt 0.204199 0.087405
vt 0.199713 0.086612
vt 0.031465 0.086917
vt 0.036561 0.086612
vt 0.089724 0.145116
vt 0.093051 0.141789
vt 0.336650 0.269173
vt 0.359386 0.269051
vt 0.361583 0.284555
vt 0.361583 0.284555
vt 0.365307 0.308969
vt 0.548387 0.377850
vt 0.507187 0.377392
vt 0.542131 0.348033
vt 0.455611 0.340892
vt 0.461104 0.320780
vt 0.401593 0.318125
vt 0.381909 0.250221
vt 0.358348 0.240364
vt 0.359264 0.259713
vt 0.334788 0.247780
vt 0.299295 0.250954
vt 0.298105 0.281655
vt 0.255501 0.295419
vt 0.263039 0.255898
vt 0.226783 0.260811
vt 0.199713 0.295846
vt 0.141118 0.274697
vt 0.135563 0.263375
vt 0.085574 0.269814
vt 0.086703 0.260537
vt 0.070711 0.264901
vt 0.071810 0.251320
vt 0.055849 0.260018
vt 0.385113 0.262490
vt 0.372539 0.263009
vt 0.191839 0.041810
vt 0.170782 0.042360
vt 0.254738 0.086612
vt 0.199713 0.086612
vt 0.211035 0.205969
vt 0.200934 0.210700
vt 0.149358 0.141789
vt 0.026124 0.250221
vt 0.056917 0.242134
vt 0.026063 0.233009
vt 0.026276 0.218268
vt 0.087802 0.251259
vt 0.026460 0.203497
vt 0.038209 0.209204
vt 0.092380 0.235481
vt 0.130039 0.252083
vt 0.149785 0.236183
vt 0.218482 0.242470
vt 0.198279 0.226997
vt 0.210150 0.224738
vt 0.244270 0.224097
vt 0.335246 0.241035
vt 0.271767 0.237190
vt 0.253639 0.239662
vt 0.335704 0.234260
vt 0.007538 0.086612
vt 0.053224 0.045900
vt 0.036653 0.086612
vt 0.065676 0.044557
vt 0.134190 0.107150
vt 0.109714 0.107150
vt 0.135624 0.102084
vt 0.107150 0.102084
vt 0.151250 0.143925
vt 0.149358 0.141789
vt 0.204199 0.087405
vt 0.199713 0.086612
vt 0.031465 0.086917
vt 0.036561 0.086612
vt 0.089724 0.145116
vt 0.093051 0.141789
vt 0.048372 0.045900
vt 0.093448 0.004273
vt 0.385113 0.262490
vt 0.372539 0.263009
vt 0.361583 0.284555
vt 0.359386 0.269051
vt 0.557024 0.878323
vt 0.557817 0.886715
vt 0.643452 0.902554
vt 0.649495 0.913419
vt 0.747978 0.901089
vt 0.748039 0.913053
vt 0.790643 0.842524
vt 0.809900 0.849178
vt 0.835963 0.827815
vt 0.831721 0.819483
vt 0.884396 0.827815
vt 0.888638 0.819483
vt 0.929716 0.842524
vt 0.655538 0.924314
vt 0.748100 0.924986
vt 0.972503 0.938078
vt 0.972625 0.955321
vt 0.899747 0.921842
vt 0.898404 0.974975
vt 0.860164 0.921842
vt 0.860164 0.975036
vt 0.821925 0.975097
vt 0.820612 0.921842
vt 0.748070 0.962462
vt 0.747948 0.945250
vt 0.672018 0.962432
vt 0.672353 0.939940
vt 0.655538 0.951750
vt 0.830531 0.906186
vt 0.889828 0.906186
vt 0.972503 0.924986
vt 0.972655 0.973846
vt 0.887509 0.993439
vt 0.832850 0.993439
vt 0.748131 0.973846
vt 0.655690 0.973663
vt 0.603351 0.973815
vt 0.581530 0.951262
vt 0.558611 0.895138
vt 0.031465 0.086917
vt 0.036561 0.086612
vt 0.060518 0.048921
vt 0.093539 0.011383
vt 0.094150 0.004913
vt 0.099734 0.009003
vt 0.139988 0.009003
vt 0.144627 0.004975
vt 0.145268 0.010590
vt 0.175634 0.047853
vt 0.199713 0.086612
vt 0.204199 0.087405
vt 0.784875 0.724235
vt 0.828303 0.763573
vt 0.832148 0.759270
vt 0.829249 0.776238
vt 0.837825 0.791833
vt 0.832209 0.797540
vt 0.885708 0.792016
vt 0.890072 0.797540
vt 0.894223 0.775445
vt 0.891964 0.759545
vt 0.895413 0.762139
vt 0.935270 0.725883
vt 0.043153 0.754845
vt 0.042879 0.813227
vt 0.107730 0.771813
vt 0.102908 0.827723
vt 0.153630 0.782281
vt 0.155797 0.841853
vt 0.189489 0.782586
vt 0.183203 0.841670
vt 0.240547 0.826624
vt 0.238502 0.772881
vt 0.309976 0.812708
vt 0.312998 0.753899
vt 0.281045 0.981353
vt 0.276864 0.957396
vt 0.221564 0.995148
vt 0.222083 0.963591
vt 0.197455 0.989685
vt 0.197058 0.976653
vt 0.153020 0.989685
vt 0.154729 0.976653
vt 0.124363 0.963591
vt 0.124363 0.995148
vt 0.071871 0.957305
vt 0.067507 0.981231
vt 0.196539 0.711692
vt 0.151341 0.711600
vt 0.557024 0.878323
vt 0.557817 0.886715
vt 0.643452 0.902554
vt 0.649495 0.913419
vt 0.747978 0.901089
vt 0.748039 0.913053
vt 0.790643 0.842524
vt 0.809900 0.849178
vt 0.835963 0.827815
vt 0.832575 0.841823
vt 0.748100 0.924986
vt 0.829188 0.855831
vt 0.655538 0.924314
vt 0.558611 0.895138
vt 0.281045 0.981353
vt 0.276864 0.957396
vt 0.221564 0.995148
vt 0.222083 0.963591
vt 0.197455 0.989685
vt 0.197058 0.976653
vt 0.153020 0.989685
vt 0.154729 0.976653
vt 0.124363 0.963591
vt 0.124363 0.995148
vt 0.071871 0.957305
vt 0.067507 0.981231
vt 0.581530 0.951262
vt 0.655538 0.951750
vt 0.672353 0.939940
vt 0.747948 0.945250
vt 0.672018 0.962432
vt 0.748070 0.962462
vt 0.748131 0.973846
vt 0.655690 0.973663
vt 0.603351 0.973815
vt 0.333048 0.007965
vt 0.333048 0.028047
vt 0.414594 0.002960
vt 0.414594 0.028047
vt 0.442183 0.013001
vt 0.458480 0.038087
vt 0.458480 0.002960
vt 0.496139 0.038087
vt 0.496139 0.002960
vt 0.514939 0.002960
vt 0.515152 0.038087
vt 0.672231 0.099429
vt 0.672231 0.140721
vt 0.625324 0.099826
vt 0.625080 0.140782
vt 0.529496 0.140660
vt 0.529771 0.099521
vt 0.494430 0.140538
vt 0.494430 0.099612
vt 0.459090 0.140416
vt 0.459090 0.099704
vt 0.712973 0.186041
vt 0.712516 0.166997
vt 0.669576 0.185919
vt 0.669485 0.166997
vt 0.624897 0.166662
vt 0.529954 0.153447
vt 0.494736 0.160772
vt 0.530412 0.166204
vt 0.460005 0.180853
vt 0.107730 0.771813
vt 0.153630 0.782281
vt 0.151341 0.711600
vt 0.189489 0.782586
vt 0.196539 0.711692
vt 0.238502 0.772881
vt 0.624805 0.185858
vt 0.256081 0.207709
vt 0.254738 0.086612
vt 0.243507 0.204352
vt 0.241462 0.110416
vt 0.211035 0.205969
vt 0.213996 0.110263
vt 0.199713 0.086612
vt 0.975860 0.694876
vt 0.966613 0.767449
vt 0.940031 0.733482
vt 0.943632 0.781762
vt 0.894223 0.775445
vt 0.890072 0.797540
vt 0.890103 0.819483
vt 0.832209 0.797540
vt 0.832331 0.819483
vt 0.419324 0.085574
vt 0.400800 0.066927
vt 0.468520 0.069430
vt 0.458480 0.038087
vt 0.514939 0.075716
vt 0.496139 0.038087
vt 0.515183 0.037965
vt 0.550645 0.075594
vt 0.550523 0.037965
vt 0.414594 0.028047
vt 0.344340 0.048097
vt 0.332957 0.027833
vt 0.792993 0.269387
vt 0.784845 0.240883
vt 0.793054 0.240486
vt 0.799036 0.180517
vt 0.809687 0.236671
vt 0.824335 0.269387
vt 0.819025 0.269387
vt 0.815821 0.328623
vt 0.809107 0.240486
vt 0.794794 0.243934
vt 0.529771 0.715445
vt 0.552293 0.669271
vt 0.501022 0.698569
vt 0.478896 0.685293
vt 0.479598 0.706839
vt 0.433821 0.811640
vt 0.423841 0.811701
vt 0.448897 0.936308
vt 0.439192 0.946104
vt 0.505539 0.937010
vt 0.507157 0.946104
vt 0.333048 0.007965
vt 0.333048 0.028047
vt 0.414594 0.002960
vt 0.414594 0.028047
vt 0.442183 0.013001
vt 0.458480 0.038087
vt 0.458480 0.002960
vt 0.496139 0.038087
vt 0.496139 0.002960
vt 0.514939 0.002960
vt 0.515152 0.038087
vt 0.256081 0.207709
vt 0.254738 0.086612
vt 0.243507 0.204352
vt 0.241462 0.110416
vt 0.211035 0.205969
vt 0.213996 0.110263
vt 0.199713 0.086612
vt 0.419324 0.085574
vt 0.400800 0.066927
vt 0.468520 0.069430
vt 0.458480 0.038087
vt 0.514939 0.075716
vt 0.496139 0.038087
vt 0.515244 0.038087
vt 0.550645 0.075594
vt 0.550523 0.037965
vt 0.414594 0.028047
vt 0.344340 0.048097
vt 0.333048 0.028047
vt 0.306284 0.027833
vt 0.333110 0.047884
vt 0.306314 0.047884
vt 0.330424 0.101779
vt 0.290262 0.101779
vt 0.279550 0.047884
vt 0.279580 0.027833
vt 0.547655 0.413068
vt 0.530198 0.399518
vt 0.488113 0.410932
vt 0.488357 0.386425
vt 0.406842 0.384503
vt 0.476638 0.370312
vt 0.464919 0.354228
vt 0.400342 0.354686
vt 0.894223 0.775445
vt 0.895413 0.762139
vt 0.940031 0.733482
vt 0.935270 0.725883
vt 0.975860 0.694876
vt 0.933714 0.694876
vt 0.929807 0.616901
vt 0.976196 0.616901
vt 0.530198 0.399518
vt 0.488357 0.386425
vt 0.476638 0.370312
vt 0.476638 0.370312
vt 0.476638 0.370312
vt 0.476638 0.370312
vt 0.488357 0.386425
vt 0.530198 0.399518
vt 0.547655 0.413068
vt 0.488113 0.410932
vt 0.406842 0.384503
vt 0.464919 0.354228
vt 0.400342 0.354686
vt 0.415448 0.226661
vt 0.437361 0.251137
vt 0.459944 0.226661
vt 0.477981 0.251137
vt 0.489090 0.226814
vt 0.538469 0.255501
vt 0.549547 0.246315
vt 0.549211 0.315622
vt 0.471145 0.292642
vt 0.437056 0.292886
vt 0.471297 0.292886
vt 0.436903 0.312021
vt 0.471328 0.311747
vt 0.542039 0.334697
vt 0.582446 0.327616
vt 0.615680 0.339640
vt 0.623524 0.367718
vt 0.622120 0.344218
vt 0.623524 0.367718
vt 0.615680 0.339640
vt 0.542039 0.334697
vt 0.582446 0.327616
vt 0.549211 0.315622
vt 0.471328 0.311747
vt 0.333018 0.771783
vt 0.334910 0.776238
vt 0.321055 0.799615
vt 0.337077 0.830775
vt 0.331065 0.839961
vt 0.382000 0.839961
vt 0.377789 0.830042
vt 0.505539 0.937010
vt 0.448897 0.936308
vt 0.483016 0.811304
vt 0.433821 0.811640
vt 0.479598 0.706839
vt 0.529771 0.715445
vt 0.501022 0.698569
vt 0.692434 0.800104
vt 0.696554 0.791192
vt 0.706565 0.790490
vt 0.697043 0.768303
vt 0.702261 0.748924
vt 0.697439 0.749077
vt 0.702475 0.739311
vt 0.672018 0.739219
vt 0.674245 0.748772
vt 0.641560 0.739128
vt 0.651021 0.748466
vt 0.654164 0.768456
vt 0.643147 0.749107
vt 0.657247 0.787988
vt 0.210150 0.224738
vt 0.198279 0.226997
vt 0.201666 0.213141
vt 0.149785 0.236183
vt 0.149358 0.141789
vt 0.135289 0.141789
vt 0.134190 0.107150
vt 0.108585 0.141789
vt 0.109714 0.107150
vt 0.093051 0.141789
vt 0.092380 0.235481
vt 0.038209 0.209204
vt 0.041536 0.189550
vt 0.377789 0.830042
vt 0.382000 0.839961
vt 0.337077 0.830775
vt 0.331065 0.839961
vt 0.321055 0.799615
vt 0.334910 0.776238
vt 0.333018 0.771783
vt 0.505539 0.937010
vt 0.448897 0.936308
vt 0.483016 0.811304
vt 0.433821 0.811640
vt 0.479598 0.706839
vt 0.529771 0.715445
vt 0.501022 0.698569
vt 0.692434 0.800104
vt 0.696554 0.791192
vt 0.706565 0.790490
vt 0.697043 0.768303
vt 0.702261 0.748924
vt 0.697439 0.749077
vt 0.702475 0.739311
vt 0.672018 0.739219
vt 0.674245 0.748772
vt 0.641560 0.739128
vt 0.651021 0.748466
vt 0.654164 0.768456
vt 0.643147 0.749107
vt 0.657247 0.787988
vt 0.210150 0.224738
vt 0.198279 0.226997
vt 0.201666 0.213141
vt 0.149785 0.236183
vt 0.149358 0.141789
vt 0.135289 0.141789
vt 0.134190 0.107150
vt 0.108585 0.141789
vt 0.109714 0.107150
vt 0.093051 0.141789
vt 0.092380 0.235481
vt 0.038209 0.209204
vt 0.041536 0.189550
vt 0.026460 0.203497
vt 0.040895 0.191900
vt 0.112522 0.923307
vt 0.144871 0.882992
vt 0.151921 0.936583
vt 0.200476 0.882992
vt 0.195227 0.936583
vt 0.228004 0.923521
vt 0.297464 0.913999
vt 0.228004 0.923521
vt 0.246010 0.864986
vt 0.200476 0.882992
vt 0.202582 0.868252
vt 0.173711 0.868252
vt 0.144871 0.882992
vt 0.144841 0.868252
vt 0.096133 0.865596
vt 0.112156 0.923521
vt 0.044527 0.914182
vt 0.151921 0.936583
vt 0.195227 0.936583
vt 0.381909 0.250221
vt 0.358348 0.240364
vt 0.359264 0.259713
vt 0.334788 0.247780
vt 0.336650 0.269173
vt 0.299295 0.250954
vt 0.298105 0.281655
vt 0.255501 0.295419
vt 0.263039 0.255898
vt 0.226783 0.260811
vt 0.199713 0.295846
vt 0.141118 0.274697
vt 0.135563 0.263375
vt 0.085574 0.269814
vt 0.086703 0.260537
vt 0.070711 0.264901
vt 0.071810 0.251320
vt 0.055849 0.260018
vt 0.026124 0.250221
vt 0.056917 0.242134
vt 0.026063 0.233009
vt 0.026276 0.218268
vt 0.087802 0.251259
vt 0.026460 0.203497
vt 0.038209 0.209204
vt 0.092380 0.235481
vt 0.130039 0.252083
vt 0.149785 0.236183
vt 0.218482 0.242470
vt 0.198279 0.226997
vt 0.210150 0.224738
vt 0.244270 0.224097
vt 0.248695 0.222541
vt 0.210150 0.222297
vt 0.200934 0.210700
vt 0.593860 0.247810
vt 0.580309 0.240547
vt 0.593860 0.247810
vt 0.580309 0.240547
vt 0.580309 0.240547
vt 0.593860 0.247810
vt 0.582446 0.327616
vt 0.589587 0.317637
vt 0.615680 0.339640
vt 0.620045 0.302286
vt 0.625874 0.272195
vt 0.622883 0.255654
vt 0.625874 0.272195
vt 0.622883 0.255654
vt 0.622883 0.255654
vt 0.625874 0.272195
vt 0.622883 0.255654
vt 0.605029 0.244362
vt 0.622883 0.255654
vt 0.605029 0.244362
vt 0.605029 0.244362
vt 0.622883 0.255654
vt 0.605029 0.244362
vt 0.593860 0.247810
vt 0.605029 0.244362
vt 0.593860 0.247810
vt 0.593860 0.247810
vt 0.605029 0.244362
vt 0.580309 0.240547
vt 0.584033 0.214484
vt 0.580309 0.240547
vt 0.584033 0.214484
vt 0.584033 0.214484
vt 0.580309 0.240547
vt 0.582446 0.327616
vt 0.589587 0.317637
vt 0.615680 0.339640
vt 0.620045 0.302286
vt 0.744041 0.694876
vt 0.645436 0.657796
vt 0.591327 0.691824
vt 0.614246 0.642659
vt 0.591876 0.642567
vt 0.552690 0.691946
vt 0.966460 0.888333
vt 0.971465 0.860195
vt 0.929716 0.842524
vt 0.943602 0.825282
vt 0.574541 0.717154
vt 0.588916 0.733634
vt 0.539689 0.769738
vt 0.563311 0.773736
vt 0.552812 0.847316
vt 0.575671 0.829218
vt 0.553789 0.852931
vt 0.622639 0.850734
vt 0.643666 0.881436
vt 0.557024 0.878323
vt 0.643452 0.902554
vt 0.747978 0.901089
vt 0.748039 0.875454
vt 0.077059 0.584155
vt 0.123325 0.584155
vt 0.082827 0.566088
vt 0.116794 0.566088
vt 0.124149 0.526475
vt 0.077944 0.526475
vt 0.184088 0.490341
vt 0.144658 0.526475
vt 0.142613 0.490463
vt 0.061556 0.490585
vt 0.055727 0.526475
vt 0.022065 0.490829
vt 0.912870 0.269387
vt 0.824335 0.269387
vt 0.920560 0.328623
vt 0.815821 0.328623
vt 0.815821 0.406873
vt 0.920560 0.406873
vt 0.792993 0.269387
vt 0.784845 0.240883
vt 0.793054 0.240486
vt 0.799036 0.180517
vt 0.809687 0.236671
vt 0.819025 0.269387
vt 0.809107 0.240486
vt 0.794794 0.243934
vt 0.580309 0.240547
vt 0.559404 0.241707
vt 0.593860 0.247810
vt 0.582812 0.256752
vt 0.603748 0.246467
vt 0.621815 0.281777
vt 0.622028 0.257759
vt 0.625874 0.272195
vt 0.669027 0.291757
vt 0.669027 0.302866
vt 0.691000 0.292032
vt 0.580309 0.240547
vt 0.559404 0.241707
vt 0.593860 0.247810
vt 0.582812 0.256752
vt 0.603748 0.246467
vt 0.621815 0.281777
vt 0.622028 0.257759
vt 0.625874 0.272195
vt 0.669027 0.291757
vt 0.669027 0.302866
vt 0.712973 0.303140
vt 0.671896 0.347728
vt 0.706320 0.348033
vt 0.387890 0.736961
vt 0.327158 0.737510
vt 0.389569 0.693625
vt 0.326243 0.692496
vt 0.395611 0.613941
vt 0.326029 0.602069
vt 0.395795 0.573931
vt 0.326182 0.524918
vt 0.295083 0.601825
vt 0.283670 0.524827
vt 0.264168 0.601642
vt 0.241157 0.524735
vt 0.203223 0.616169
vt 0.184301 0.569170
vt 0.156255 0.586505
vt 0.165777 0.622761
vt 0.128849 0.629414
vt 0.128666 0.603534
vt 0.074679 0.599780
vt 0.134007 0.706595
vt 0.066286 0.702902
vt 0.628285 0.306406
vt 0.663137 0.307840
vt 0.626576 0.309519
vt 0.654073 0.310312
vt 0.623920 0.336894
vt 0.653584 0.337016
vt 0.664327 0.342235
vt 0.623127 0.340129
vt 0.387890 0.736961
vt 0.327158 0.737510
vt 0.389569 0.693625
vt 0.326182 0.692557
vt 0.395611 0.613941
vt 0.326029 0.602069
vt 0.395795 0.573931
vt 0.326182 0.524918
vt 0.295083 0.601825
vt 0.283670 0.524827
vt 0.264168 0.601642
vt 0.241157 0.524735
vt 0.203162 0.616077
vt 0.184301 0.569170
vt 0.156255 0.586505
vt 0.165777 0.622761
vt 0.128849 0.629414
vt 0.128666 0.603534
vt 0.074679 0.599780
vt 0.134007 0.706595
vt 0.066286 0.702902
vt 0.628285 0.306406
vt 0.663137 0.307840
vt 0.626576 0.309519
vt 0.654073 0.310312
vt 0.623920 0.336894
vt 0.653584 0.337016
vt 0.664327 0.342235
vt 0.623127 0.340129
vt 0.815821 0.446089
vt 0.920560 0.446089
vt 0.814844 0.454024
vt 0.921537 0.454024
vt 0.813898 0.461928
vt 0.922513 0.461928
vt 0.922513 0.522477
vt 0.813898 0.522477
vt 0.813898 0.542009
vt 0.922513 0.542009
vt 0.552690 0.691946
vt 0.591876 0.642567
vt 0.591327 0.691824
vt 0.614246 0.642659
vt 0.645436 0.657796
vt 0.744041 0.694876
vt 0.574541 0.717154
vt 0.588916 0.733634
vt 0.539689 0.769738
vt 0.563311 0.773736
vt 0.552812 0.847316
vt 0.575671 0.829218
vt 0.553789 0.852931
vt 0.622639 0.850734
vt 0.643666 0.881436
vt 0.557024 0.878323
vt 0.643452 0.902554
vt 0.747978 0.901089
vt 0.748039 0.875454
vt 0.454329 0.696188
vt 0.408094 0.696585
vt 0.444746 0.641743
vt 0.416700 0.641987
vt 0.416028 0.569475
vt 0.444166 0.569231
vt 0.306284 0.027833
vt 0.333110 0.047884
vt 0.306314 0.047884
vt 0.330424 0.101779
vt 0.290262 0.101779
vt 0.279550 0.047884
vt 0.279580 0.027833
vt 0.134007 0.706595
vt 0.084750 0.757622
vt 0.066286 0.702902
vt 0.072909 0.757256
vt 0.007721 0.737022
vt 0.009339 0.693655
vt 0.074679 0.599780
vt 0.015442 0.613910
vt 0.015595 0.573870
vt 0.134007 0.706595
vt 0.084750 0.757622
vt 0.066286 0.702902
vt 0.072909 0.757256
vt 0.007721 0.737022
vt 0.009339 0.693655
vt 0.074679 0.599780
vt 0.015442 0.613910
vt 0.015595 0.573870
vt 0.123325 0.584155
vt 0.136998 0.576891
vt 0.134953 0.566088
vt 0.179113 0.524064
vt 0.144658 0.526475
vt 0.183874 0.490463
vt 0.223945 0.490890
vt 0.223945 0.466750
vt 0.164464 0.466659
vt 0.743980 0.061739
vt 0.743980 0.025361
vt 0.725181 0.075533
vt 0.725181 0.006561
vt 0.687521 0.005280
vt 0.687521 0.085574
vt 0.671224 0.016572
vt 0.671224 0.074282
vt 0.643635 0.005280
vt 0.643635 0.086825
vt 0.565874 0.066866
vt 0.563982 0.039644
vt 0.562090 0.012421
vt 0.415326 0.180700
vt 0.415448 0.226661
vt 0.460005 0.180853
vt 0.459883 0.226814
vt 0.499924 0.194342
vt 0.489090 0.226814
vt 0.556169 0.185766
vt 0.549547 0.246315
vt 0.563952 0.210425
vt 0.624805 0.185858
vt 0.530412 0.166204
vt 0.550523 0.037965
vt 0.550615 0.002838
vt 0.515183 0.037965
vt 0.514939 0.002838
vt 0.496139 0.002960
vt 0.496139 0.038087
vt 0.458480 0.038087
vt 0.458480 0.002960
vt 0.442183 0.013001
vt 0.414594 0.028047
vt 0.414594 0.002960
vt 0.333048 0.028047
vt 0.333079 0.007965
vt 0.306284 0.027833
vt 0.306284 0.007660
vt 0.279550 0.007660
vt 0.279580 0.027833
vt 0.022065 0.490829
vt 0.041597 0.466567
vt 0.103061 0.490585
vt 0.164495 0.466567
vt 0.143559 0.490463
vt 0.183874 0.490463
vt 0.223945 0.466750
vt 0.223945 0.490890
vt 0.300699 0.466659
vt 0.300668 0.497330
vt 0.232276 0.500717
vt 0.289499 0.505417
vt 0.289071 0.512864
vt 0.337504 0.515152
vt 0.331858 0.520066
vt 0.401776 0.570330
vt 0.326243 0.524979
vt 0.286355 0.518876
vt 0.283639 0.524888
vt 0.240852 0.517655
vt 0.241066 0.524796
vt 0.184179 0.569170
vt 0.181677 0.546617
vt 0.156255 0.586474
vt 0.167699 0.555254
vt 0.128330 0.603748
vt 0.132664 0.590320
vt 0.136998 0.576891
vt 0.179113 0.524064
vt 0.240608 0.510544
vt 0.279580 0.027833
vt 0.279550 0.007660
vt 0.306284 0.027833
vt 0.306284 0.007660
vt 0.333018 0.007660
vt 0.333048 0.028047
vt 0.414594 0.002960
vt 0.414594 0.028047
vt 0.442183 0.013001
vt 0.458480 0.038087
vt 0.458480 0.002960
vt 0.496139 0.002960
vt 0.496139 0.038087
vt 0.515244 0.038087
vt 0.514939 0.002838
vt 0.550615 0.002838
vt 0.550523 0.037965
vt 0.743980 0.061739
vt 0.743980 0.025361
vt 0.725181 0.075533
vt 0.725181 0.006561
vt 0.687521 0.005280
vt 0.687521 0.085574
vt 0.671224 0.016572
vt 0.671224 0.074282
vt 0.643635 0.005280
vt 0.643635 0.086825
vt 0.565874 0.066866
vt 0.563982 0.039644
vt 0.562090 0.012421
vt 0.349742 0.434156
vt 0.336406 0.434156
vt 0.348827 0.405683
vt 0.336436 0.405683
vt 0.365307 0.308969
vt 0.341472 0.325022
vt 0.361583 0.284555
vt 0.336650 0.269173
vt 0.291604 0.339000
vt 0.298105 0.281655
vt 0.255501 0.295419
vt 0.237953 0.339366
vt 0.200842 0.339518
vt 0.199713 0.295846
vt 0.151036 0.328806
vt 0.141118 0.274697
vt 0.093478 0.321512
vt 0.085208 0.272713
vt 0.059114 0.286660
vt 0.046907 0.309915
vt 0.073336 0.405683
vt 0.126499 0.405683
vt 0.100772 0.434156
vt 0.140141 0.434156
vt 0.172735 0.405683
vt 0.183264 0.434156
vt 0.201422 0.405927
vt 0.220588 0.434156
vt 0.238563 0.405927
vt 0.276742 0.434156
vt 0.271249 0.405683
vt 0.589587 0.272225
vt 0.620045 0.302286
vt 0.629078 0.304117
vt 0.628285 0.306406
vt 0.626576 0.309519
vt 0.623920 0.336894
vt 0.615680 0.339640
vt 0.623127 0.340129
vt 0.622120 0.344218
vt 0.664327 0.342235
vt 0.663137 0.307840
vt 0.349742 0.434156
vt 0.336406 0.434156
vt 0.348827 0.405683
vt 0.336436 0.405683
vt 0.365307 0.308969
vt 0.341472 0.325022
vt 0.361583 0.284555
vt 0.336650 0.269173
vt 0.291604 0.339000
vt 0.298105 0.281655
vt 0.255501 0.295419
vt 0.237953 0.339366
vt 0.200842 0.339518
vt 0.199713 0.295541
vt 0.151036 0.328806
vt 0.141118 0.274697
vt 0.093478 0.321512
vt 0.085208 0.272713
vt 0.059114 0.286660
vt 0.046907 0.309915
vt 0.073336 0.405683
vt 0.126499 0.405683
vt 0.100772 0.434156
vt 0.140141 0.434156
vt 0.172735 0.405683
vt 0.183264 0.434156
vt 0.201422 0.405927
vt 0.220588 0.434156
vt 0.238563 0.405927
vt 0.276742 0.434156
vt 0.271249 0.405683
vt 0.691855 0.812738
vt 0.704306 0.789117
vt 0.712455 0.789483
vt 0.703391 0.758629
vt 0.706809 0.733787
vt 0.691153 0.739311
vt 0.669790 0.729667
vt 0.633473 0.733146
vt 0.648366 0.741905
vt 0.639729 0.754662
vt 0.622639 0.755181
vt 0.633412 0.786401
vt 0.644795 0.783837
vt 0.644551 0.809717
vt 0.654469 0.799768
vt 0.663839 0.814325
vt 0.651662 0.833979
vt 0.706809 0.837489
vt 0.722068 0.788965
vt 0.734306 0.788354
vt 0.720511 0.711966
vt 0.667074 0.711905
vt 0.744041 0.694876
vt 0.591327 0.691824
vt 0.613636 0.711875
vt 0.588916 0.733634
vt 0.608417 0.746178
vt 0.563311 0.773736
vt 0.569414 0.776086
vt 0.575671 0.829218
vt 0.622639 0.850734
vt 0.603168 0.780450
vt 0.617328 0.783959
vt 0.085208 0.272713
vt 0.059114 0.286660
vt 0.061586 0.271645
vt 0.059114 0.286660
vt 0.051607 0.266854
vt 0.046358 0.284402
vt 0.046907 0.309915
vt 0.614429 0.844905
vt 0.624134 0.837123
vt 0.643666 0.881436
vt 0.631825 0.826258
vt 0.649617 0.855770
vt 0.729606 0.885861
vt 0.747978 0.786615
vt 0.748039 0.875454
vt 0.721152 0.860164
vt 0.085208 0.272713
vt 0.059114 0.286660
vt 0.061586 0.271645
vt 0.059114 0.286660
vt 0.051607 0.266854
vt 0.046358 0.284402
vt 0.046907 0.309915
vt 0.149358 0.141789
vt 0.135624 0.102084
vt 0.199713 0.086612
vt 0.146245 0.066530
vt 0.145909 0.011383
vt 0.139988 0.009003
vt 0.099734 0.009003
vt 0.093448 0.066530
vt 0.093539 0.011383
vt 0.036561 0.086612
vt 0.107150 0.102084
vt 0.093051 0.141789
vt 0.720511 0.711966
vt 0.747978 0.786615
vt 0.734306 0.788354
vt 0.748039 0.875454
vt 0.722068 0.788965
vt 0.721152 0.860164
vt 0.706809 0.837489
vt 0.651662 0.833979
vt 0.649617 0.855770
vt 0.729606 0.885861
vt 0.622639 0.755181
vt 0.633412 0.786401
vt 0.617328 0.783959
vt 0.644551 0.809717
vt 0.631825 0.826258
vt 0.643666 0.881436
vt 0.394330 0.799615
vt 0.357189 0.789361
vt 0.383953 0.771783
vt 0.358287 0.767418
vt 0.382305 0.776055
vt 0.357982 0.772240
vt 0.334910 0.776238
vt 0.333018 0.771783
vt 0.321055 0.799615
vt 0.337962 0.799615
vt 0.074465 0.457442
vt 0.074404 0.445296
vt 0.101016 0.457259
vt 0.100772 0.445296
vt 0.140355 0.445296
vt 0.140355 0.457503
vt 0.183447 0.457167
vt 0.183447 0.445296
vt 0.226661 0.457259
vt 0.226814 0.445296
vt 0.276803 0.445296
vt 0.276803 0.457167
vt 0.336558 0.457411
vt 0.336436 0.445296
vt 0.248695 0.222541
vt 0.256081 0.207709
vt 0.335704 0.234260
vt 0.288797 0.141789
vt 0.329600 0.141789
vt 0.365581 0.183569
vt 0.381573 0.202124
vt 0.335246 0.241035
vt 0.381726 0.217536
vt 0.381878 0.232948
vt 0.271767 0.237190
vt 0.253639 0.239662
vt 0.691855 0.812738
vt 0.704306 0.789117
vt 0.712455 0.789483
vt 0.703391 0.758629
vt 0.706809 0.733787
vt 0.691153 0.739311
vt 0.669790 0.729667
vt 0.633473 0.733146
vt 0.648366 0.741905
vt 0.639729 0.754662
vt 0.644795 0.783837
vt 0.654469 0.799768
vt 0.663839 0.814325
vt 0.667074 0.711905
vt 0.744041 0.694876
vt 0.591327 0.691824
vt 0.613636 0.711875
vt 0.588916 0.733634
vt 0.608356 0.746178
vt 0.563311 0.773736
vt 0.569414 0.776086
vt 0.575671 0.829218
vt 0.622639 0.850734
vt 0.603046 0.780480
vt 0.135624 0.102084
vt 0.146245 0.066530
vt 0.107150 0.102084
vt 0.093448 0.066530
vt 0.394330 0.799615
vt 0.357189 0.789361
vt 0.383953 0.771783
vt 0.358287 0.767418
vt 0.382305 0.776055
vt 0.357982 0.772240
vt 0.334910 0.776238
vt 0.333018 0.771783
vt 0.321055 0.799615
vt 0.337962 0.799615
vt 0.508194 0.540300
vt 0.508225 0.527635
vt 0.567370 0.540513
vt 0.567186 0.527909
vt 0.617023 0.540422
vt 0.645314 0.527757
vt 0.659780 0.540544
vt 0.702475 0.540208
vt 0.719138 0.527451
vt 0.741417 0.540422
vt 0.767663 0.527451
vt 0.767693 0.540269
vt 0.365581 0.174718
vt 0.329600 0.141789
vt 0.366985 0.168767
vt 0.342021 0.120426
vt 0.357860 0.093204
vt 0.387005 0.093204
vt 0.365581 0.174718
vt 0.329600 0.141789
vt 0.366985 0.168767
vt 0.342021 0.120426
vt 0.357860 0.093204
vt 0.387005 0.093204
vt 0.381878 0.232948
vt 0.381726 0.217536
vt 0.381573 0.202124
vt 0.365581 0.183569
vt 0.329600 0.141789
vt 0.288797 0.141789
vt 0.256081 0.207709
vt 0.248695 0.222541
vt 0.074465 0.457442
vt 0.074404 0.445296
vt 0.101016 0.457259
vt 0.100772 0.445296
vt 0.140355 0.445296
vt 0.140355 0.457503
vt 0.183447 0.457167
vt 0.183447 0.445296
vt 0.226661 0.457259
vt 0.226814 0.445296
vt 0.276803 0.445296
vt 0.276803 0.457167
vt 0.336558 0.457411
vt 0.336436 0.445296
vt 0.589587 0.272225
vt 0.586261 0.281075
vt 0.559008 0.272317
vt 0.561846 0.281075
vt 0.561846 0.308969
vt 0.555528 0.312296
vt 0.549211 0.315622
vt 0.589587 0.317637
vt 0.586261 0.308969
vt 0.273049 0.116306
vt 0.256081 0.207709
vt 0.288797 0.141789
vt 0.589587 0.272225
vt 0.586261 0.281075
vt 0.559008 0.272317
vt 0.561846 0.281075
vt 0.561846 0.308969
vt 0.555528 0.312296
vt 0.549211 0.315622
vt 0.589587 0.317637
vt 0.586261 0.308969
vt 0.243507 0.204352
vt 0.248695 0.222541
vt 0.768639 0.243233
vt 0.753960 0.206458
vt 0.760002 0.269387
vt 0.770470 0.269387
vt 0.783654 0.244148
vt 0.770562 0.246345
vt 0.768639 0.243233
vt 0.753960 0.206458
vt 0.760002 0.269387
vt 0.770470 0.269387
vt 0.783654 0.244148
vt 0.770562 0.246345
vt 0.078249 0.822169
vt 0.096133 0.865596
vt 0.150426 0.844295
vt 0.144841 0.868252
vt 0.173711 0.868252
vt 0.173406 0.844142
vt 0.198828 0.844020
vt 0.202582 0.868252
vt 0.246010 0.864986
vt 0.264901 0.823206
vt 0.078249 0.822169
vt 0.096133 0.865596
vt 0.150426 0.844295
vt 0.144841 0.868252
vt 0.173711 0.868252
vt 0.173406 0.844142
vt 0.198828 0.844020
vt 0.202582 0.868252
vt 0.246010 0.864986
vt 0.264901 0.823206
vt 0.886441 0.621876
vt 0.877377 0.621876
vt 0.894284 0.649617
vt 0.889767 0.648762
vt 0.870052 0.682821
vt 0.879421 0.687155
vt 0.861751 0.693106
vt 0.852351 0.682821
vt 0.844050 0.687155
vt 0.829188 0.649617
vt 0.836421 0.648762
vt 0.850703 0.621876
vt 0.840968 0.621876
vt 0.886502 0.621876
vt 0.877438 0.621876
vt 0.894345 0.649617
vt 0.889828 0.649617
vt 0.870083 0.682821
vt 0.879452 0.687155
vt 0.861782 0.693106
vt 0.852412 0.682821
vt 0.844111 0.687155
vt 0.829218 0.649617
vt 0.836451 0.648762
vt 0.850765 0.621876
vt 0.840999 0.621876
vt 0.887783 0.841823
vt 0.832575 0.841823
vt 0.891171 0.855831
vt 0.829188 0.855831
vt 0.767693 0.540269
vt 0.767663 0.527451
vt 0.741417 0.540422
vt 0.719138 0.527451
vt 0.702475 0.540208
vt 0.645314 0.527757
vt 0.659780 0.540544
vt 0.617023 0.540422
vt 0.567186 0.527909
vt 0.567370 0.540513
vt 0.508225 0.527635
vt 0.508194 0.540300
vt 0.885708 0.792016
vt 0.837825 0.791833
vt 0.891964 0.759545
vt 0.832148 0.759270
vt 0.838038 0.740501
vt 0.784875 0.724235
vt 0.786737 0.694876
vt 0.839564 0.722312
vt 0.802728 0.687368
vt 0.815790 0.561907
vt 0.820734 0.604114
vt 0.825648 0.646290
vt 0.841060 0.704123
vt 0.880825 0.722312
vt 0.879360 0.704123
vt 0.917722 0.687368
vt 0.894803 0.646290
vt 0.899716 0.604114
vt 0.880703 0.591632
vt 0.860225 0.591632
vt 0.860225 0.576769
vt 0.839747 0.591632
vt 0.165349 0.705618
vt 0.202612 0.706259
vt 0.265908 0.694021
vt 0.252174 0.753197
vt 0.270241 0.754265
vt 0.298715 0.745872
vt 0.296060 0.693289
vt 0.645497 0.405408
vt 0.598437 0.405408
vt 0.652547 0.446333
vt 0.592883 0.430189
vt 0.585162 0.443251
vt 0.579852 0.411908
vt 0.592700 0.392682
vt 0.563952 0.392682
vt 0.563829 0.436537
vt 0.566210 0.474227
vt 0.535203 0.479659
vt 0.567186 0.527909
vt 0.519578 0.500320
vt 0.508225 0.527635
vt 0.497116 0.467940
vt 0.506516 0.459273
vt 0.773309 0.433119
vt 0.747459 0.432997
vt 0.735649 0.456099
vt 0.732566 0.405408
vt 0.717917 0.427137
vt 0.692129 0.405408
vt 0.683706 0.456099
vt 0.655538 0.474258
vt 0.645314 0.527757
vt 0.719138 0.527451
vt 0.774438 0.456374
vt 0.748161 0.473556
vt 0.767663 0.527451
vt 0.799097 0.515458
vt 0.799554 0.494156
vt 0.408795 0.642048
vt 0.416700 0.641987
vt 0.404401 0.565508
vt 0.415815 0.569201
vt 0.410352 0.532762
vt 0.337504 0.515061
vt 0.346690 0.510117
vt 0.355876 0.505051
vt 0.300668 0.497330
vt 0.289499 0.505417
vt 0.232276 0.500717
vt 0.289071 0.512864
vt 0.240608 0.510544
vt 0.286355 0.518876
vt 0.240852 0.517655
vt 0.331858 0.520066
vt 0.184179 0.569170
vt 0.241066 0.524796
vt 0.283639 0.524888
vt 0.326243 0.524979
vt 0.401868 0.570421
vt 0.402081 0.642170
vt 0.399152 0.681722
vt 0.398633 0.692557
vt 0.398114 0.703391
vt 0.408094 0.696585
vt 0.165349 0.705618
vt 0.202612 0.706259
vt 0.265908 0.694021
vt 0.252174 0.753197
vt 0.270241 0.754265
vt 0.298715 0.745872
vt 0.296060 0.693289
vt 0.460005 0.180853
vt 0.530412 0.166204
vt 0.494736 0.160772
vt 0.529954 0.153447
vt 0.529496 0.140660
vt 0.624897 0.166662
vt 0.625080 0.140782
vt 0.669485 0.166875
vt 0.669576 0.185919
vt 0.624805 0.185858
vt 0.645497 0.405408
vt 0.598437 0.405408
vt 0.652547 0.446303
vt 0.592883 0.430189
vt 0.585162 0.443251
vt 0.579852 0.411908
vt 0.592700 0.392682
vt 0.563952 0.392682
vt 0.563829 0.436537
vt 0.566210 0.474227
vt 0.535203 0.479659
vt 0.567186 0.527909
vt 0.519578 0.500320
vt 0.508225 0.527635
vt 0.497116 0.467940
vt 0.506516 0.459273
vt 0.773309 0.433119
vt 0.747459 0.432997
vt 0.735649 0.456099
vt 0.732566 0.405408
vt 0.717917 0.427137
vt 0.692129 0.405408
vt 0.683706 0.456099
vt 0.655538 0.474227
vt 0.645314 0.527757
vt 0.719138 0.527451
vt 0.773186 0.392560
vt 0.760979 0.408002
vt 0.747429 0.392438
vt 0.966460 0.888333
vt 0.971465 0.860195
vt 0.929716 0.842524
vt 0.943602 0.825282
vt 0.943632 0.781762
vt 0.890103 0.819483
vt 0.890072 0.797540
vt 0.894223 0.775445
vt 0.940031 0.733482
vt 0.966613 0.767449
vt 0.975860 0.694876
vt 0.894223 0.775445
vt 0.895413 0.762139
vt 0.940031 0.733482
vt 0.935270 0.725883
vt 0.975860 0.694876
vt 0.933714 0.694876
vt 0.929807 0.616901
vt 0.976196 0.616901
vt 0.144658 0.526475
vt 0.134953 0.566088
vt 0.124149 0.526475
vt 0.116794 0.566088
vt 0.123325 0.584155
vt 0.408094 0.696585
vt 0.398114 0.703391
vt 0.416700 0.641987
vt 0.408795 0.642048
vt 0.398633 0.692557
vt 0.399152 0.681722
vt 0.402081 0.642170
vt 0.404279 0.565600
vt 0.410352 0.532762
vt 0.416028 0.569475
vt 0.459883 0.226814
vt 0.477981 0.251137
vt 0.489090 0.226814
vt 0.538469 0.255501
vt 0.549547 0.246315
vt 0.346721 0.510056
vt 0.355907 0.505081
vt 0.336528 0.434156
vt 0.336436 0.445296
vt 0.276742 0.434156
vt 0.276803 0.445296
vt 0.226814 0.445296
vt 0.226783 0.434156
vt 0.183264 0.434156
vt 0.183447 0.445296
vt 0.140141 0.445296
vt 0.140141 0.434156
vt 0.100772 0.434156
vt 0.100772 0.445296
vt 0.074404 0.445296
vt 0.074435 0.434156
vt 0.686514 0.805567
vt 0.692770 0.797357
vt 0.694021 0.781365
vt 0.697867 0.785485
vt 0.696921 0.778924
vt 0.685995 0.765069
vt 0.689657 0.764061
vt 0.675283 0.759697
vt 0.665578 0.765069
vt 0.660878 0.764061
vt 0.657247 0.772698
vt 0.660176 0.781365
vt 0.657247 0.785485
vt 0.667684 0.805414
vt 0.665609 0.809168
vt 0.687674 0.809259
vt 0.697867 0.785485
vt 0.694021 0.781365
vt 0.692770 0.797357
vt 0.686514 0.805567
vt 0.687674 0.809259
vt 0.665578 0.809168
vt 0.667684 0.805414
vt 0.657247 0.785485
vt 0.660176 0.781365
vt 0.657247 0.772698
vt 0.665578 0.765069
vt 0.660848 0.764061
vt 0.675253 0.759697
vt 0.685995 0.765069
vt 0.689657 0.764061
vt 0.696921 0.778924
vt 0.204199 0.087405
vt 0.199713 0.086612
vt 0.175634 0.047853
vt 0.145268 0.010590
vt 0.144627 0.004975
vt 0.139988 0.009003
vt 0.094150 0.004913
vt 0.099734 0.009003
vt 0.093539 0.011383
vt 0.060518 0.048921
vt 0.036561 0.086612
vt 0.031465 0.086917
vt 0.628285 0.306406
vt 0.626576 0.309519
vt 0.620045 0.302286
vt 0.623920 0.336894
vt 0.615680 0.339640
vt 0.623127 0.340129
vt 0.622120 0.344218
vt 0.671896 0.347728
vt 0.664327 0.342235
vt 0.663137 0.307840
vt 0.629078 0.304117
vt 0.589587 0.272225
vt 0.549547 0.246315
vt 0.563952 0.210425
vt 0.556169 0.185766
vt 0.624805 0.185858
vt 0.530412 0.166204
vt 0.499924 0.194342
vt 0.460005 0.180853
vt 0.459883 0.226814
vt 0.489090 0.226814
vt 0.336528 0.434156
vt 0.336436 0.445296
vt 0.276742 0.434156
vt 0.276803 0.445296
vt 0.226814 0.445296
vt 0.226783 0.434156
vt 0.183264 0.434156
vt 0.183447 0.445296
vt 0.140141 0.445296
vt 0.140141 0.434156
vt 0.100772 0.434156
vt 0.100772 0.445296
vt 0.074404 0.445296
vt 0.074435 0.434156
vt 0.774438 0.456374
vt 0.748161 0.473556
vt 0.767663 0.527451
vt 0.799097 0.515458
vt 0.799554 0.494156
vt 0.300699 0.466659
vt 0.181646 0.546617
vt 0.156255 0.586474
vt 0.167699 0.555254
vt 0.128330 0.603748
vt 0.132664 0.590320
vt 0.860225 0.561907
vt 0.904630 0.561907
vt 0.933714 0.694876
vt 0.882290 0.740501
vt 0.935270 0.725883
vt 0.614429 0.844905
vt 0.624134 0.837123
vt 0.019349 0.184301
vt 0.017609 0.190771
vt 0.040742 0.182623
vt 0.041078 0.187506
vt 0.093051 0.141789
vt 0.149358 0.141789
vt 0.199713 0.086612
vt 0.145909 0.011383
vt 0.139988 0.009003
vt 0.099734 0.009003
vt 0.093539 0.011383
vt 0.036561 0.086612
vt 0.093051 0.141789
vt 0.017609 0.190771
vt 0.019349 0.184301
vt 0.040864 0.182623
vt 0.093051 0.141789
vt 0.040956 0.187506
vt 0.773186 0.392560
vt 0.760979 0.407971
vt 0.747429 0.392438
vt 0.043153 0.754845
vt 0.042879 0.813227
vt 0.102908 0.827723
vt 0.155797 0.841853
vt 0.183203 0.841670
vt 0.240547 0.826624
vt 0.309976 0.812708
vt 0.312998 0.753899
vt 0.529771 0.715445
vt 0.552293 0.669271
vt 0.501022 0.698569
vt 0.478896 0.685293
vt 0.479598 0.706839
vt 0.433821 0.811640
vt 0.423841 0.811701
vt 0.448897 0.936308
vt 0.439192 0.946104
vt 0.505539 0.937010
vt 0.507157 0.946104
vt 0.722709 0.633412
vt 0.592120 0.633595
vt 0.645924 0.614673
vt 0.722709 0.633412
vt 0.592120 0.633595
vt 0.645924 0.614673
vt 0.328227 0.844935
vt 0.296640 0.796014
vt 0.264901 0.823206
vt 0.007080 0.845424
vt 0.078249 0.822169
vt 0.042177 0.791894
vt 0.373852 0.799615
vt 0.386029 0.799615
vt 0.264901 0.823206
vt 0.328227 0.844935
vt 0.296640 0.796014
vt 0.078249 0.822169
vt 0.042177 0.791894
vt 0.007080 0.845424
vt 0.373852 0.799615
vt 0.386029 0.799615
vt 0.746055 0.784234
vt 0.728233 0.698965
vt 0.742119 0.696066
vt 0.439192 0.946104
vt 0.512436 0.987243
vt 0.507157 0.946104
vt 0.946532 0.824244
vt 0.943632 0.781762
vt 0.943602 0.825282
vt 0.946532 0.824244
vt 0.943632 0.781762
vt 0.946562 0.784845
vt 0.972625 0.852870
vt 0.943602 0.825282
vt 0.971465 0.860195
vt 0.972625 0.852870
vt 0.943602 0.825282
vt 0.946532 0.824244
vt 0.946562 0.784845
vt 0.966613 0.767449
vt 0.943632 0.781762
vt 0.946562 0.784845
vt 0.966613 0.767449
vt 0.966613 0.773247
vt 0.734794 0.788598
vt 0.728233 0.698965
vt 0.746055 0.784234
vt 0.529771 0.715445
vt 0.483016 0.811304
vt 0.483016 0.811304
vt 0.529771 0.715445
vt 0.483016 0.811304
vt 0.529771 0.715445
vt 0.448897 0.936308
vt 0.433821 0.811640
vt 0.433821 0.811640
vt 0.448897 0.936308
vt 0.433821 0.811640
vt 0.448897 0.936308
vt 0.483016 0.811304
vt 0.505539 0.937010
vt 0.505539 0.937010
vt 0.483016 0.811304
vt 0.505539 0.937010
vt 0.483016 0.811304
vt 0.505539 0.937010
vt 0.448897 0.936308
vt 0.448897 0.936308
vt 0.505539 0.937010
vt 0.448897 0.936308
vt 0.505539 0.937010
vt 0.433821 0.811640
vt 0.479598 0.706839
vt 0.479598 0.706839
vt 0.433821 0.811640
vt 0.479598 0.706839
vt 0.433821 0.811640
vt 0.501022 0.698569
vt 0.529771 0.715445
vt 0.529771 0.715445
vt 0.501022 0.698569
vt 0.529771 0.715445
vt 0.501022 0.698569
vt 0.479598 0.706839
vt 0.501022 0.698569
vt 0.501022 0.698569
vt 0.479598 0.706839
vt 0.501022 0.698569
vt 0.479598 0.706839
vt 0.819025 0.269387
vt 0.809107 0.240486
vt 0.809687 0.236671
vt 0.770562 0.246345
vt 0.784845 0.240883
vt 0.768639 0.243233
vt 0.770562 0.246345
vt 0.784845 0.240883
vt 0.783654 0.244148
vt 0.768639 0.243233
vt 0.770470 0.269387
vt 0.770562 0.246345
vt 0.792993 0.269387
vt 0.793054 0.240486
vt 0.794794 0.243934
vt 0.794794 0.243934
vt 0.809687 0.236671
vt 0.793054 0.240486
vt 0.794794 0.243934
vt 0.809687 0.236671
vt 0.809107 0.240486
vt 0.783654 0.244148
vt 0.792993 0.269387
vt 0.784845 0.240883
vt 0.742119 0.696066
vt 0.746055 0.784234
vt 0.728233 0.698965
vt 0.512436 0.987243
vt 0.507157 0.946104
vt 0.439192 0.946104
vt 0.943602 0.825282
vt 0.946532 0.824244
vt 0.943632 0.781762
vt 0.943632 0.781762
vt 0.946562 0.784845
vt 0.946532 0.824244
vt 0.971465 0.860195
vt 0.972625 0.852870
vt 0.943602 0.825282
vt 0.943602 0.825282
vt 0.946532 0.824244
vt 0.972625 0.852870
vt 0.943632 0.781762
vt 0.946562 0.784845
vt 0.966613 0.767449
vt 0.966613 0.767449
vt 0.966613 0.773247
vt 0.946562 0.784845
vt 0.746055 0.784234
vt 0.734794 0.788598
vt 0.728233 0.698965
vt 0.483016 0.811304
vt 0.483016 0.811304
vt 0.529771 0.715445
vt 0.529771 0.715445
vt 0.529771 0.715445
vt 0.483016 0.811304
vt 0.433821 0.811640
vt 0.433821 0.811640
vt 0.448897 0.936308
vt 0.448897 0.936308
vt 0.448897 0.936308
vt 0.433821 0.811640
vt 0.505539 0.937010
vt 0.505539 0.937010
vt 0.483016 0.811304
vt 0.483016 0.811304
vt 0.483016 0.811304
vt 0.505539 0.937010
vt 0.448897 0.936308
vt 0.448897 0.936308
vt 0.505539 0.937010
vt 0.505539 0.937010
vt 0.505539 0.937010
vt 0.448897 0.936308
vt 0.479598 0.706839
vt 0.479598 0.706839
vt 0.433821 0.811640
vt 0.433821 0.811640
vt 0.433821 0.811640
vt 0.479598 0.706839
vt 0.529771 0.715445
vt 0.529771 0.715445
vt 0.501022 0.698569
vt 0.501022 0.698569
vt 0.501022 0.698569
vt 0.529771 0.715445
vt 0.501022 0.698569
vt 0.501022 0.698569
vt 0.479598 0.706839
vt 0.479598 0.706839
vt 0.479598 0.706839
vt 0.501022 0.698569
vt 0.809107 0.240486
vt 0.809687 0.236671
vt 0.819025 0.269387
vt 0.768639 0.243233
vt 0.770562 0.246345
vt 0.784845 0.240883
vt 0.784845 0.240883
vt 0.783654 0.244148
vt 0.770562 0.246345
vt 0.770562 0.246345
vt 0.768639 0.243233
vt 0.770470 0.269387
vt 0.793054 0.240486
vt 0.794794 0.243934
vt 0.792993 0.269387
vt 0.793054 0.240486
vt 0.794794 0.243934
vt 0.809687 0.236671
vt 0.809687 0.236671
vt 0.809107 0.240486
vt 0.794794 0.243934
vt 0.784845 0.240883
vt 0.783654 0.244148
vt 0.792993 0.269387
vt 0.400342 0.354656
vt 0.440657 0.340403
vt 0.464827 0.354289
vt 0.669027 0.291757
vt 0.669027 0.291757
vt 0.625874 0.272195
vt 0.708640 0.390149
vt 0.673482 0.390149
vt 0.696371 0.353954
vt 0.632923 0.345408
vt 0.577471 0.323069
vt 0.611255 0.331523
vt 0.643788 0.362407
vt 0.665456 0.376293
vt 0.716666 0.376293
vt 0.679006 0.351329
vt 0.703116 0.351329
vt 0.464827 0.354289
vt 0.400342 0.354656
vt 0.440657 0.340403
vt 0.669027 0.291757
vt 0.625874 0.272195
vt 0.669027 0.291757
vt 0.134190 0.107150
vt 0.135624 0.102084
vt 0.149358 0.141789
vt 0.095401 0.144322
vt 0.109714 0.107150
vt 0.093051 0.141789
vt 0.149358 0.141789
vt 0.147130 0.143712
vt 0.134190 0.107150
vt 0.093051 0.141789
vt 0.109714 0.107150
vt 0.107150 0.102084
vt 0.691671 0.721976
vt 0.642415 0.722922
vt 0.652516 0.741874
vt 0.652516 0.741874
vt 0.613941 0.762535
vt 0.642415 0.722922
vt 0.691671 0.721976
vt 0.678274 0.741630
vt 0.719047 0.760369
vt 0.652516 0.741874
vt 0.691671 0.721976
vt 0.665395 0.741752
vt 0.145848 0.004273
vt 0.195532 0.041810
vt 0.048372 0.045900
vt 0.093448 0.004273
vt 0.040895 0.191900
vt 0.026460 0.203497
vt 0.040895 0.191900
vt 0.022004 0.191198
vt 0.026460 0.203497
vt 0.248695 0.222541
vt 0.243507 0.204352
vt 0.665395 0.741752
vt 0.691671 0.721976
vt 0.678274 0.741630
vt 0.329600 0.141789
vt 0.273049 0.168126
vt 0.342021 0.172246
vt 0.288797 0.141789
vt 0.329600 0.141789
vt 0.273049 0.168126
vt 0.663839 0.814325
vt 0.692434 0.800104
vt 0.691855 0.812738
vt 0.654469 0.799768
vt 0.663839 0.814325
vt 0.692434 0.800104
vt 0.149358 0.141789
vt 0.135624 0.102084
vt 0.134190 0.107150
vt 0.095401 0.144322
vt 0.093051 0.141789
vt 0.109714 0.107150
vt 0.134190 0.107150
vt 0.147130 0.143712
vt 0.149358 0.141789
vt 0.093051 0.141789
vt 0.107150 0.102084
vt 0.109714 0.107150
vt 0.652516 0.741874
vt 0.642415 0.722922
vt 0.691671 0.721976
vt 0.652516 0.741874
vt 0.642415 0.722922
vt 0.613941 0.762535
vt 0.719047 0.760369
vt 0.678274 0.741630
vt 0.691671 0.721976
vt 0.652516 0.741874
vt 0.665395 0.741752
vt 0.691671 0.721976
vt 0.195532 0.041810
vt 0.145848 0.004273
vt 0.361583 0.284555
vt 0.365307 0.308969
vt 0.297464 0.913999
vt 0.246010 0.865871
vt 0.202582 0.868252
vt 0.173711 0.868252
vt 0.144841 0.868252
vt 0.095859 0.866146
vt 0.044527 0.914182
vt 0.040895 0.191900
vt 0.026460 0.203497
vt 0.022004 0.191198
vt 0.248695 0.222541
vt 0.210150 0.222297
vt 0.200934 0.210700
vt 0.665395 0.741752
vt 0.678274 0.741630
vt 0.691671 0.721976
vt 0.342021 0.172246
vt 0.273049 0.168126
vt 0.329600 0.141789
vt 0.288797 0.141789
vt 0.273049 0.168126
vt 0.329600 0.141789
vt 0.691855 0.812738
vt 0.692434 0.800104
vt 0.663839 0.814325
vt 0.654469 0.799768
vt 0.692434 0.800104
vt 0.663839 0.814325
vt 0.623585 0.282144
vt 0.621082 0.264443
vt 0.604327 0.264046
vt 0.601154 0.246345
vt 0.585406 0.246132
vt 0.582781 0.229286
vt 0.597827 0.229560
vt 0.579913 0.213416
vt 0.593890 0.213294
vt 0.614093 0.230018
vt 0.609180 0.212867
vt 0.630634 0.229926
vt 0.626057 0.212592
vt 0.646107 0.230140
vt 0.642903 0.212439
vt 0.661794 0.230018
vt 0.659719 0.212195
vt 0.677175 0.230049
vt 0.676077 0.212195
vt 0.692312 0.230049
vt 0.692312 0.212195
vt 0.676077 0.212195
vt 0.677175 0.230049
vt 0.659597 0.212195
vt 0.661702 0.230018
vt 0.642811 0.212439
vt 0.646016 0.230140
vt 0.625965 0.212592
vt 0.630543 0.229926
vt 0.608997 0.212867
vt 0.613910 0.230018
vt 0.593707 0.213294
vt 0.597644 0.229560
vt 0.579730 0.213416
vt 0.582598 0.229286
vt 0.600971 0.246345
vt 0.585223 0.246132
vt 0.604144 0.264046
vt 0.620991 0.264443
vt 0.623463 0.282144
vt 0.638203 0.283395
vt 0.637165 0.265908
vt 0.651967 0.285073
vt 0.651173 0.267495
vt 0.665365 0.286691
vt 0.664418 0.268868
vt 0.679006 0.287423
vt 0.678518 0.269478
vt 0.692312 0.287423
vt 0.692312 0.269478
vt 0.678518 0.269478
vt 0.679006 0.287423
vt 0.664510 0.268868
vt 0.665487 0.286691
vt 0.651295 0.267495
vt 0.652058 0.285073
vt 0.637287 0.265908
vt 0.638325 0.283395
vt 0.617939 0.247230
vt 0.633961 0.248024
vt 0.649037 0.248817
vt 0.663289 0.249489
vt 0.677908 0.249763
vt 0.692312 0.249763
vt 0.677908 0.249763
vt 0.663198 0.249489
vt 0.648946 0.248817
vt 0.633869 0.248024
vt 0.617817 0.247230
vn -0.04790 0.96285 0.26419
vn -0.04790 0.96285 0.26419
vn -0.04790 0.96285 0.26419
vn -0.04888 0.96285 0.26419
vn -0.05376 -0.93060 0.36399
vn -0.05376 -0.93060 0.36399
vn -0.05376 -0.93060 0.36399
vn -0.05376 -0.93060 0.36399
vn -0.33822 -0.75073 -0.56947
vn -0.33822 -0.75073 -0.56947
vn -0.33822 -0.75073 -0.56947
vn -0.33822 -0.75073 -0.56947
vn -0.42229 -0.90616 -0.05479
vn -0.42229 -0.90616 -0.05479
vn -0.42229 -0.90616 -0.05479
vn -0.42229 -0.90616 -0.05479
vn -0.42229 -0.90616 -0.05479
vn -0.42229 -0.90616 -0.05479
vn -0.42229 -0.90616 -0.05479
vn -0.42229 -0.90616 -0.05479
vn -0.33040 0.75171 -0.57143
vn -0.33040 0.75171 -0.57143
vn -0.33040 0.75171 -0.57143
vn -0.33040 0.75171 -0.57143
vn -0.42229 0.90518 -0.05479
vn -0.42229 0.90518 -0.05479
vn -0.42229 0.90518 -0.05479
vn -0.42229 0.90518 -0.05479
vn -0.42229 0.90518 -0.05479
vn -0.42229 0.90518 -0.05479
vn -0.42229 0.90518 -0.05479
vn -0.42229 0.90518 -0.05479
vn -0.99316 0.00000 -0.12329
vn -0.99316 0.00000 -0.12329
vn -0.99316 0.00000 -0.12329
vn -0.99316 0.00000 -0.12329
vn -0.99413 0.00000 -0.11350
vn -0.99413 0.00000 -0.11350
vn -0.99413 0.00000 -0.11350
vn -0.99413 0.00000 -0.11350
vn 0.92082 0.00000 0.38943
vn 0.92082 0.00000 0.38943
vn 0.92082 0.00000 0.38943
vn 0.92082 0.00000 0.38943
vn 0.91691 0.00000 -0.39922
vn 0.91691 0.00000 -0.39922
vn 0.91691 0.00000 -0.39922
vn 0.91691 0.00000 -0.39922
vn 0.92082 0.00000 -0.39139
vn 0.92082 0.00000 -0.39139
vn 0.92082 0.00000 -0.39139
vn 0.92082 0.00000 -0.39139
vn 0.91691 -0.00098 -0.39922
vn 0.91691 -0.00098 -0.39922
vn 0.91691 -0.00098 -0.39922
vn 0.91691 -0.00098 -0.39922
vn 0.92082 -0.00098 -0.39139
vn 0.92082 -0.00098 -0.39139
vn 0.92082 -0.00098 -0.39139
vn 0.92082 -0.00098 -0.39139
vn -0.96285 0.00000 -0.27397
vn -0.96285 0.00000 -0.27397
vn -0.96285 0.00000 -0.27397
vn -0.96285 0.00000 -0.27397
vn -0.47019 0.40665 -0.78474
vn -0.49658 -0.26882 -0.82779
vn -0.58847 0.44770 -0.67515
vn -0.58456 -0.55230 -0.59687
vn 0.24927 -0.94330 0.22309
vn 0.26197 -0.78690 0.55969
vn 0.00782 -1.00000 0.03131
vn -0.04692 -0.98729 0.15851
vn -0.77810 -0.59629 0.20352
vn -0.42620 -0.86315 0.27397
vn -0.91593 -0.34702 0.20939
vn 0.81329 0.49560 -0.30528
vn 0.90811 0.25611 -0.33268
vn 0.92669 0.17009 -0.33659
vn 0.92669 -0.17107 -0.33659
vn 0.90811 -0.25709 -0.33268
vn 0.81329 -0.49658 -0.30528
vn -0.32942 0.16325 0.92955
vn -0.41251 0.08211 0.90802
vn -0.38807 0.00000 0.92172
vn -0.41251 -0.08309 0.90802
vn -0.32942 -0.16422 0.92955
vn 0.05963 -0.95308 0.29746
vn 0.51613 -0.61877 0.59295
vn 0.54643 -0.70968 0.44618
vn 0.65103 0.55230 0.52055
vn 0.67058 0.49365 0.55382
vn 0.81329 0.41838 0.40313
vn 0.94330 0.22581 0.24266
vn 0.99707 0.05181 -0.06067
vn 0.83871 -0.27957 0.46771
vn 0.74585 0.26979 0.60861
vn 0.70674 0.00000 0.70646
vn 0.70674 0.00000 0.70646
vn 0.83480 0.54741 -0.06458
vn 0.83675 0.54252 -0.08023
vn 0.40860 0.91105 -0.04892
vn 0.41642 0.90616 -0.07436
vn 0.83480 0.54741 -0.06458
vn 0.92473 -0.36364 -0.11155
vn 0.67155 -0.73412 -0.10372
vn 0.51906 -0.55718 -0.64971
vn 0.63343 0.44184 -0.63601
vn 0.77517 -0.53470 -0.33855
vn 0.83089 0.55327 -0.05284
vn 0.83871 -0.27957 0.46771
vn 0.74585 0.26979 0.60861
vn 0.34409 -0.93744 -0.05871
vn 0.67155 -0.73412 -0.10372
vn 0.35386 -0.93157 -0.08806
vn 0.92473 -0.36364 -0.11155
vn -0.82796 0.52395 -0.20352
vn -0.89638 0.42033 -0.14677
vn -0.76149 0.48387 -0.43444
vn -0.78690 0.41544 -0.45988
vn -0.48094 0.37634 -0.79452
vn 0.94330 0.22581 0.24266
vn 0.96579 -0.16911 0.19569
vn 0.99707 0.05181 -0.06067
vn 0.98338 -0.05376 -0.17613
vn 0.92180 0.00000 -0.38943
vn 0.92180 0.00000 -0.38943
vn 0.81329 -0.41935 0.40313
vn 0.67058 -0.49462 0.55382
vn 0.65103 -0.55327 0.52055
vn 0.96188 0.19453 -0.19178
vn 0.96872 0.09775 -0.23092
vn 0.97654 0.00196 -0.21722
vn 0.96970 -0.09580 -0.22701
vn 0.96481 -0.18964 -0.18591
vn 0.03226 0.70870 0.70450
vn 0.69697 0.50049 -0.51468
vn -0.43891 0.00978 0.89824
vn 0.72923 -0.33431 -0.59883
vn 0.05963 -0.68133 0.72994
vn -0.91593 0.34604 0.20939
vn -0.42620 0.86217 0.27397
vn -0.77810 0.59531 0.20352
vn -0.04692 0.98631 0.15851
vn 0.00782 0.99902 0.03131
vn 0.26197 0.78592 0.55969
vn 0.24927 0.94233 0.22309
vn 0.05963 0.95210 0.29746
vn 0.51613 0.61779 0.59295
vn 0.54643 0.70870 0.44618
vn 0.83871 0.27859 0.46771
vn 0.70674 0.00000 0.70646
vn 0.74585 -0.27077 0.60861
vn 0.70674 0.00000 0.70646
vn 0.92473 0.36266 -0.11155
vn 0.67155 0.73314 -0.10372
vn 0.35386 0.93060 -0.08806
vn 0.34409 0.93646 -0.05871
vn 0.67155 0.73314 -0.10372
vn 0.92473 0.36266 -0.11155
vn 0.83675 -0.54350 -0.08023
vn 0.83480 -0.54839 -0.06458
vn 0.41642 -0.90714 -0.07436
vn 0.40860 -0.91202 -0.04892
vn 0.83480 -0.54839 -0.06458
vn 0.61388 0.38514 -0.69080
vn 0.48289 0.76931 -0.41879
vn 0.32160 0.93157 -0.16830
vn 0.34115 0.92082 -0.18787
vn 0.38612 0.88661 -0.25440
vn 0.74585 -0.27077 0.60861
vn 0.83871 0.27859 0.46771
vn 0.83089 -0.55425 -0.05284
vn 0.77517 0.53372 -0.33855
vn 0.63343 -0.44282 -0.63601
vn 0.51906 0.55621 -0.64971
vn 0.05963 0.68035 0.72994
vn 0.72923 0.33333 -0.59883
vn -0.43891 -0.01075 0.89824
vn 0.69697 -0.50147 -0.51468
vn 0.07136 -0.73607 0.67319
vn 0.38612 -0.88759 -0.25440
vn 0.34115 -0.92180 -0.18787
vn 0.32160 -0.93255 -0.16830
vn 0.48289 -0.77028 -0.41879
vn 0.61388 -0.38612 -0.69080
vn 0.96188 -0.19550 -0.19178
vn 0.96872 -0.09873 -0.23092
vn 0.97654 -0.00293 -0.21722
vn 0.96970 0.09482 -0.22701
vn 0.96481 0.18866 -0.18591
vn -0.06452 -0.43304 0.90020
vn -0.06452 -0.43304 0.90020
vn -0.06452 -0.43304 0.90020
vn -0.06452 -0.43304 0.90020
vn 0.67351 0.25611 0.69276
vn 0.47996 0.67742 0.55773
vn 0.05767 0.92375 0.37769
vn -0.08895 0.90225 0.42270
vn -0.14761 0.89541 0.42074
vn 0.35973 -0.77615 0.51859
vn 0.67351 0.25611 0.69276
vn 0.43304 -0.65982 0.61448
vn 0.47996 0.67742 0.55773
vn 0.43304 -0.90225 -0.01174
vn 0.54057 -0.83969 0.05675
vn 0.30303 -0.95406 0.01370
vn 0.66373 -0.72239 0.19569
vn -0.06452 0.43206 0.90020
vn -0.06452 0.43206 0.90020
vn -0.06452 0.43206 0.90020
vn -0.06452 0.43206 0.90020
vn 0.67351 -0.25709 0.69276
vn 0.47996 -0.67840 0.55773
vn 0.05767 -0.92473 0.37769
vn -0.08895 -0.90323 0.42270
vn -0.14761 -0.89638 0.42074
vn 0.35973 0.77517 0.51859
vn 0.67351 -0.25709 0.69276
vn 0.43304 0.65885 0.61448
vn 0.47996 -0.67840 0.55773
vn 0.43304 0.90127 -0.01174
vn 0.54057 0.83871 0.05675
vn 0.30303 0.95308 0.01370
vn 0.66373 0.72141 0.19569
vn 0.37243 -0.92766 -0.04305
vn -0.01955 -0.98827 -0.16047
vn -0.01955 -0.98827 -0.16047
vn -0.14565 -0.97556 -0.17417
vn 0.06549 -0.99902 0.00391
vn 0.06354 -0.99902 0.00196
vn 0.06354 -0.99902 0.00196
vn 0.06158 -0.99902 -0.00196
vn 0.99804 0.00000 0.06067
vn 0.99804 0.00000 0.06067
vn 0.99804 0.00000 0.06067
vn 0.99804 0.00000 0.06067
vn 0.36266 0.67351 -0.64579
vn 0.89150 0.42522 0.15656
vn 0.50831 0.00000 -0.86301
vn 0.89150 -0.42620 0.15656
vn 0.61290 -0.79081 0.00196
vn 0.61681 -0.78788 0.00391
vn 0.61681 -0.78788 0.00391
vn 0.62170 -0.78397 0.00783
vn 0.34800 0.00000 0.93738
vn 0.34800 0.00000 0.93738
vn 0.34800 0.00000 0.93738
vn 0.34800 0.00000 0.93738
vn 0.36266 -0.67449 -0.64579
vn 0.89150 -0.42620 0.15656
vn 0.16227 0.66373 0.72994
vn 0.89150 0.42522 0.15656
vn 0.23558 -0.27273 0.93346
vn 0.15445 -0.47898 0.86497
vn 0.10459 -0.64907 0.75342
vn -0.01662 -0.67449 0.73777
vn 0.37243 0.92669 -0.04305
vn -0.01955 0.98729 -0.16047
vn -0.01955 0.98729 -0.16047
vn -0.14565 0.97458 -0.17417
vn 0.06549 0.99804 0.00391
vn 0.06354 0.99804 0.00196
vn 0.06354 0.99804 0.00196
vn 0.06158 0.99804 -0.00196
vn 0.99804 0.00000 0.06067
vn 0.99804 0.00000 0.06067
vn 0.99804 0.00000 0.06067
vn 0.99804 0.00000 0.06067
vn 0.61290 0.78983 0.00196
vn 0.61681 0.78690 0.00391
vn 0.61681 0.78690 0.00391
vn 0.62170 0.78299 0.00783
vn 0.74878 -0.04203 0.66145
vn 0.91398 -0.25415 0.31507
vn 0.80156 -0.02835 0.59687
vn 0.69306 0.65885 0.28963
vn 0.35973 0.91984 0.15068
vn 0.46725 0.86999 0.15264
vn 0.56891 0.80841 0.15264
vn 0.70283 -0.70577 -0.09002
vn 0.63636 -0.73021 -0.25245
vn 0.66667 -0.73803 -0.11155
vn -0.98631 -0.17009 -0.03718
vn -0.93157 0.04008 0.36399
vn -0.97458 0.21114 0.08219
vn -0.90714 0.02933 0.42074
vn 0.08798 0.57478 -0.81605
vn 0.09189 0.57087 -0.81800
vn 0.09189 0.57087 -0.81800
vn 0.09482 0.56696 -0.81996
vn 0.93255 0.30401 -0.19374
vn 0.93255 0.30401 -0.19374
vn 0.93255 0.30401 -0.19374
vn 0.93255 0.30401 -0.19374
vn -0.82307 0.17986 -0.54207
vn -0.82307 0.17986 -0.54207
vn -0.82307 0.17986 -0.54207
vn -0.82307 0.17986 -0.54207
vn -0.19550 -0.86217 0.46771
vn -0.56989 -0.81623 0.10568
vn -0.42424 -0.74878 -0.51272
vn -0.79472 -0.44575 -0.41487
vn -0.77713 0.06843 -0.62818
vn 0.16227 -0.66471 0.72994
vn 0.89150 -0.42620 0.15656
vn 0.23558 0.27175 0.93346
vn 0.15445 0.47801 0.86497
vn 0.10459 0.64809 0.75342
vn -0.01662 0.67351 0.73777
vn -0.23949 -0.69013 0.68297
vn -0.65396 -0.66667 0.36204
vn -0.56989 -0.81623 0.10568
vn -0.25024 -0.89638 0.36791
vn 0.52395 -0.75855 0.38943
vn 0.51515 -0.49071 0.70254
vn 0.78201 -0.34800 0.51663
vn 0.81818 -0.56207 0.12329
vn 0.91496 0.22581 0.33268
vn 0.80352 0.04692 0.59295
vn 0.52786 0.38025 0.75930
vn 0.40274 0.68328 0.60861
vn -0.39394 0.59726 0.69863
vn -0.44966 0.68817 0.56947
vn -0.63050 0.69110 0.35421
vn -0.58358 0.31867 0.74755
vn -0.74878 0.50440 0.43249
vn -0.74878 0.50440 0.43249
vn -0.23949 -0.69013 0.68297
vn 0.74878 0.04106 0.66145
vn 0.80156 0.02737 0.59687
vn 0.91398 0.25318 0.31507
vn 0.69306 -0.65982 0.28963
vn 0.35973 -0.92082 0.15068
vn 0.46725 -0.87097 0.15264
vn 0.56891 -0.80938 0.15264
vn -0.23949 -0.69013 0.68297
vn -0.58358 0.31867 0.74755
vn -0.65396 -0.66667 0.36204
vn -0.89443 -0.10850 -0.43836
vn -0.61290 0.54936 -0.56947
vn -0.64418 -0.17693 -0.74560
vn -0.49267 0.11730 -0.86497
vn -0.08993 0.36852 -0.92759
vn 0.42717 0.78299 -0.45401
vn 0.46921 0.22385 -0.85519
vn 0.91007 0.10753 -0.40117
vn 0.84066 -0.15249 -0.52055
vn 0.92180 -0.20332 -0.33268
vn 0.77713 -0.40958 -0.47945
vn -0.44966 -0.72727 -0.52250
vn 0.47507 -0.81329 -0.33855
vn 0.91789 -0.31672 -0.23875
vn 0.00587 -0.75269 -0.66145
vn -0.98631 0.16911 -0.03718
vn -0.93157 -0.04106 0.36399
vn -0.97458 -0.21212 0.08219
vn -0.90714 -0.03030 0.42074
vn 0.08798 -0.57576 -0.81605
vn 0.09189 -0.57185 -0.81800
vn 0.09189 -0.57185 -0.81800
vn 0.09482 -0.56794 -0.81996
vn 0.93255 -0.30499 -0.19374
vn 0.93255 -0.30499 -0.19374
vn 0.93255 -0.30499 -0.19374
vn 0.93255 -0.30499 -0.19374
vn -0.82307 -0.18084 -0.54207
vn -0.82307 -0.18084 -0.54207
vn -0.82307 -0.18084 -0.54207
vn -0.82307 -0.18084 -0.54207
vn -0.93157 -0.04106 0.36399
vn -0.80645 -0.03030 0.59295
vn -0.74878 -0.50538 0.43249
vn -0.23949 0.68915 0.68297
vn -0.79472 0.44477 -0.41487
vn -0.56989 0.81525 0.10568
vn -0.96090 -0.27273 -0.06458
vn -0.91789 -0.30792 -0.25636
vn -0.36950 -0.28935 -0.88454
vn -0.27957 -0.61779 -0.73777
vn 0.21505 -0.09189 -0.97456
vn 0.41838 -0.56403 -0.71429
vn 0.28152 0.45552 -0.84540
vn 0.80841 -0.15445 -0.56947
vn 0.66471 0.06354 -0.74560
vn 0.12903 0.14370 -0.98239
vn 0.47703 -0.06354 -0.87867
vn 0.13978 -0.21701 -0.96869
vn 0.28152 -0.45650 -0.84540
vn -0.34995 -0.93451 0.08219
vn 0.49951 -0.80352 0.32485
vn 0.39296 0.90616 0.15264
vn 0.39296 0.73216 -0.55773
vn 0.80352 0.52884 0.27202
vn 0.84848 0.39198 -0.35616
vn 0.96188 0.00000 0.27397
vn 0.88563 0.00000 -0.46575
vn 0.84751 -0.39198 -0.36008
vn 0.80254 -0.52981 0.27202
vn 0.39198 -0.73216 -0.55969
vn 0.39296 -0.90714 0.15264
vn -0.27664 -0.88368 -0.38160
vn -0.31281 -0.88661 0.34442
vn -0.69892 -0.69892 -0.16047
vn 0.68719 -0.25220 0.68102
vn 0.68719 0.25122 0.68102
vn 0.49951 0.80254 0.32485
vn 0.11535 0.89345 -0.43444
vn 0.44673 0.28935 -0.84736
vn 0.44379 -0.28837 -0.85127
vn 0.11535 -0.89443 -0.43444
vn -0.58162 -0.78788 0.20939
vn -0.89638 -0.35093 0.27202
vn -0.64907 -0.25709 -0.71820
vn -0.77713 -0.61193 -0.15460
vn -0.94233 -0.29228 0.16830
vn -0.93744 -0.31378 0.15656
vn -0.91398 -0.38025 0.14677
vn -0.84066 -0.45650 0.29354
vn -0.47116 -0.65689 0.59100
vn -0.39296 -0.62170 0.67906
vn 0.09189 -0.62072 0.77886
vn 0.44379 -0.54350 0.71233
vn 0.75953 -0.26002 0.59687
vn 0.88270 -0.14956 0.44423
vn 0.88661 -0.02639 0.45988
vn 0.90518 -0.08700 0.41683
vn -0.24047 0.68133 0.69080
vn 0.06745 0.80938 0.58317
vn 0.16716 0.85533 0.48924
vn 0.44770 0.83382 0.32094
vn 0.53666 0.62463 0.56751
vn 0.60117 0.26979 0.75147
vn 0.59629 -0.42326 0.68297
vn 0.71359 -0.31574 0.62622
vn 0.50440 -0.78495 0.36008
vn 0.17009 -0.84751 0.50294
vn 0.06745 -0.81036 0.58317
vn -0.24047 -0.68231 0.69080
vn 0.72923 -0.33431 -0.59883
vn 0.05963 -0.68133 0.72994
vn -0.09873 -0.92571 -0.36986
vn -0.28348 -0.73900 0.61252
vn -0.77224 -0.61486 0.16634
vn -0.67840 -0.25318 0.69080
vn -0.89638 0.43109 0.11350
vn -0.61388 0.26491 0.74364
vn -0.34897 0.74487 0.56751
vn -0.08602 0.92962 -0.36008
vn 0.03226 0.70870 0.70450
vn 0.69697 0.50049 -0.51468
vn 0.74585 -0.27077 0.60861
vn 0.83089 -0.55425 -0.05284
vn 0.03910 -0.97849 0.20744
vn -0.22581 -0.97165 -0.08611
vn -0.78006 -0.58651 0.21918
vn -0.92962 -0.34800 0.12720
vn -0.86413 0.47605 0.16438
vn -0.94135 0.33920 0.02153
vn -0.19648 0.96383 -0.18200
vn 0.06549 0.99218 0.10959
vn 0.77517 0.53372 -0.33855
vn 0.83871 0.27859 0.46771
vn -0.90420 0.12219 -0.41292
vn -0.91300 -0.26784 -0.31311
vn -0.91105 0.41251 -0.04110
vn -0.91789 0.30694 -0.25636
vn -0.36950 0.28837 -0.88454
vn -0.27957 0.61681 -0.73777
vn 0.21505 0.09091 -0.97456
vn 0.41838 0.56305 -0.71429
vn 0.28152 -0.45650 -0.84540
vn 0.80841 0.15347 -0.56947
vn 0.47703 -0.06354 -0.87867
vn 0.92766 0.37243 0.01761
vn 0.49951 0.80254 0.32485
vn 0.66276 0.30499 0.68297
vn -0.34995 0.93353 0.08219
vn -0.86901 0.46432 -0.17417
vn 0.74585 0.26979 0.60861
vn 0.83089 0.55327 -0.05284
vn 0.03910 0.97752 0.20744
vn -0.22581 0.97067 -0.08611
vn -0.78006 0.58553 0.21918
vn -0.92962 0.34702 0.12720
vn -0.86413 -0.47703 0.16438
vn -0.94135 -0.34018 0.02153
vn -0.19648 -0.96481 -0.18200
vn 0.06549 -0.99316 0.10959
vn 0.77517 -0.53470 -0.33855
vn 0.83871 -0.27957 0.46771
vn -0.60997 0.38416 -0.69472
vn -0.69892 0.69795 -0.16047
vn -0.31281 0.88563 0.34442
vn 0.39296 0.90616 0.15264
vn -0.27664 0.88270 -0.38160
vn 0.39296 0.73216 -0.55773
vn 0.11535 0.89345 -0.43444
vn -0.58162 0.78690 0.20939
vn -0.90811 0.39492 -0.14286
vn 0.81818 0.55034 -0.16438
vn 0.45064 0.87488 0.17808
vn -0.12317 0.53079 -0.83953
vn -0.12219 0.99022 -0.06654
vn 0.20235 0.66960 -0.71624
vn 0.15054 0.98436 -0.09002
vn 0.24927 0.70674 -0.66341
vn -0.41349 0.90714 0.07828
vn -0.28055 0.64418 -0.71233
vn -0.84653 0.33236 -0.41879
vn -0.93451 0.34702 0.09002
vn 0.77224 0.25709 0.57926
vn 0.64418 -0.25611 0.72016
vn 0.24047 0.10264 0.96477
vn 0.23949 -0.15543 0.95890
vn -0.12023 -0.17400 0.97847
vn -0.20430 0.17302 0.96282
vn -0.57869 -0.29912 0.75930
vn -0.63050 0.29717 0.71624
vn -0.71456 -0.22483 0.66341
vn -0.69013 0.33920 0.63992
vn 0.77126 0.57576 0.27006
vn 0.77224 0.25709 0.57926
vn 0.85337 -0.43793 0.28180
vn 0.64418 -0.25611 0.72016
vn 0.25318 -0.70381 0.66341
vn -0.29326 -0.61290 0.73386
vn -0.57869 -0.29912 0.75930
vn -0.33431 -0.82111 0.46380
vn -0.71456 -0.22483 0.66341
vn -0.09873 0.92473 -0.36986
vn -0.77224 0.61388 0.16634
vn -0.91300 0.26686 -0.31311
vn -0.89541 -0.43402 0.11155
vn -0.90420 -0.12317 -0.41292
vn -0.08407 -0.93060 -0.36008
vn 0.29423 -0.89932 0.32681
vn 0.48485 -0.86901 -0.10763
vn 0.69697 -0.58749 0.41096
vn 0.79765 -0.40371 -0.45010
vn 0.95112 -0.22092 0.21331
vn 0.88172 0.41251 -0.23092
vn 0.83675 0.26393 0.47945
vn 0.76344 0.40958 0.49902
vn 0.48094 0.82111 0.30724
vn 0.67937 0.60313 0.41683
vn 0.73216 0.51515 0.44423
vn 0.82502 0.45064 0.34051
vn 0.84066 0.32942 0.42857
vn 0.89345 0.22385 0.38943
vn 0.91300 0.21114 0.34834
vn 0.90420 -0.16911 0.39139
vn 0.90127 -0.28250 0.32877
vn 0.23754 -0.94428 0.23092
vn 0.28152 -0.78690 0.54990
vn -0.01075 -1.00000 0.04892
vn -0.12219 -0.98534 0.12720
vn -0.67644 -0.73118 0.09589
vn -0.46139 -0.87879 0.12720
vn -0.93842 -0.27761 0.21135
vn -0.77810 0.59531 0.20352
vn -0.91593 0.34604 0.20939
vn 0.14565 -0.94819 0.28571
vn 0.55230 -0.66764 0.49902
vn 0.58553 -0.74194 0.32681
vn -0.86999 -0.34115 0.35812
vn -0.75464 -0.36168 0.54795
vn -0.75953 -0.35093 0.54795
vn -0.69501 -0.18377 0.69667
vn -0.79863 -0.05279 0.60078
vn -0.96383 -0.04106 0.26614
vn -0.90909 -0.34800 0.23483
vn -0.98436 -0.18280 -0.02153
vn -0.75758 -0.33138 0.56360
vn -0.73900 -0.36559 0.56751
vn -0.23460 -0.73216 -0.64188
vn -0.33040 -0.77713 -0.53816
vn -0.37243 -0.76931 -0.52250
vn -0.48387 -0.74096 -0.46967
vn -0.50929 -0.72043 -0.47358
vn -0.55718 -0.75562 -0.34834
vn -0.58847 -0.78006 -0.22114
vn -0.54839 -0.82502 -0.14677
vn -0.49169 -0.84457 -0.21722
vn -0.40176 -0.87292 -0.28180
vn -0.40469 -0.87488 -0.27006
vn 0.81818 -0.55132 -0.16438
vn 0.45064 -0.87586 0.17808
vn -0.12317 -0.53177 -0.83953
vn -0.12219 -0.99120 -0.06654
vn 0.20235 -0.67058 -0.71624
vn 0.15054 -0.98534 -0.09002
vn 0.24927 -0.70772 -0.66341
vn -0.41349 -0.90811 0.07828
vn -0.28055 -0.64516 -0.71233
vn -0.84653 -0.33333 -0.41879
vn -0.93451 -0.34800 0.09002
vn 0.48485 0.86804 -0.10763
vn 0.69697 0.58651 0.41096
vn 0.79765 0.40274 -0.45010
vn 0.95112 0.21994 0.21331
vn 0.88172 -0.41349 -0.23092
vn 0.83675 -0.26491 0.47945
vn 0.76344 -0.41056 0.49902
vn 0.23754 0.94330 0.23092
vn 0.28152 0.78592 0.54990
vn -0.01075 0.99902 0.04892
vn -0.12219 0.98436 0.12720
vn -0.67644 0.73021 0.09589
vn -0.46139 0.87781 0.12720
vn -0.93842 0.27664 0.21135
vn -0.77810 -0.59629 0.20352
vn -0.91593 -0.34702 0.20939
vn 0.14565 0.94721 0.28571
vn 0.55230 0.66667 0.49902
vn 0.58553 0.74096 0.32681
vn 0.85728 0.08113 0.50881
vn 0.55230 0.66667 0.49902
vn 0.62463 0.04692 0.77886
vn 0.28152 0.78592 0.54990
vn 0.26197 -0.78690 0.55969
vn 0.51613 -0.61877 0.59295
vn 0.54643 -0.70968 0.44618
vn 0.07331 -0.35386 -0.93346
vn 0.06843 -0.19159 -0.98043
vn 0.07722 -0.26686 -0.96282
vn 0.04692 -0.07625 -0.99804
vn 0.05279 -0.05474 -1.00000
vn 0.04008 -0.00489 -1.00196
vn 0.04497 0.00587 -1.00000
vn 0.06647 0.03421 -1.00000
vn 0.67351 0.03324 0.73777
vn 0.62268 -0.00978 0.78082
vn 0.60313 -0.00684 0.79648
vn 0.56500 -0.01760 0.82387
vn 0.48094 0.00000 0.87671
vn 0.48094 0.00000 0.87671
vn 0.39492 0.00000 0.91781
vn 0.39492 0.00000 0.91781
vn 0.02053 0.00000 -1.00196
vn 0.03030 0.00000 -1.00196
vn 0.04497 0.00587 -1.00000
vn 0.03421 0.00000 -1.00196
vn 0.04497 -0.00684 -1.00000
vn 0.04008 0.00391 -1.00196
vn 0.04692 0.07527 -0.99804
vn 0.06843 0.19062 -0.98043
vn 0.07331 0.35288 -0.93346
vn 0.07722 0.26588 -0.96282
vn 0.05279 0.05376 -1.00000
vn 0.04497 -0.00684 -1.00000
vn 0.06647 -0.03519 -1.00000
vn -0.65982 0.20626 -0.72603
vn -0.96383 0.00000 -0.27202
vn -0.65982 -0.20723 -0.72603
vn -0.60997 -0.68426 -0.40313
vn -0.39198 -0.46334 -0.79648
vn -0.53177 -0.64125 -0.55577
vn -0.71750 -0.30303 -0.63014
vn -0.48778 -0.84457 -0.22896
vn -0.80743 -0.52981 -0.26614
vn -0.98729 0.00000 -0.16438
vn -0.80743 0.52884 -0.26614
vn -0.99413 0.00000 -0.11742
vn -0.66960 -0.73216 -0.13699
vn -0.08895 -0.98925 -0.12720
vn -0.09677 -0.73118 -0.67906
vn -0.08895 -0.26784 -0.96086
vn 0.95894 -0.25904 -0.11742
vn 0.33724 0.27566 -0.90215
vn 0.91789 0.38905 -0.07632
vn 0.33724 0.27566 -0.90215
vn -0.08895 0.98827 -0.12720
vn -0.09677 0.73021 -0.67906
vn -0.48778 0.84360 -0.22896
vn -0.66960 0.73118 -0.13699
vn 0.34018 0.93939 0.04697
vn 0.39687 0.91691 -0.03523
vn 0.44282 0.89541 -0.04110
vn 0.66862 0.52297 -0.52838
vn 0.69306 0.51124 -0.50881
vn 0.61388 -0.38612 -0.69080
vn 0.48289 -0.77028 -0.41879
vn -0.41349 0.91007 -0.04110
vn -0.40078 0.91593 -0.04305
vn -0.36364 0.86608 -0.34442
vn -0.35484 0.86901 -0.34638
vn -0.29326 0.70283 -0.64971
vn -0.29521 0.68524 -0.66732
vn -0.29228 0.63148 -0.72016
vn 0.72727 -0.68719 0.01761
vn 0.44086 -0.86119 0.25440
vn 0.81916 -0.53861 0.19961
vn 0.35386 -0.82111 0.44814
vn 0.78592 -0.04008 0.61644
vn 0.27273 -0.38514 0.88258
vn 0.43695 0.25806 0.86106
vn -0.05376 0.10753 0.99217
vn -0.14858 -0.37146 0.91585
vn -0.56598 0.00196 0.82387
vn -0.51222 -0.31281 0.80039
vn -0.75367 -0.38710 0.53229
vn -0.90714 0.12805 0.40117
vn -0.90420 -0.41544 0.10568
vn 0.94428 -0.32063 -0.08023
vn 0.98436 0.17009 0.04697
vn 0.92278 0.36364 0.12720
vn 0.53079 0.81720 0.22309
vn 0.58749 0.75855 0.27984
vn 0.18573 0.95210 0.24266
vn 0.13196 0.95210 0.27593
vn -0.30792 0.93255 0.18787
vn -0.36168 0.91691 0.17025
vn -0.65200 0.75171 0.09980
vn -0.38710 0.90714 0.16438
vn -0.93353 0.35777 0.05088
vn -0.99609 0.09384 -0.00391
vn 0.48289 0.76931 -0.41879
vn 0.61388 0.38514 -0.69080
vn 0.66862 -0.52395 -0.52838
vn 0.69306 -0.51222 -0.50881
vn 0.44282 -0.89638 -0.04110
vn 0.39687 -0.91789 -0.03523
vn 0.34018 -0.94037 0.04697
vn -0.41349 -0.91105 -0.04110
vn -0.40078 -0.91691 -0.04305
vn -0.36364 -0.86706 -0.34442
vn -0.35484 -0.86999 -0.34638
vn -0.29326 -0.70381 -0.64971
vn -0.29521 -0.68622 -0.66732
vn -0.29228 -0.63245 -0.72016
vn 0.72727 0.68622 0.01761
vn 0.44086 0.86022 0.25440
vn 0.81916 0.53763 0.19961
vn 0.35386 0.82014 0.44814
vn 0.78592 0.03910 0.61644
vn 0.27273 0.38416 0.88258
vn 0.43695 -0.25904 0.86106
vn -0.05376 -0.10850 0.99217
vn -0.14858 0.37048 0.91585
vn -0.56598 -0.00293 0.82387
vn -0.51222 0.31183 0.80039
vn -0.75367 0.38612 0.53229
vn -0.90714 -0.12903 0.40117
vn -0.90420 0.41447 0.10568
vn 0.94428 0.31965 -0.08023
vn 0.98436 -0.17107 0.04697
vn 0.92278 -0.36461 0.12720
vn 0.53079 -0.81818 0.22309
vn 0.58749 -0.75953 0.27984
vn 0.18573 -0.95308 0.24266
vn 0.13196 -0.95308 0.27593
vn -0.30792 -0.93353 0.18787
vn -0.36168 -0.91789 0.17025
vn -0.65200 -0.75269 0.09980
vn -0.38710 -0.90811 0.16438
vn -0.93353 -0.35875 0.05088
vn -0.99609 -0.09482 -0.00391
vn -0.74291 0.66960 -0.03914
vn -0.99609 -0.09482 -0.00391
vn -0.19648 0.96383 -0.18200
vn -0.73900 0.43500 -0.51663
vn -0.94135 0.33920 0.02153
vn -0.77028 -0.43402 -0.47162
vn -0.92962 -0.34800 0.12720
vn -0.22581 -0.97165 -0.08611
vn 0.63343 0.44184 -0.63601
vn -0.22581 0.97067 -0.08611
vn -0.28641 0.86510 -0.41487
vn -0.77028 0.43304 -0.47162
vn -0.44477 0.37732 -0.81409
vn -0.65005 0.01075 -0.76321
vn -0.73900 -0.43597 -0.51663
vn -0.60508 -0.45650 -0.65558
vn -0.26588 -0.86315 -0.43249
vn -0.19648 -0.96481 -0.18200
vn 0.51906 -0.55718 -0.64971
vn -0.94135 -0.34018 0.02153
vn -0.92962 0.34702 0.12720
vn -0.23949 0.68915 0.68297
vn -0.65396 0.66569 0.36204
vn -0.56989 0.81525 0.10568
vn -0.25024 0.89541 0.36791
vn -0.19550 0.86119 0.46771
vn 0.52395 0.75758 0.38943
vn 0.51515 0.48974 0.70254
vn 0.78201 0.34702 0.51663
vn 0.81818 0.56109 0.12329
vn 0.91496 -0.22678 0.33268
vn 0.80352 -0.04790 0.59295
vn 0.52786 -0.38123 0.75930
vn 0.40274 -0.68426 0.60861
vn -0.39394 -0.59824 0.69863
vn -0.44966 -0.68915 0.56947
vn -0.63050 -0.69208 0.35421
vn -0.58358 -0.31965 0.74755
vn -0.74878 -0.50538 0.43249
vn -0.23949 0.68915 0.68297
vn -0.58358 -0.31965 0.74755
vn -0.65396 0.66569 0.36204
vn -0.89443 0.10753 -0.43836
vn -0.61290 -0.55034 -0.56947
vn -0.64418 0.17595 -0.74560
vn -0.49267 -0.11828 -0.86497
vn -0.08993 -0.36950 -0.92759
vn 0.42717 -0.78397 -0.45401
vn 0.46921 -0.22483 -0.85519
vn 0.91007 -0.10850 -0.40117
vn 0.84066 0.15152 -0.52055
vn 0.92180 0.20235 -0.33268
vn 0.77713 0.40860 -0.47945
vn 0.66764 0.08504 -0.74168
vn 0.65005 0.32845 -0.68689
vn 0.48583 0.74780 -0.45401
vn 0.51711 0.00000 0.85519
vn 0.51711 0.00000 0.85519
vn 0.51711 0.00000 0.85519
vn 0.51711 0.00000 0.85519
vn 0.51711 0.00000 0.85519
vn 0.51711 0.00000 0.85519
vn 0.14370 0.92864 -0.34442
vn 0.41544 0.88661 -0.20548
vn 0.54839 0.76931 -0.32877
vn 0.63636 0.76931 -0.05675
vn 0.95308 0.00000 0.30137
vn 0.95308 0.00000 0.30137
vn 0.95308 0.00000 0.30137
vn 0.95308 0.00000 0.30137
vn 0.95308 0.00000 0.30137
vn 0.95308 0.00000 0.30137
vn 0.20039 0.00000 0.98043
vn 0.20039 0.00000 0.98043
vn 0.20039 0.00000 0.98043
vn 0.20039 0.00000 0.98043
vn 0.20039 0.00000 0.98043
vn 0.20039 0.00000 0.98043
vn -0.22678 0.00000 0.97456
vn -0.22678 0.00000 0.97456
vn -0.22678 0.00000 0.97456
vn -0.22678 0.00000 0.97456
vn -0.22678 0.00000 0.97456
vn -0.22678 0.00000 0.97456
vn 0.99707 0.00000 -0.07828
vn 0.99707 0.00000 -0.07828
vn 0.99707 0.00000 -0.07828
vn 0.99707 0.00000 -0.07828
vn 0.99707 0.00000 -0.07828
vn 0.99707 0.00000 -0.07828
vn 0.14370 -0.92962 -0.34442
vn 0.41544 -0.88759 -0.20548
vn 0.54839 -0.77028 -0.32877
vn 0.63636 -0.77028 -0.05675
vn 0.48094 0.82111 0.30724
vn 0.35973 0.77517 0.51859
vn -0.25220 0.93842 0.23483
vn 0.43304 0.65885 0.61448
vn -0.29326 0.89834 0.32681
vn -0.53959 0.79081 0.28963
vn 0.20626 0.91300 -0.35421
vn 0.39003 0.84946 -0.35616
vn 0.73021 0.68035 -0.05088
vn 0.71359 0.69892 -0.04305
vn -0.89834 0.43988 -0.03131
vn -0.87781 0.46921 -0.10176
vn -0.85533 0.50635 -0.12133
vn -0.83578 0.53372 -0.13699
vn -0.81329 0.56696 -0.13894
vn -0.74780 0.62072 -0.23875
vn -0.58651 0.67058 -0.45597
vn -0.60215 0.68231 -0.41487
vn -0.39980 0.81818 -0.41487
vn -0.58847 0.44770 -0.67515
vn -0.35582 0.91105 -0.21135
vn 0.20626 0.91300 -0.35421
vn 0.39003 0.84946 -0.35616
vn -0.61095 0.00000 -0.79452
vn -0.61095 0.00000 -0.79452
vn -0.88074 0.00000 -0.47554
vn -0.88074 0.00000 -0.47554
vn -0.99609 -0.09775 0.02348
vn -0.99120 0.09677 0.09393
vn -0.96676 -0.26002 0.02544
vn -0.94721 -0.32160 0.03327
vn -0.98045 -0.16325 0.11937
vn -0.97263 0.21701 0.09198
vn -0.94721 0.32063 0.03327
vn -0.96676 0.25904 0.02544
vn -0.96383 -0.04106 0.26614
vn -0.97947 0.03128 0.20548
vn -0.98436 -0.18280 -0.02153
vn -0.97165 0.24145 -0.00391
vn -0.99413 0.00000 -0.12133
vn -0.99413 0.00000 -0.12133
vn -0.86999 0.34018 0.35812
vn -0.75464 0.36070 0.54795
vn -0.75953 0.34995 0.54795
vn -0.69501 0.18280 0.69667
vn -0.79863 0.05181 0.60078
vn -0.90909 0.34702 0.23483
vn -0.75758 0.33040 0.56360
vn -0.73900 0.36461 0.56751
vn 0.59433 0.60508 0.52838
vn 0.03910 0.99902 0.03327
vn 0.32160 0.53763 0.77886
vn 0.18866 0.96676 0.17025
vn 0.20430 0.87390 0.44031
vn 0.47801 0.86999 -0.12133
vn 0.83675 0.46041 0.29550
vn 0.83675 0.21701 0.50098
vn 0.64125 0.47410 0.60274
vn 0.79277 0.60411 -0.08219
vn 0.70381 0.00000 0.71037
vn 0.59433 -0.60606 0.52838
vn 0.03910 -1.00000 0.03327
vn 0.32160 -0.53861 0.77886
vn 0.18866 -0.96774 0.17025
vn 0.20430 -0.87488 0.44031
vn 0.47801 -0.87097 -0.12133
vn 0.83675 -0.46139 0.29550
vn 0.83675 -0.21799 0.50098
vn 0.64125 -0.47507 0.60274
vn 0.74487 -0.66667 -0.04305
vn 0.79277 0.60411 -0.08219
vn 0.81329 -0.49560 -0.30724
vn 0.74389 0.60704 -0.28180
vn 0.91202 0.00684 -0.41096
vn 0.83480 -0.40958 -0.37182
vn 0.93939 0.00196 -0.34442
vn 0.89638 -0.35875 -0.26223
vn 0.98729 -0.01760 -0.15851
vn 0.88172 -0.46921 -0.04305
vn 0.99902 -0.03812 -0.02348
vn 0.76246 -0.62854 0.15460
vn 0.39394 -0.91593 0.08611
vn 0.27566 -0.92766 0.25245
vn -0.13685 -0.98045 0.14481
vn -0.34897 -0.92375 0.16243
vn -0.79277 -0.60997 0.04697
vn -0.75758 -0.64907 -0.09198
vn -0.94330 -0.07625 -0.32681
vn -1.00000 -0.01075 -0.05284
vn -0.85142 0.51613 -0.09980
vn -0.73216 0.61388 -0.29941
vn -0.38416 0.91789 -0.09980
vn -0.62854 0.77810 0.02348
vn -0.34995 0.93157 -0.10372
vn 0.34311 0.62659 0.69863
vn 0.84555 0.44379 0.29746
vn 0.40176 0.75171 0.52250
vn 0.68133 0.73021 0.04501
vn 0.43206 0.65298 -0.62231
vn 0.75758 0.36755 -0.54012
vn 0.53959 0.23851 -0.80822
vn 0.32747 0.35484 -0.87671
vn 0.91202 -0.00782 -0.41096
vn 0.83480 0.40762 -0.37182
vn 0.93939 -0.00293 -0.34442
vn 0.89638 0.35777 -0.26223
vn 0.98729 0.01662 -0.15851
vn 0.88172 0.46823 -0.04305
vn 0.99902 0.03715 -0.02348
vn 0.76246 0.62757 0.15460
vn 0.39394 0.91496 0.08611
vn 0.27566 0.92669 0.25245
vn -0.13685 0.97947 0.14481
vn -0.34897 0.92278 0.16243
vn -0.79277 0.60899 0.04697
vn -0.75758 0.64809 -0.09198
vn -0.94330 0.07527 -0.32681
vn -1.00000 0.00978 -0.05284
vn -0.85142 -0.51711 -0.09980
vn -0.73216 -0.61486 -0.29941
vn -0.38416 -0.91887 -0.09980
vn -0.62854 -0.77908 0.02348
vn -0.34995 -0.93255 -0.10372
vn 0.34311 -0.62757 0.69863
vn 0.84555 -0.44477 0.29746
vn 0.40176 -0.75269 0.52250
vn 0.68133 -0.73118 0.04501
vn 0.43206 -0.65396 -0.62231
vn 0.75758 -0.36852 -0.54012
vn 0.53959 -0.23949 -0.80822
vn 0.32747 -0.35582 -0.87671
vn -0.91105 0.41251 -0.04110
vn -0.96090 -0.27273 -0.06458
vn -0.91789 0.30694 -0.25636
vn -0.91789 -0.30792 -0.25636
vn -0.86901 0.46432 -0.17417
vn -0.77713 -0.61193 -0.15460
vn -0.64907 -0.25709 -0.71820
vn -0.60997 0.38416 -0.69472
vn -0.90811 0.39492 -0.14286
vn -0.89638 -0.35093 0.27202
vn -0.53959 -0.79179 0.28963
vn -0.29326 -0.89932 0.32681
vn -0.25220 -0.93939 0.23483
vn 0.43304 -0.65982 0.61448
vn 0.35973 -0.77615 0.51859
vn 0.48094 -0.82209 0.30724
vn -0.89834 -0.44086 -0.03131
vn -0.87781 -0.47019 -0.10176
vn -0.85533 -0.50733 -0.12133
vn -0.83578 -0.53470 -0.13699
vn -0.81329 -0.56794 -0.13894
vn -0.74780 -0.62170 -0.23875
vn -0.58651 -0.67155 -0.45597
vn -0.60215 -0.68328 -0.41487
vn -0.39980 -0.81916 -0.41487
vn -0.58456 -0.55230 -0.59687
vn -0.35582 -0.91202 -0.21135
vn 0.20626 -0.91398 -0.35421
vn 0.39003 -0.85044 -0.35616
vn -0.16227 0.00000 -0.98826
vn -0.16227 0.00000 -0.98826
vn -0.01662 0.00000 -1.00196
vn -0.01662 0.00000 -1.00196
vn 0.12903 0.00000 -0.99413
vn 0.12903 0.00000 -0.99413
vn 0.85728 -0.08211 0.50881
vn 0.55230 -0.66764 0.49902
vn 0.62463 -0.04790 0.77886
vn 0.28152 -0.78690 0.54990
vn 0.26197 0.78592 0.55969
vn 0.51613 0.61779 0.59295
vn 0.54643 0.70870 0.44618
vn -0.81916 0.50440 -0.27593
vn -0.56207 0.69013 -0.45793
vn 0.16227 0.96676 -0.19961
vn 0.22287 0.82991 -0.51272
vn 0.51320 0.52884 -0.67710
vn 0.35386 0.90811 -0.22309
vn 0.22483 0.96090 0.15851
vn 0.32356 0.93353 -0.15460
vn 0.80059 0.57380 0.17417
vn -0.81916 -0.50538 -0.27593
vn -0.56207 -0.69110 -0.45793
vn 0.16227 -0.96774 -0.19961
vn 0.22287 -0.83089 -0.51272
vn 0.51320 -0.52981 -0.67710
vn 0.35386 -0.90909 -0.22309
vn 0.22483 -0.96188 0.15851
vn 0.32356 -0.93451 -0.15460
vn 0.80059 -0.57478 0.17417
vn -0.48094 0.37634 -0.79452
vn -0.73509 0.01173 -0.68102
vn -0.76149 0.48387 -0.43444
vn -0.65005 0.74096 -0.17221
vn -0.82796 0.52395 -0.20352
vn -0.71359 0.60215 0.36008
vn -0.17400 0.98436 0.03327
vn -0.58162 0.78690 0.20939
vn -0.90811 0.39492 -0.14286
vn -0.81916 -0.41251 -0.40117
vn -0.84653 0.33236 -0.41879
vn -0.33431 -0.66764 -0.66732
vn -0.28055 0.64418 -0.71233
vn 0.24927 0.70674 -0.66341
vn 0.39492 -0.54643 -0.73973
vn 0.20235 0.66960 -0.71624
vn -0.02444 -0.70674 -0.71037
vn -0.12317 0.53079 -0.83953
vn -0.04106 -0.88856 -0.45988
vn 0.69599 -0.55132 -0.46184
vn 0.78690 -0.07722 -0.61448
vn 0.81818 0.55034 -0.16438
vn -0.76540 0.29228 0.57339
vn -0.87390 0.25122 0.41683
vn -0.81232 -0.21896 0.54207
vn -0.85044 -0.33431 0.40705
vn -0.52981 -0.65689 0.53620
vn -0.40078 -0.86999 0.28963
vn -0.19257 -0.86901 0.45793
vn -0.53079 -0.84457 -0.08611
vn -0.50538 -0.80156 0.32290
vn 0.08993 -0.70870 0.70059
vn -0.20919 -0.59238 0.77886
vn -0.93451 0.34702 0.09002
vn -0.84653 0.33236 -0.41879
vn -0.89541 -0.43304 0.11155
vn -0.81916 -0.41251 -0.40117
vn -0.33431 -0.66764 -0.66732
vn -0.46041 -0.87977 0.12524
vn -0.02542 -1.00000 0.02544
vn 0.39492 -0.54643 -0.73973
vn -0.02444 -0.70674 -0.71037
vn -0.07820 -0.99804 0.02544
vn -0.04106 -0.88856 -0.45988
vn 0.50733 -0.84066 0.18982
vn 0.69599 -0.55132 -0.46184
vn 0.96383 -0.09677 0.24658
vn 0.78690 -0.07722 -0.61448
vn 0.81818 0.55034 -0.16438
vn 0.45064 0.87488 0.17808
vn -0.71359 0.60215 0.36008
vn -0.90811 0.39492 -0.14286
vn -0.66373 0.06061 0.74560
vn -0.89638 -0.35093 0.27202
vn -0.66764 -0.09189 0.73973
vn -0.71359 -0.60313 0.36008
vn -0.58162 -0.78788 0.20939
vn -0.17400 -0.98534 0.03327
vn 0.11535 -0.89443 -0.43444
vn 0.17400 -0.93353 -0.31703
vn -0.03617 -0.98925 -0.14873
vn 0.29423 -0.95503 -0.06262
vn 0.28837 -0.90029 0.32877
vn 0.84751 -0.48485 0.21722
vn 0.73314 -0.39101 0.55577
vn 0.80059 0.57380 0.17417
vn 0.58260 -0.23558 0.77691
vn 0.27957 -0.67253 0.68689
vn 0.21799 -0.56598 0.79452
vn -0.26979 -0.50929 0.81800
vn -0.27273 -0.43206 0.86106
vn -0.67155 -0.01564 0.74168
vn -0.78397 -0.23265 0.57730
vn -0.59726 0.39003 0.70059
vn -0.91984 0.25806 0.29550
vn -0.29228 0.64712 0.70450
vn -0.58162 0.81036 0.07828
vn -0.73509 -0.01271 -0.68102
vn -0.65005 -0.74194 -0.17221
vn -0.16911 -0.89052 0.42466
vn 0.45064 -0.87586 0.17808
vn 0.81818 -0.55132 -0.16438
vn 0.96383 0.09580 0.24658
vn 0.78690 0.07625 -0.61448
vn 0.69599 0.55034 -0.46184
vn 0.50733 0.83969 0.18982
vn -0.04106 0.88759 -0.45988
vn -0.07820 0.99707 0.02544
vn -0.02444 0.70577 -0.71037
vn -0.02542 0.99902 0.02544
vn 0.39492 0.54545 -0.73973
vn -0.33431 0.66667 -0.66732
vn -0.46041 0.87879 0.12524
vn -0.89541 0.43206 0.11155
vn -0.81916 0.41153 -0.40117
vn -0.84653 -0.33333 -0.41879
vn -0.93451 -0.34800 0.09002
vn -0.81916 0.41153 -0.40117
vn -0.84653 -0.33333 -0.41879
vn -0.33431 0.66667 -0.66732
vn -0.28055 -0.64516 -0.71233
vn 0.24927 -0.70772 -0.66341
vn 0.39492 0.54545 -0.73973
vn 0.20235 -0.67058 -0.71624
vn -0.02444 0.70577 -0.71037
vn -0.12317 -0.53177 -0.83953
vn -0.04106 0.88759 -0.45988
vn 0.69599 0.55034 -0.46184
vn 0.78690 0.07625 -0.61448
vn 0.81818 -0.55132 -0.16438
vn -0.90714 -0.41838 -0.06067
vn -0.79668 0.53861 -0.27593
vn -0.96090 -0.20332 -0.19374
vn -0.62854 0.69208 -0.35616
vn -0.97556 0.01760 -0.22505
vn -0.53177 0.78788 -0.31311
vn -0.87683 0.45846 -0.15068
vn -0.25806 0.95015 -0.17808
vn 0.38319 0.90029 -0.20744
vn 0.42913 0.89638 -0.11350
vn 0.87390 0.48485 0.02348
vn 0.83871 0.52688 -0.14090
vn 0.98436 -0.17889 -0.00587
vn 0.89443 -0.41153 0.17808
vn 0.41642 -0.90714 0.06849
vn 0.24731 -0.94917 0.19961
vn -0.58358 -0.81134 -0.06067
vn -0.52884 -0.84653 0.07828
vn -0.90714 -0.40958 -0.11155
vn -0.97556 0.01760 -0.22505
vn -0.96090 -0.20332 -0.19374
vn -0.38025 -0.92473 -0.05088
vn -0.90714 -0.41838 -0.06067
vn -0.19941 -0.97752 0.08415
vn 0.48192 -0.87586 0.04501
vn 0.65885 -0.73998 0.13894
vn 0.96481 -0.26197 0.02544
vn 0.99511 0.09091 0.03914
vn 0.89345 0.43793 -0.09785
vn 0.37048 0.91300 -0.17221
vn 0.33822 0.89736 -0.28571
vn -0.09286 -0.77322 -0.63014
vn -0.32551 -0.94037 -0.11155
vn 0.16520 -0.91691 -0.36595
vn 0.33431 -0.94330 0.01566
vn -0.22190 -0.83382 0.50685
vn -0.67546 -0.69892 -0.24266
vn -0.46041 -0.82991 -0.32094
vn 0.29423 -0.86315 -0.41292
vn 0.35582 -0.92375 -0.14677
vn 0.51124 -0.81818 -0.26614
vn 0.46237 -0.78983 -0.40509
vn -0.90714 0.41740 -0.06067
vn -0.79668 -0.53959 -0.27593
vn -0.96090 0.20235 -0.19374
vn -0.62854 -0.69306 -0.35616
vn -0.97556 -0.01857 -0.22505
vn -0.53177 -0.78886 -0.31311
vn -0.87683 -0.45943 -0.15068
vn -0.25806 -0.95112 -0.17808
vn 0.38319 -0.90127 -0.20744
vn 0.42913 -0.89736 -0.11350
vn 0.87390 -0.48583 0.02348
vn 0.83871 -0.52786 -0.14090
vn 0.98436 0.17791 -0.00587
vn 0.89443 0.41056 0.17808
vn 0.41642 0.90616 0.06849
vn 0.24731 0.94819 0.19961
vn -0.58358 0.81036 -0.06067
vn -0.52884 0.84555 0.07828
vn -0.90714 0.40860 -0.11155
vn -0.97556 -0.01857 -0.22505
vn -0.96090 0.20235 -0.19374
vn -0.38025 0.92375 -0.05088
vn -0.90714 0.41740 -0.06067
vn -0.19941 0.97654 0.08415
vn 0.48192 0.87488 0.04501
vn 0.65885 0.73900 0.13894
vn 0.96481 0.26100 0.02544
vn 0.99511 -0.09189 0.03914
vn 0.89345 -0.43891 -0.09785
vn 0.37048 -0.91398 -0.17221
vn 0.33822 -0.89834 -0.28571
vn 0.72532 0.62366 -0.29354
vn 0.81916 -0.53861 0.19961
vn 0.81232 0.57283 0.10959
vn 0.78592 -0.04008 0.61644
vn 0.59042 0.64809 0.47945
vn 0.43695 0.25806 0.86106
vn 0.16520 0.63441 0.75538
vn -0.26197 0.81329 0.51859
vn -0.56598 0.00196 0.82387
vn -0.90714 0.12805 0.40117
vn -0.62366 0.78006 0.05675
vn -0.96774 0.24829 -0.06654
vn -0.90420 -0.41544 0.10568
vn -0.70577 0.55327 -0.44423
vn -0.71945 0.14858 -0.68102
vn -0.22385 0.89150 -0.39530
vn -0.14076 0.97654 -0.16634
vn 0.24829 0.95112 -0.18200
vn 0.61193 0.79081 0.02348
vn 0.39394 0.91691 0.05871
vn 0.27468 0.91789 0.28571
vn 0.17986 0.90518 0.38552
vn 0.21994 0.94037 0.25832
vn 0.12317 0.99120 0.04697
vn -0.16325 0.98631 0.02935
vn -0.07625 0.88759 -0.45597
vn -0.52395 0.81525 -0.25049
vn -0.25415 0.86608 -0.43249
vn -0.58358 0.79179 -0.18200
vn -0.35679 0.93451 0.00391
vn -0.35875 0.93060 -0.08023
vn -0.64614 0.74291 -0.18004
vn -0.62659 0.73998 -0.24658
vn -0.39394 -0.59824 0.69863
vn -0.51515 -0.81818 -0.26223
vn -0.63050 -0.69208 0.35421
vn -0.74585 -0.61095 -0.27202
vn -0.74878 -0.50538 0.43249
vn -0.79472 0.44477 -0.41487
vn -0.77713 -0.06940 -0.62818
vn -0.35875 0.93060 -0.08023
vn -0.39785 0.89247 -0.21526
vn -0.36266 0.89443 -0.26223
vn -0.46823 0.85435 -0.22896
vn -0.19355 0.94624 -0.26223
vn 0.18084 0.97067 -0.16047
vn 0.30303 0.95308 0.01370
vn 0.43304 0.90127 -0.01174
vn 0.25122 0.96285 -0.09393
vn -0.39394 0.59726 0.69863
vn -0.51515 0.81720 -0.26223
vn -0.63050 0.69110 0.35421
vn -0.74585 0.60997 -0.27202
vn -0.74878 0.50440 0.43249
vn -0.79472 -0.44575 -0.41487
vn -0.77713 0.06843 -0.62818
vn 0.57185 0.80645 0.15068
vn 0.36852 0.91007 0.18787
vn 0.60508 0.72923 0.31703
vn 0.19355 0.83578 0.51272
vn 0.55621 0.53568 0.63405
vn 0.21505 0.66862 0.71037
vn -0.27370 0.73021 0.62622
vn -0.50049 0.78886 0.35616
vn -0.67155 0.62268 0.40313
vn -0.74389 0.66569 0.06458
vn -0.43597 0.89541 0.09393
vn -0.71261 0.69697 -0.08415
vn 0.27468 -0.91887 0.28571
vn 0.30303 -0.95406 0.01370
vn 0.39394 -0.91789 0.05871
vn 0.43304 -0.90225 -0.01174
vn 0.61193 -0.79179 0.02348
vn 0.25122 -0.96383 -0.09393
vn 0.24829 -0.95210 -0.18200
vn -0.14076 -0.97752 -0.16634
vn -0.19355 -0.94721 -0.26223
vn 0.18084 -0.97165 -0.16047
vn -0.62366 -0.78104 0.05675
vn -0.96774 -0.24927 -0.06654
vn -0.62659 -0.74096 -0.24658
vn -0.70577 -0.55425 -0.44423
vn -0.46823 -0.85533 -0.22896
vn -0.36266 -0.89541 -0.26223
vn -0.56403 -0.33431 0.75538
vn -0.43891 -0.01075 0.89824
vn -0.41642 -0.14858 0.89824
vn 0.20235 -0.00196 0.97847
vn 0.61584 -0.32747 0.71624
vn 0.68524 -0.00587 0.72798
vn 0.58847 0.32356 0.74168
vn -0.43109 0.14565 0.89041
vn -0.53470 0.32454 0.78082
vn 0.05963 0.68035 0.72994
vn -0.52590 0.77028 -0.36204
vn -0.70870 0.52199 -0.47750
vn -0.96285 -0.12414 -0.24658
vn -0.88172 -0.23851 -0.41096
vn -0.37732 -0.91984 -0.11350
vn -0.28837 -0.95503 0.08611
vn 0.48289 -0.85337 0.19765
vn 0.73705 -0.58847 -0.33464
vn 0.94721 0.16227 0.27397
vn 0.77419 0.10068 -0.62622
vn 0.44770 0.80938 -0.37965
vn 0.18671 0.85142 0.48924
vn -0.52590 0.77028 -0.36204
vn -0.70870 0.52199 -0.47750
vn 0.77713 0.40860 -0.47945
vn 0.50733 0.75171 -0.42270
vn 0.00587 0.75171 -0.66145
vn 0.26100 0.91691 -0.30333
vn -0.32551 0.87683 -0.35616
vn -0.66471 0.52395 -0.53425
vn -0.64418 0.17595 -0.74560
vn -0.44966 0.72630 -0.52250
vn -0.89443 0.10753 -0.43836
vn -0.65396 0.66569 0.36204
vn 0.47507 0.81232 -0.33855
vn 0.91789 0.31574 -0.23875
vn 0.72532 -0.62463 -0.29354
vn 0.81916 0.53763 0.19961
vn 0.81232 -0.57380 0.10959
vn 0.78592 0.03910 0.61644
vn 0.59042 -0.64907 0.47945
vn 0.43695 -0.25904 0.86106
vn 0.16520 -0.63539 0.75538
vn -0.26197 -0.81427 0.52055
vn -0.56598 -0.00293 0.82387
vn -0.90714 -0.12903 0.40117
vn -0.90420 0.41447 0.10568
vn -0.71945 -0.14956 -0.68102
vn -0.22385 -0.89247 -0.39530
vn 0.17986 -0.90616 0.38552
vn 0.21994 -0.94135 0.25636
vn 0.12317 -0.99218 0.04697
vn -0.16325 -0.98729 0.02935
vn -0.07625 -0.88856 -0.45597
vn -0.52395 -0.81623 -0.25049
vn -0.25415 -0.86706 -0.43249
vn -0.58358 -0.79277 -0.18200
vn -0.35679 -0.93548 0.00391
vn -0.35875 -0.93157 -0.08023
vn -0.64614 -0.74389 -0.18004
vn 0.36852 -0.91105 0.18787
vn 0.19355 -0.83675 0.51272
vn -0.43597 -0.89638 0.09393
vn -0.50049 -0.78983 0.35616
vn -0.56403 0.33333 0.75538
vn -0.43891 0.00978 0.89824
vn -0.41642 0.14761 0.89824
vn 0.20235 0.00098 0.97847
vn 0.61584 0.32649 0.71624
vn 0.68524 0.00489 0.72798
vn 0.58847 -0.32454 0.74168
vn -0.43109 -0.14663 0.89041
vn -0.53470 -0.32551 0.78082
vn 0.05963 -0.68133 0.72994
vn -0.52590 -0.77126 -0.36204
vn -0.61290 -0.79179 -0.00978
vn 0.18671 -0.85239 0.48924
vn 0.06745 -0.69208 0.72016
vn 0.94721 -0.16325 0.27397
vn 0.64907 0.64125 0.40900
vn 0.48289 0.85239 0.19765
vn -0.28837 0.95406 0.08611
vn -0.86315 0.50733 -0.00391
vn -0.96285 0.12317 -0.24658
vn -0.61290 -0.79179 -0.00978
vn -0.52590 -0.77126 -0.36204
vn -0.76344 0.17400 -0.62427
vn -0.61877 0.67449 -0.40509
vn -0.86510 0.33529 -0.37769
vn -0.74976 0.60508 -0.27202
vn -0.98631 0.16911 -0.03718
vn -0.97458 -0.21212 0.08219
vn -0.76344 -0.17498 -0.62427
vn -0.61877 -0.67546 -0.40509
vn -0.86510 -0.33627 -0.37769
vn -0.74976 -0.60606 -0.27202
vn -0.98631 -0.17009 -0.03718
vn -0.97458 0.21114 0.08219
vn -0.65396 -0.66667 0.36204
vn -0.89443 -0.10850 -0.43836
vn -0.64418 -0.17693 -0.74560
vn -0.66471 -0.52493 -0.53425
vn -0.32551 -0.87781 -0.35616
vn 0.26100 -0.91789 -0.30333
vn 0.50733 -0.75269 -0.42270
vn 0.77713 -0.40958 -0.47945
vn -0.52590 -0.77126 -0.36204
vn -0.70870 -0.52297 -0.47750
vn -0.96285 0.12317 -0.24658
vn -0.88172 0.23754 -0.41096
vn -0.37732 0.91887 -0.11350
vn -0.28837 0.95406 0.08611
vn 0.48289 0.85239 0.19765
vn 0.73705 0.58749 -0.33464
vn 0.94721 -0.16325 0.27397
vn 0.77419 -0.10166 -0.62622
vn 0.44770 -0.81036 -0.37965
vn 0.18671 -0.85239 0.48924
vn -0.52590 -0.77126 -0.36204
vn -0.70870 -0.52297 -0.47750
vn 0.06647 0.50929 0.85714
vn 0.05181 0.54057 0.83953
vn -0.66471 0.61095 0.43053
vn -0.52884 0.67253 0.51859
vn -0.53079 0.64907 -0.54795
vn -0.60704 0.47996 -0.63601
vn -0.66471 0.25611 -0.70450
vn 0.03128 0.37341 -0.92955
vn 0.03030 0.50538 -0.86301
vn 0.70283 0.70479 -0.09002
vn 0.63636 0.72923 -0.25245
vn 0.66667 0.73705 -0.11155
vn 0.06647 -0.51026 0.85714
vn 0.05181 -0.54154 0.83953
vn -0.66471 -0.61193 0.43053
vn -0.52884 -0.67351 0.51859
vn -0.53079 -0.65005 -0.54795
vn -0.60704 -0.48094 -0.63601
vn -0.66471 -0.25709 -0.70450
vn 0.03128 -0.37439 -0.92955
vn 0.03030 -0.50635 -0.86301
vn 0.44184 0.70674 -0.55382
vn 0.44184 0.70674 -0.55382
vn -0.73216 0.47312 0.49119
vn -0.66080 0.56891 0.48924
vn -0.82991 0.51515 0.21722
vn -0.87977 0.35191 0.32094
vn -0.73607 0.31769 0.59687
vn -0.71750 0.34702 0.60470
vn -0.73216 -0.47410 0.49119
vn -0.66080 -0.56989 0.48924
vn -0.82991 -0.51613 0.21722
vn -0.87977 -0.35288 0.32094
vn -0.73607 -0.31867 0.59687
vn -0.71750 -0.34800 0.60470
vn -0.43011 0.86999 0.24070
vn -0.46725 0.86413 0.18787
vn -0.76149 0.62659 0.17025
vn -0.77810 0.60997 0.14873
vn -0.99120 0.00000 0.13699
vn -0.99316 0.00000 0.12329
vn -0.76051 -0.62463 0.18395
vn -0.77713 -0.60899 0.16438
vn -0.46823 -0.86022 0.20744
vn -0.43304 -0.86510 0.25636
vn -0.43011 -0.87097 0.24070
vn -0.46725 -0.86510 0.18787
vn -0.76149 -0.62757 0.17025
vn -0.77810 -0.61095 0.14873
vn -0.99120 -0.00098 0.13699
vn -0.99316 -0.00098 0.12329
vn -0.76051 0.62366 0.18395
vn -0.77713 0.60802 0.16438
vn -0.46823 0.85924 0.20744
vn -0.43304 0.86413 0.25636
vn -0.56403 -0.33431 0.75538
vn 0.07136 -0.73607 0.67319
vn -0.27468 -0.41642 0.86693
vn -0.31769 -0.79863 0.51272
vn -0.62757 -0.30010 0.72016
vn -0.50929 -0.26002 0.81996
vn -0.57087 0.00196 0.82192
vn -0.67840 0.25220 0.69080
vn -0.52199 0.27664 0.80626
vn -0.25024 0.37928 0.89041
vn -0.28348 0.73803 0.61252
vn 0.05963 0.68035 0.72994
vn -0.53470 0.32454 0.78082
vn -0.56403 0.33333 0.75538
vn 0.03226 0.70870 0.70450
vn -0.28152 0.32063 0.90411
vn -0.34897 0.74487 0.56751
vn -0.61388 0.26491 0.74364
vn -0.50929 0.25904 0.81996
vn -0.57087 -0.00293 0.82192
vn -0.67840 -0.25318 0.69080
vn -0.52199 -0.27761 0.80626
vn -0.25024 -0.38025 0.89041
vn -0.28348 -0.73900 0.61252
vn 0.05963 -0.68133 0.72994
vn -0.53470 -0.32551 0.78082
vn 0.92766 0.37243 0.01761
vn 0.88856 -0.38612 0.24658
vn 0.66276 0.30499 0.68297
vn 0.66667 -0.46823 0.57926
vn -0.52590 0.77028 -0.36204
vn -0.61290 0.79081 -0.00978
vn -0.96285 -0.12414 -0.24658
vn -0.86315 -0.50831 -0.00391
vn -0.28837 -0.95503 0.08611
vn 0.64907 -0.64223 0.40900
vn 0.48289 -0.85337 0.19765
vn 0.94721 0.16227 0.27397
vn 0.06745 0.69110 0.72016
vn 0.18671 0.85142 0.48924
vn -0.61290 0.79081 -0.00978
vn -0.52590 0.77028 -0.36204
vn 0.73021 -0.04692 0.68102
vn 0.74878 -0.02346 0.66145
vn 0.78592 0.01662 0.61644
vn 0.79570 -0.04399 0.60274
vn 0.57869 0.07429 0.81213
vn 0.70088 -0.03617 0.71233
vn 0.31183 0.45357 0.83366
vn 0.54252 0.10068 0.83366
vn 0.49756 -0.10362 0.86106
vn 0.20430 0.38319 0.90020
vn -0.37537 -0.50831 0.77495
vn -0.08895 -0.98925 -0.12720
vn 0.95894 -0.25904 -0.11742
vn 0.75953 -0.10362 0.64188
vn 0.91789 0.38905 -0.07632
vn 0.49756 0.10264 0.86106
vn -0.08895 0.98827 -0.12720
vn -0.37537 0.50733 0.77495
vn -0.66960 0.73118 -0.13699
vn -0.99413 0.00000 -0.11742
vn -0.18671 0.00000 0.98239
vn -0.66960 -0.73216 -0.13699
vn -0.97263 -0.02346 0.23483
vn -0.65103 0.74682 0.14090
vn -0.10459 0.99413 -0.03327
vn -0.28739 0.95601 -0.05284
vn 0.02248 0.99022 -0.13503
vn 0.35679 0.91398 -0.19178
vn 0.47898 0.86510 -0.14873
vn -0.64809 0.65005 -0.39922
vn 0.72043 0.49658 -0.48532
vn -0.35288 -0.23949 -0.90607
vn -0.52493 0.32942 -0.78669
vn 0.30401 -0.61290 -0.73190
vn 0.22678 -0.43597 -0.87280
vn -0.67937 0.30401 -0.67123
vn 0.81134 0.47410 -0.34442
vn 0.90909 0.41447 0.04305
vn 0.78983 -0.61290 -0.04501
vn 0.94233 0.31085 -0.12133
vn 0.64907 -0.64223 0.40900
vn 0.75269 0.26686 0.60078
vn 0.06745 0.69110 0.72016
vn -0.32258 0.93842 0.12720
vn 0.75367 0.33236 -0.56751
vn 0.90909 0.41447 0.04305
vn -0.52493 0.32942 -0.78669
vn 0.17889 0.98045 0.07436
vn 0.72043 0.49658 -0.48532
vn -0.12121 0.80645 0.57730
vn -0.64809 0.65005 -0.39922
vn -0.88074 0.43988 0.17808
vn -0.39003 -0.87586 -0.28963
vn -0.86315 -0.50831 -0.00391
vn -0.61290 0.79081 -0.00978
vn 0.94233 0.31085 -0.12133
vn -0.36755 0.71945 -0.59100
vn 0.06745 0.69110 0.72016
vn -0.32258 0.93842 0.12720
vn 0.75367 0.33236 -0.56751
vn -0.18280 -0.88465 0.43053
vn -0.02542 -0.62463 -0.78278
vn 0.85631 -0.50635 -0.10763
vn 0.58162 0.26882 -0.76908
vn 0.83089 0.44379 -0.33659
vn 0.84751 0.48387 0.21722
vn 0.56109 0.77419 -0.29354
vn 0.33333 0.72825 -0.60078
vn 0.17400 0.93255 -0.31703
vn 0.29423 0.95406 -0.06262
vn -0.03617 0.98827 -0.14873
vn 0.28837 0.89932 0.32877
vn -0.16911 0.88954 0.42466
vn 0.27957 0.67155 0.68689
vn -0.26979 0.50831 0.81800
vn 0.73314 0.39003 0.55577
vn -0.67155 0.01466 0.74168
vn -0.27273 0.43109 0.86106
vn 0.21799 0.56500 0.79452
vn 0.58260 0.23460 0.77691
vn 0.80059 -0.57478 0.17417
vn 0.22483 -0.96188 0.15851
vn -0.29228 -0.64809 0.70450
vn -0.58162 -0.81134 0.07828
vn -0.73509 0.01173 -0.68102
vn -0.48094 0.37634 -0.79452
vn -0.97263 0.02248 0.23483
vn -0.65103 -0.74780 0.14090
vn -0.10459 -0.99511 -0.03327
vn -0.28739 -0.95699 -0.05284
vn 0.02248 -0.99120 -0.13503
vn 0.35679 -0.91496 -0.19178
vn 0.47898 -0.86608 -0.14873
vn -0.69013 0.33920 0.63992
vn -0.33431 0.82014 0.46380
vn -0.63050 0.29717 0.71624
vn -0.29326 0.61193 0.73386
vn -0.20430 0.17302 0.96282
vn 0.25318 0.70283 0.66341
vn 0.24047 0.10264 0.96477
vn 0.77224 0.25709 0.57926
vn 0.77126 0.57576 0.27006
vn 0.29423 0.89834 0.32681
vn -0.64809 -0.65103 -0.39922
vn 0.72043 -0.49756 -0.48532
vn -0.35288 0.23851 -0.90607
vn -0.52493 -0.33040 -0.78669
vn 0.30401 0.61193 -0.73190
vn 0.22678 0.43500 -0.87280
vn -0.67937 -0.30499 -0.67123
vn 0.81134 -0.47507 -0.34442
vn 0.90909 -0.41544 0.04305
vn 0.78983 0.61193 -0.04501
vn 0.94233 -0.31183 -0.12133
vn 0.64907 0.64125 0.40900
vn 0.75269 -0.26784 0.60078
vn 0.06745 -0.69208 0.72016
vn -0.32258 -0.93939 0.12720
vn 0.75367 -0.33333 -0.56751
vn 0.90909 -0.41544 0.04305
vn -0.52493 -0.33040 -0.78669
vn 0.17889 -0.98143 0.07436
vn 0.72043 -0.49756 -0.48532
vn -0.12121 -0.80743 0.57730
vn -0.64809 -0.65103 -0.39922
vn -0.88074 -0.44086 0.17808
vn -0.39003 0.87488 -0.28963
vn -0.86315 0.50733 -0.00391
vn -0.61290 -0.79179 -0.00978
vn 0.81134 -0.47507 -0.34442
vn -0.20039 -0.75562 0.62427
vn -0.67937 -0.30499 -0.67123
vn 0.20626 -0.91398 -0.35421
vn 0.39003 -0.85044 -0.35616
vn 0.73021 -0.68133 -0.05088
vn 0.71359 -0.69990 -0.04305
vn 0.82502 -0.45161 0.34051
vn 0.90127 -0.28250 0.32877
vn 0.90420 -0.16911 0.39139
vn 0.84066 -0.33040 0.42857
vn 0.73216 -0.51613 0.44423
vn 0.67937 -0.60411 0.41683
vn 0.48094 -0.82209 0.30724
vn 0.67351 -0.03421 0.73777
vn 0.62268 0.00880 0.78082
vn 0.60313 0.00587 0.79648
vn 0.56500 0.01662 0.82387
vn 0.48094 0.00000 0.87671
vn 0.48094 0.00000 0.87671
vn 0.39492 0.00000 0.91781
vn 0.39492 0.00000 0.91781
vn -0.82796 -0.52493 -0.20352
vn -0.76149 -0.48485 -0.43444
vn -0.89638 -0.42131 -0.14677
vn -0.78690 -0.41642 -0.45988
vn -0.48094 -0.37732 -0.79452
vn -0.48094 -0.37732 -0.79452
vn -0.73509 -0.01271 -0.68102
vn -0.02542 0.62366 -0.78278
vn -0.18280 0.88368 0.43053
vn -0.58162 0.81036 0.07828
vn -0.29228 0.64712 0.70450
vn 0.22483 0.96090 0.15851
vn 0.85631 0.50538 -0.10763
vn 0.83089 -0.44477 -0.33659
vn 0.58162 -0.26979 -0.76908
vn -0.65982 0.20626 -0.72603
vn -0.60997 0.68328 -0.40313
vn -0.39198 0.46237 -0.79648
vn -0.53177 0.64027 -0.55577
vn -0.71750 0.30205 -0.63014
vn 0.56109 -0.77517 -0.29354
vn 0.33333 -0.72923 -0.60078
vn -0.36755 -0.38807 -0.84736
vn -0.31672 -0.24633 -0.91781
vn 0.19355 -0.21603 -0.95890
vn 0.16813 -0.04692 -0.98630
vn 0.66471 0.16618 -0.72994
vn 0.46237 0.12414 -0.88063
vn 0.48974 0.66960 -0.55969
vn 0.71163 0.69013 -0.13112
vn -0.17693 0.68133 -0.71233
vn -0.22874 0.76149 -0.60861
vn -0.57087 0.26784 -0.77886
vn -0.49560 0.21114 -0.84540
vn -0.31672 -0.24633 -0.91781
vn -0.36755 -0.38807 -0.84736
vn 0.72923 0.33333 -0.59883
vn 0.35484 0.48289 -0.80235
vn -0.09873 0.92473 -0.36986
vn 0.05474 0.79570 -0.60470
vn -0.67546 0.50635 -0.53816
vn -0.91300 0.26686 -0.31311
vn -0.86999 0.29912 -0.39530
vn -0.84946 0.00196 -0.53033
vn -0.90420 -0.12317 -0.41292
vn -0.81916 -0.50538 -0.27593
vn -0.56207 -0.69110 -0.45793
vn -0.08407 -0.93060 -0.36008
vn 0.22287 -0.83089 -0.51272
vn 0.69697 -0.50147 -0.51468
vn 0.51320 -0.52981 -0.67710
vn 0.57283 0.19355 -0.79843
vn 0.05474 -0.79668 -0.60470
vn -0.09873 -0.92571 -0.36986
vn 0.35484 -0.48387 -0.80235
vn 0.72923 -0.33431 -0.59883
vn 0.57283 -0.19453 -0.79843
vn 0.51320 0.52884 -0.67710
vn 0.69697 0.50049 -0.51468
vn 0.22287 0.82991 -0.51272
vn -0.08602 0.92962 -0.36008
vn -0.56207 0.69013 -0.45793
vn -0.90420 0.12219 -0.41292
vn -0.81916 0.50440 -0.27593
vn -0.84946 -0.00293 -0.53033
vn -0.91300 -0.26784 -0.31311
vn -0.86999 -0.30010 -0.39530
vn -0.67546 -0.50733 -0.53816
vn 0.90518 0.08602 0.41683
vn 0.88661 0.02542 0.45988
vn 0.88270 0.14858 0.44423
vn 0.75953 0.25904 0.59687
vn 0.44379 0.54252 0.71233
vn 0.09189 0.61975 0.77886
vn -0.47116 0.65591 0.59100
vn -0.39296 0.62072 0.67906
vn -0.84066 0.45552 0.29354
vn -0.91398 0.37928 0.14677
vn -0.93744 0.31281 0.15656
vn -0.94233 0.29130 0.16830
vn 0.33431 0.94233 0.01566
vn -0.22190 0.83284 0.50685
vn -0.32551 0.93939 -0.11155
vn -0.67546 0.69795 -0.24266
vn -0.46041 0.82893 -0.32094
vn 0.29423 0.86217 -0.41292
vn 0.35582 0.92278 -0.14677
vn 0.74389 0.60704 -0.28180
vn 0.51124 0.81720 -0.26614
vn 0.46237 0.78886 -0.40509
vn 0.16520 0.91593 -0.36595
vn -0.09286 0.77224 -0.63014
vn -0.53079 0.84360 -0.08611
vn -0.50538 0.80059 0.32290
vn -0.19257 0.86804 0.45793
vn 0.08993 0.70772 0.70059
vn -0.20919 0.59140 0.77886
vn -0.52981 0.65591 0.53620
vn -0.76540 0.29228 0.57339
vn -0.87390 0.25122 0.41683
vn -0.40078 0.86901 0.28963
vn -0.36755 0.38710 -0.84736
vn -0.31672 0.24536 -0.91781
vn 0.19355 0.21505 -0.95890
vn 0.16813 0.04594 -0.98630
vn 0.66471 -0.16716 -0.72994
vn 0.46237 -0.12512 -0.88063
vn 0.48974 -0.67058 -0.55969
vn 0.71163 -0.69110 -0.13112
vn -0.17693 -0.68231 -0.71233
vn -0.22874 -0.76246 -0.60861
vn -0.57087 -0.26882 -0.77886
vn -0.49560 -0.21212 -0.84540
vn -0.31672 0.24536 -0.91781
vn -0.36755 0.38710 -0.84736
vn 0.94233 -0.31183 -0.12133
vn -0.36755 -0.72043 -0.59100
vn 0.06745 -0.69208 0.72016
vn -0.32258 -0.93939 0.12720
vn 0.75367 -0.33333 -0.56751
vn 0.11535 0.89345 -0.43444
vn -0.78397 0.23167 0.57730
vn -0.59726 -0.39101 0.70059
vn -0.91984 -0.25904 0.29550
vn -0.29228 -0.64809 0.70450
vn -0.58162 -0.81134 0.07828
vn 0.05279 0.00000 0.99804
vn 0.20430 -0.38416 0.90020
vn 0.31183 -0.45455 0.83366
vn 0.44673 -0.07625 0.89041
vn 0.70088 0.03519 0.71233
vn -0.35875 -0.93157 -0.08023
vn -0.39785 -0.89345 -0.21526
vn -0.86510 0.33529 -0.37769
vn -0.76344 0.17400 -0.62427
vn -0.78397 -0.45650 -0.42466
vn -0.77713 -0.40176 -0.48728
vn -0.43500 -0.90029 -0.04892
vn 0.57185 -0.80743 0.15068
vn 0.60508 -0.73021 0.31703
vn 0.55621 -0.53666 0.63405
vn 0.21505 -0.66960 0.71037
vn -0.27370 -0.73118 0.62622
vn -0.67155 -0.62366 0.40313
vn -0.74389 -0.66667 0.06458
vn -0.71261 -0.69795 -0.08415
vn -0.76344 -0.17498 -0.62427
vn -0.86510 -0.33627 -0.37769
vn -0.78397 0.45552 -0.42466
vn -0.43500 0.89932 -0.04892
vn -0.77713 0.40078 -0.48728
vn 0.81134 0.47410 -0.34442
vn -0.20039 0.75464 0.62427
vn -0.67937 0.30401 -0.67123
vn 0.72923 0.33333 -0.59883
vn 0.05963 0.68035 0.72994
vn -0.28348 0.73803 0.61252
vn -0.67840 0.25220 0.69080
vn -0.62757 -0.30010 0.72016
vn -0.31769 -0.79863 0.51272
vn 0.07136 -0.73607 0.67319
vn 0.69697 -0.50147 -0.51468
vn -0.23460 0.73118 -0.64188
vn -0.33040 0.77615 -0.53816
vn -0.37243 0.76833 -0.52250
vn -0.48387 0.73998 -0.46967
vn -0.50929 0.71945 -0.47358
vn -0.55718 0.75464 -0.34834
vn -0.58847 0.77908 -0.22114
vn -0.54839 0.82405 -0.14677
vn -0.49169 0.84360 -0.21722
vn -0.40176 0.87195 -0.28180
vn -0.40469 0.87390 -0.27006
vn 0.31183 -0.45455 0.83366
vn 0.20430 -0.38416 0.90020
vn 0.25415 -0.83187 0.49315
vn 0.31183 0.45357 0.83366
vn 0.20430 0.38319 0.90020
vn 0.25415 0.83089 0.49315
vn 0.41642 0.90616 -0.07632
vn -0.53470 0.32454 0.78082
vn -0.25024 0.37928 0.89041
vn 0.31672 0.94037 -0.12133
vn -0.28152 0.32063 0.90411
vn -0.56403 0.33333 0.75538
vn 0.03226 0.70870 0.70450
vn -0.56403 0.33333 0.75538
vn -0.25024 -0.38025 0.89041
vn 0.41642 -0.90714 -0.07632
vn -0.53470 -0.32551 0.78082
vn -0.27468 -0.41642 0.86693
vn -0.56403 -0.33431 0.75538
vn 0.31672 -0.94135 -0.12133
vn 0.07136 -0.73607 0.67319
vn -0.56403 -0.33431 0.75538
vn 0.19648 -0.97067 0.14286
vn 0.27468 -0.91887 0.28571
vn 0.21994 -0.94135 0.25636
vn -0.49658 -0.26882 -0.82779
vn -0.58456 -0.55230 -0.59687
vn -0.58651 -0.67155 -0.45597
vn 0.00391 -0.99609 0.10176
vn 0.00391 -0.99609 0.10176
vn 0.00391 -0.99609 0.10176
vn -0.06061 -0.99413 0.10176
vn -0.06061 -0.99413 0.10176
vn -0.06061 -0.99413 0.10176
vn -0.08309 -0.90225 0.42466
vn -0.08309 -0.90225 0.42466
vn -0.08309 -0.90225 0.42466
vn 0.01369 -0.94721 0.32290
vn 0.01369 -0.94721 0.32290
vn 0.01369 -0.94721 0.32290
vn 0.47507 -0.34213 -0.81213
vn 0.47507 -0.34213 -0.81213
vn 0.47507 -0.34213 -0.81213
vn 0.28837 -0.24927 -0.92564
vn 0.28837 -0.24927 -0.92564
vn 0.28837 -0.24927 -0.92564
vn -0.19648 -0.97067 -0.15068
vn -0.19648 -0.97067 -0.15068
vn -0.19648 -0.97067 -0.15068
vn -0.84751 0.11828 0.51859
vn -0.84751 0.11828 0.51859
vn -0.84751 0.11828 0.51859
vn -0.91398 0.00782 0.40705
vn -0.91398 0.00782 0.40705
vn -0.91398 0.00782 0.40705
vn 0.91007 -0.40469 0.09785
vn 0.91007 -0.40469 0.09785
vn 0.91007 -0.40469 0.09785
vn 0.90811 -0.40762 0.09785
vn 0.90811 -0.40762 0.09785
vn 0.90811 -0.40762 0.09785
vn -0.90420 0.41251 -0.11546
vn -0.90420 0.41251 -0.11546
vn -0.90420 0.41251 -0.11546
vn -0.90029 0.42131 -0.11546
vn -0.90029 0.42131 -0.11546
vn -0.90029 0.42131 -0.11546
vn -0.00098 -0.03812 1.00000
vn -0.00098 -0.03812 1.00000
vn -0.00098 -0.03812 1.00000
vn 0.00000 -0.03617 1.00000
vn 0.00000 -0.03617 1.00000
vn 0.00000 -0.03617 1.00000
vn 0.91593 -0.01955 -0.40117
vn 0.91593 -0.01955 -0.40117
vn 0.91593 -0.01955 -0.40117
vn 0.84555 -0.18280 -0.50294
vn 0.84555 -0.18280 -0.50294
vn 0.84555 -0.18280 -0.50294
vn -0.40860 0.70283 -0.58513
vn -0.40860 0.70283 -0.58513
vn -0.40860 0.70283 -0.58513
vn -0.42326 0.76149 -0.49315
vn -0.42326 0.76149 -0.49315
vn -0.42326 0.76149 -0.49315
vn 0.56989 0.49267 -0.65949
vn 0.56989 0.49267 -0.65949
vn 0.56989 0.49267 -0.65949
vn 0.58260 0.39785 -0.71037
vn 0.58260 0.39785 -0.71037
vn 0.58260 0.39785 -0.71037
vn -0.06158 -0.92669 -0.37378
vn -0.06158 -0.92669 -0.37378
vn -0.06158 -0.92669 -0.37378
vn -0.36755 0.12805 -0.92368
vn -0.36755 0.12805 -0.92368
vn -0.36755 0.12805 -0.92368
vn -0.37243 0.12317 -0.92172
vn -0.37243 0.12317 -0.92172
vn -0.37243 0.12317 -0.92172
vn -0.11926 0.95503 0.27006
vn -0.11926 0.95503 0.27006
vn -0.11926 0.95503 0.27006
vn -0.34018 0.90714 0.24853
vn -0.34018 0.90714 0.24853
vn -0.34018 0.90714 0.24853
vn -0.42522 0.09775 -0.90215
vn -0.42522 0.09775 -0.90215
vn -0.42522 0.09775 -0.90215
vn -0.43500 0.08504 -0.89824
vn -0.43500 0.08504 -0.89824
vn -0.43500 0.08504 -0.89824
vn 0.31281 -0.82502 -0.47358
vn 0.31281 -0.82502 -0.47358
vn 0.31281 -0.82502 -0.47358
vn 0.21994 0.94037 0.25832
vn 0.19648 0.96970 0.14286
vn 0.27468 0.91789 0.28571
vn -0.58847 0.44770 -0.67515
vn -0.58651 0.67058 -0.45597
vn -0.47019 0.40665 -0.78474
vn 0.00391 0.99511 0.10176
vn 0.00391 0.99511 0.10176
vn 0.00391 0.99511 0.10176
vn -0.06061 0.99316 0.10176
vn -0.06061 0.99316 0.10176
vn -0.06061 0.99316 0.10176
vn -0.08309 0.90127 0.42466
vn -0.08309 0.90127 0.42466
vn -0.08309 0.90127 0.42466
vn 0.01369 0.94624 0.32290
vn 0.01369 0.94624 0.32290
vn 0.01369 0.94624 0.32290
vn 0.47507 0.34115 -0.81213
vn 0.47507 0.34115 -0.81213
vn 0.47507 0.34115 -0.81213
vn 0.28837 0.24829 -0.92564
vn 0.28837 0.24829 -0.92564
vn 0.28837 0.24829 -0.92564
vn -0.19648 0.96970 -0.15068
vn -0.19648 0.96970 -0.15068
vn -0.19648 0.96970 -0.15068
vn -0.84751 -0.11926 0.51859
vn -0.84751 -0.11926 0.51859
vn -0.84751 -0.11926 0.51859
vn -0.91398 -0.00880 0.40705
vn -0.91398 -0.00880 0.40705
vn -0.91398 -0.00880 0.40705
vn 0.91007 0.40371 0.09785
vn 0.91007 0.40371 0.09785
vn 0.91007 0.40371 0.09785
vn 0.90811 0.40665 0.09785
vn 0.90811 0.40665 0.09785
vn 0.90811 0.40665 0.09785
vn -0.90420 -0.41349 -0.11546
vn -0.90420 -0.41349 -0.11546
vn -0.90420 -0.41349 -0.11546
vn -0.90029 -0.42229 -0.11546
vn -0.90029 -0.42229 -0.11546
vn -0.90029 -0.42229 -0.11546
vn -0.00098 0.03715 1.00000
vn -0.00098 0.03715 1.00000
vn -0.00098 0.03715 1.00000
vn 0.00000 0.03519 1.00000
vn 0.00000 0.03519 1.00000
vn 0.00000 0.03519 1.00000
vn 0.91593 0.01857 -0.40117
vn 0.91593 0.01857 -0.40117
vn 0.91593 0.01857 -0.40117
vn 0.84555 0.18182 -0.50294
vn 0.84555 0.18182 -0.50294
vn 0.84555 0.18182 -0.50294
vn -0.40860 -0.70381 -0.58513
vn -0.40860 -0.70381 -0.58513
vn -0.40860 -0.70381 -0.58513
vn -0.42326 -0.76246 -0.49315
vn -0.42326 -0.76246 -0.49315
vn -0.42326 -0.76246 -0.49315
vn 0.56989 -0.49365 -0.65949
vn 0.56989 -0.49365 -0.65949
vn 0.56989 -0.49365 -0.65949
vn 0.58260 -0.39883 -0.71037
vn 0.58260 -0.39883 -0.71037
vn 0.58260 -0.39883 -0.71037
vn -0.06158 0.92571 -0.37378
vn -0.06158 0.92571 -0.37378
vn -0.06158 0.92571 -0.37378
vn -0.36755 -0.12903 -0.92368
vn -0.36755 -0.12903 -0.92368
vn -0.36755 -0.12903 -0.92368
vn -0.37243 -0.12414 -0.92172
vn -0.37243 -0.12414 -0.92172
vn -0.37243 -0.12414 -0.92172
vn -0.11926 -0.95601 0.27006
vn -0.11926 -0.95601 0.27006
vn -0.11926 -0.95601 0.27006
vn -0.34018 -0.90811 0.24853
vn -0.34018 -0.90811 0.24853
vn -0.34018 -0.90811 0.24853
vn -0.42522 -0.09873 -0.90215
vn -0.42522 -0.09873 -0.90215
vn -0.42522 -0.09873 -0.90215
vn -0.43500 -0.08602 -0.89824
vn -0.43500 -0.08602 -0.89824
vn -0.43500 -0.08602 -0.89824
vn 0.31281 0.82405 -0.47358
vn 0.31281 0.82405 -0.47358
vn 0.31281 0.82405 -0.47358
vn 0.16227 0.66373 0.72994
vn 0.89150 0.42522 0.15656
vn 0.36266 0.67351 -0.64579
vn 0.45064 -0.10459 0.88650
vn 0.45064 -0.10459 0.88650
vn 0.45064 -0.10459 0.88650
vn 0.91789 0.38905 -0.07632
vn 0.95894 -0.25904 -0.11742
vn 0.33724 0.27566 -0.90215
vn -0.41935 0.00000 -0.90998
vn -0.08895 -0.26784 -0.96086
vn 0.33724 0.27566 -0.90215
vn -0.08895 -0.26784 -0.96086
vn -0.41935 0.00000 -0.90998
vn -0.41935 0.00000 -0.90998
vn -0.14370 0.00000 -0.99217
vn -0.14370 0.00000 -0.99217
vn 0.36266 -0.67449 -0.64579
vn 0.16227 -0.66471 0.72994
vn 0.89150 -0.42620 0.15656
vn 0.45064 0.10362 0.88650
vn 0.45064 0.10362 0.88650
vn 0.45064 0.10362 0.88650
vn -0.89052 0.31867 -0.32877
vn -0.89052 0.31867 -0.32877
vn -0.89052 0.31867 -0.32877
vn 0.95797 0.26197 -0.11937
vn 0.95797 0.26197 -0.11937
vn 0.95797 0.26197 -0.11937
vn -0.90811 0.08211 -0.41292
vn -0.90811 0.08211 -0.41292
vn -0.90811 0.08211 -0.41292
vn 0.83773 0.54350 -0.04305
vn 0.83773 0.54350 -0.04305
vn 0.83773 0.54350 -0.04305
vn 0.01075 -0.97067 -0.24462
vn 0.01075 -0.97067 -0.24462
vn 0.01075 -0.97067 -0.24462
vn 0.01955 -0.97067 -0.24266
vn 0.01955 -0.97067 -0.24266
vn 0.01955 -0.97067 -0.24266
vn 0.24731 -0.94330 -0.22701
vn 0.24731 -0.94330 -0.22701
vn 0.24731 -0.94330 -0.22701
vn 0.02933 -0.96090 -0.27984
vn 0.02933 -0.96090 -0.27984
vn 0.02933 -0.96090 -0.27984
vn 0.57380 -0.05670 0.81605
vn 0.74878 -0.04203 0.66145
vn -0.93157 0.04008 0.36399
vn -0.80645 0.02933 0.59295
vn -0.99609 0.09384 -0.00391
vn -0.74291 -0.67058 -0.03914
vn -0.77713 0.40078 -0.48728
vn -0.76344 -0.17498 -0.62427
vn -0.96676 0.02053 -0.25832
vn 0.44184 -0.70772 -0.55382
vn 0.44184 -0.70772 -0.55382
vn -0.06158 -0.98338 -0.18004
vn -0.06158 -0.98338 -0.18004
vn -0.06158 -0.98338 -0.18004
vn 0.04497 -0.98827 0.15264
vn 0.04497 -0.98827 0.15264
vn 0.04497 -0.98827 0.15264
vn 0.01760 -0.98045 0.20157
vn 0.01760 -0.98045 0.20157
vn 0.01760 -0.98045 0.20157
vn 0.03715 0.80841 -0.58904
vn 0.03715 0.80841 -0.58904
vn 0.03715 0.80841 -0.58904
vn -0.02835 0.92375 -0.38356
vn -0.02835 0.92375 -0.38356
vn -0.02835 0.92375 -0.38356
vn -0.89052 -0.31965 -0.32877
vn -0.89052 -0.31965 -0.32877
vn -0.89052 -0.31965 -0.32877
vn 0.95797 -0.26295 -0.11937
vn 0.95797 -0.26295 -0.11937
vn 0.95797 -0.26295 -0.11937
vn -0.90811 -0.08309 -0.41292
vn -0.90811 -0.08309 -0.41292
vn -0.90811 -0.08309 -0.41292
vn 0.83773 -0.54448 -0.04305
vn 0.83773 -0.54448 -0.04305
vn 0.83773 -0.54448 -0.04305
vn 0.01075 0.96970 -0.24462
vn 0.01075 0.96970 -0.24462
vn 0.01075 0.96970 -0.24462
vn 0.01955 0.96970 -0.24266
vn 0.01955 0.96970 -0.24266
vn 0.01955 0.96970 -0.24266
vn 0.24731 0.94233 -0.22701
vn 0.24731 0.94233 -0.22701
vn 0.24731 0.94233 -0.22701
vn 0.02933 0.95992 -0.27984
vn 0.02933 0.95992 -0.27984
vn 0.02933 0.95992 -0.27984
vn 0.74878 0.04106 0.66145
vn 0.57380 0.05572 0.81605
vn -0.42424 0.74780 -0.51272
vn -0.77713 -0.06940 -0.62818
vn 0.63343 -0.44282 -0.63601
vn -0.28641 -0.86608 -0.41487
vn -0.44477 -0.37830 -0.81409
vn -0.65005 -0.01173 -0.76321
vn -0.60508 0.45552 -0.65558
vn -0.26588 0.86217 -0.43249
vn 0.51906 0.55621 -0.64971
vn -0.77713 -0.40176 -0.48728
vn -0.96676 -0.02151 -0.25832
vn -0.76344 0.17400 -0.62427
vn 0.66764 -0.08602 -0.74168
vn 0.65005 -0.32942 -0.68689
vn 0.48583 -0.74878 -0.45401
vn -0.06158 0.98240 -0.18004
vn -0.06158 0.98240 -0.18004
vn -0.06158 0.98240 -0.18004
vn 0.04497 0.98729 0.15264
vn 0.04497 0.98729 0.15264
vn 0.04497 0.98729 0.15264
vn 0.01760 0.97947 0.20157
vn 0.01760 0.97947 0.20157
vn 0.01760 0.97947 0.20157
vn 0.03715 -0.80938 -0.58904
vn 0.03715 -0.80938 -0.58904
vn 0.03715 -0.80938 -0.58904
vn -0.02835 -0.92473 -0.38356
vn -0.02835 -0.92473 -0.38356
vn -0.02835 -0.92473 -0.38356
vn 0.43304 0.85728 -0.27984
vn 0.49756 0.84457 -0.19961
vn 0.35484 0.89541 -0.26810
vn 0.38612 0.91789 -0.09393
vn 0.28837 0.94819 -0.13307
vn 0.29814 0.95112 0.07632
vn 0.39101 0.91496 0.09589
vn 0.25611 0.95503 0.14677
vn 0.42522 0.88954 0.16438
vn 0.57087 0.80645 0.15068
vn 0.62072 0.73314 0.27593
vn 0.69892 0.67253 0.24070
vn 0.70870 0.60411 0.36399
vn 0.80352 0.51808 0.29159
vn 0.79570 0.45161 0.40313
vn 0.88954 0.33138 0.31507
vn 0.86510 0.29228 0.40509
vn 0.93451 0.16422 0.31507
vn 0.90420 0.13294 0.40509
vn 0.93842 0.00000 0.34638
vn 0.91398 0.00000 0.40509
vn 0.90420 -0.13392 0.40509
vn 0.93451 -0.16520 0.31507
vn 0.86510 -0.29326 0.40509
vn 0.88954 -0.33236 0.31507
vn 0.79570 -0.45259 0.40313
vn 0.80352 -0.51906 0.29159
vn 0.70870 -0.60508 0.36399
vn 0.69892 -0.67351 0.24070
vn 0.62072 -0.73412 0.27593
vn 0.57087 -0.80743 0.15068
vn 0.42522 -0.89052 0.16438
vn 0.39101 -0.91593 0.09589
vn 0.25611 -0.95601 0.14677
vn 0.29814 -0.95210 0.07632
vn 0.38612 -0.91887 -0.09393
vn 0.28837 -0.94917 -0.13307
vn 0.35484 -0.89638 -0.26810
vn 0.49756 -0.84555 -0.19961
vn 0.43304 -0.85826 -0.27984
vn 0.60313 -0.77419 -0.19374
vn 0.65298 -0.74682 -0.13307
vn 0.77028 -0.61877 -0.15656
vn 0.80254 -0.58847 -0.10176
vn 0.89736 -0.41153 -0.16047
vn 0.92375 -0.37732 -0.06849
vn 0.96774 -0.20626 -0.14873
vn 0.98338 -0.17595 -0.04892
vn 0.99022 0.00000 -0.14286
vn 1.00000 0.00000 -0.01174
vn 0.98338 0.17498 -0.04892
vn 0.96774 0.20528 -0.14873
vn 0.92375 0.37634 -0.06849
vn 0.89736 0.41056 -0.16047
vn 0.80254 0.58749 -0.10176
vn 0.77028 0.61779 -0.15656
vn 0.65298 0.74585 -0.13307
vn 0.60313 0.77322 -0.19374
vn 0.54936 0.83480 -0.03131
vn 0.68133 0.73118 0.02544
vn 0.82307 0.56012 0.09198
vn 0.92571 0.35582 0.12720
vn 0.97556 0.17204 0.13699
vn 0.98534 0.00000 0.16830
vn 0.97556 -0.17302 0.13699
vn 0.92571 -0.35679 0.12720
vn 0.82307 -0.56109 0.09198
vn 0.68133 -0.73216 0.02544
vn 0.54936 -0.83578 -0.03131
f 1/1/1 2/2/2 3/3/3
f 2/2/2 4/4/4 3/3/3
f 5/5/5 6/6/6 7/7/7
f 6/6/6 8/8/8 7/7/7
f 9/9/9 10/10/10 11/11/11
f 10/10/10 12/12/12 11/11/11
f 13/13/13 14/14/14 15/15/15
f 14/14/14 16/16/16 15/15/15
f 17/17/17 18/18/18 19/19/19
f 18/18/18 20/20/20 19/19/19
f 21/21/21 22/22/22 23/23/23
f 22/22/22 24/24/24 23/23/23
f 25/25/25 26/26/26 27/27/27
f 26/26/26 28/28/28 27/27/27
f 29/29/29 30/30/30 31/31/31
f 30/30/30 32/32/32 31/31/31
f 33/33/33 34/34/34 35/35/35
f 34/34/34 36/36/36 35/35/35
f 37/37/37 38/38/38 39/39/39
f 38/38/38 40/40/40 39/39/39
f 41/41/41 42/42/42 43/43/43
f 42/42/42 44/44/44 43/43/43
f 45/45/45 46/46/46 47/47/47
f 46/46/46 48/48/48 47/47/47
f 49/49/49 50/50/50 51/51/51
f 50/50/50 52/52/52 51/51/51
f 53/53/53 54/54/54 55/55/55
f 54/54/54 56/56/56 55/55/55
f 57/57/57 58/58/58 59/59/59
f 58/58/58 60/60/60 59/59/59
f 61/61/61 62/62/62 63/63/63
f 62/62/62 64/64/64 63/63/63
f 65/65/65 66/66/66 67/67/67
f 66/66/66 68/68/68 67/67/67
f 69/69/69 70/70/70 71/71/71
f 70/70/70 72/72/72 71/71/71
f 71/71/71 72/72/72 73/73/73
f 72/72/72 74/74/74 73/73/73
f 73/73/73 74/74/74 75/75/75
f 76/76/76 78/78/78 77/77/77
f 77/77/77 78/78/78 79/79/79
f 78/78/78 80/80/80 79/79/79
f 79/79/79 80/80/80 81/81/81
f 82/82/82 84/84/84 83/83/83
f 83/83/83 84/84/84 85/85/85
f 84/84/84 86/86/86 85/85/85
f 72/72/72 70/70/70 87/87/87
f 70/70/70 88/88/88 87/87/87
f 87/87/87 88/88/88 89/89/89
f 90/90/90 92/92/92 91/91/91
f 91/91/91 92/92/92 93/93/93
f 92/92/92 94/94/94 93/93/93
f 95/95/95 96/96/96 97/97/97
f 96/96/96 98/98/98 97/97/97
f 99/99/99 100/100/100 101/101/101
f 100/100/100 102/102/102 101/101/101
f 103/103/103 104/104/104 100/100/100
f 104/104/104 105/105/105 100/100/100
f 106/106/106 107/107/107 108/108/108
f 107/107/107 109/109/109 108/108/108
f 108/108/108 109/109/109 110/110/110
f 109/109/109 111/111/111 110/110/110
f 112/112/112 113/113/113 114/114/114
f 113/113/113 115/115/115 114/114/114
f 116/116/116 117/117/117 118/118/118
f 117/117/117 119/119/119 118/118/118
f 118/118/118 119/119/119 120/120/120
f 121/121/121 123/123/123 122/122/122
f 122/122/122 123/123/123 124/124/124
f 123/123/123 125/125/125 124/124/124
f 124/124/124 125/125/125 126/126/126
f 124/124/124 127/127/127 122/122/122
f 122/122/122 127/127/127 128/128/128
f 127/127/127 129/129/129 128/128/128
f 130/130/130 131/131/131 132/132/132
f 131/131/131 133/133/133 132/132/132
f 132/132/132 133/133/133 134/134/134
f 135/135/135 137/137/137 136/136/136
f 136/136/136 137/137/137 138/138/138
f 137/137/137 139/139/139 138/138/138
f 140/140/140 141/141/141 142/142/142
f 141/141/141 143/143/143 142/142/142
f 142/142/142 143/143/143 144/144/144
f 143/143/143 145/145/145 144/144/144
f 144/144/144 145/145/145 146/146/146
f 143/143/143 147/147/147 145/145/145
f 145/145/145 147/147/147 148/148/148
f 147/147/147 149/149/149 148/148/148
f 150/150/150 151/151/151 152/152/152
f 151/151/151 153/153/153 152/152/152
f 154/154/154 155/155/155 156/156/156
f 155/155/155 157/157/157 156/156/156
f 158/158/158 159/159/159 160/160/160
f 159/159/159 161/161/161 160/160/160
f 162/162/162 160/160/160 163/163/163
f 160/160/160 164/164/164 163/163/163
f 165/165/165 166/166/166 167/167/167
f 166/166/166 168/168/168 167/167/167
f 167/167/167 168/168/168 169/169/169
f 170/170/170 172/172/172 171/171/171
f 171/171/171 172/172/172 173/173/173
f 172/172/172 174/174/174 173/173/173
f 173/173/173 174/174/174 175/175/175
f 176/176/176 178/178/178 177/177/177
f 177/177/177 178/178/178 179/179/179
f 178/178/178 180/180/180 179/179/179
f 181/181/181 182/182/182 183/183/183
f 182/182/182 184/184/184 183/183/183
f 183/183/183 184/184/184 185/185/185
f 186/186/186 188/188/188 187/187/187
f 187/187/187 188/188/188 189/189/189
f 188/188/188 190/190/190 189/189/189
f 191/191/191 192/192/192 193/193/193
f 192/192/192 194/194/194 193/193/193
f 195/195/195 196/196/196 197/197/197
f 196/196/196 198/198/198 197/197/197
f 197/197/197 198/198/198 199/199/199
f 200/200/200 202/202/202 201/201/201
f 201/201/201 202/202/202 203/203/203
f 204/204/204 206/206/206 205/205/205
f 205/205/205 206/206/206 207/207/207
f 208/208/208 210/210/210 209/209/209
f 209/209/209 210/210/210 211/211/211
f 212/212/212 214/214/214 213/213/213
f 213/213/213 214/214/214 215/215/215
f 214/214/214 216/216/216 215/215/215
f 217/217/217 218/218/218 219/219/219
f 218/218/218 220/220/220 219/219/219
f 221/221/221 222/222/222 223/223/223
f 222/222/222 224/224/224 223/223/223
f 225/225/225 226/226/226 227/227/227
f 226/226/226 228/228/228 227/227/227
f 229/229/229 230/230/230 231/231/231
f 230/230/230 232/232/232 231/231/231
f 233/233/233 234/234/234 235/235/235
f 234/234/234 236/236/236 235/235/235
f 237/237/237 238/238/238 239/239/239
f 238/238/238 240/240/240 239/239/239
f 241/241/241 242/242/242 243/243/243
f 242/242/242 244/244/244 243/243/243
f 245/245/245 246/246/246 247/247/247
f 246/246/246 248/248/248 247/247/247
f 249/249/249 239/239/239 250/250/250
f 251/251/251 253/253/253 252/252/252
f 252/252/252 253/253/253 254/254/254
f 253/253/253 255/255/255 254/254/254
f 254/254/254 255/255/255 256/256/256
f 257/257/257 259/259/259 258/258/258
f 258/258/258 259/259/259 260/260/260
f 261/261/261 263/263/263 262/262/262
f 262/262/262 263/263/263 264/264/264
f 265/265/265 267/267/267 266/266/266
f 266/266/266 267/267/267 268/268/268
f 269/269/269 271/271/271 270/270/270
f 270/270/270 271/271/271 272/272/272
f 273/273/273 275/275/275 274/274/274
f 274/274/274 275/275/275 276/276/276
f 277/277/277 276/276/276 278/278/278
f 278/278/278 276/276/276 279/279/279
f 274/274/274 281/281/281 280/280/280
f 280/280/280 281/281/281 282/282/282
f 283/283/283 285/285/285 284/284/284
f 284/284/284 285/285/285 286/286/286
f 287/287/287 289/289/289 288/288/288
f 288/288/288 289/289/289 290/290/290
f 291/291/291 293/293/293 292/292/292
f 292/292/292 293/293/293 294/294/294
f 295/295/295 297/297/297 296/296/296
f 296/296/296 297/297/297 298/298/298
f 299/299/299 301/301/301 300/300/300
f 300/300/300 301/301/301 302/302/302
f 301/301/301 303/303/303 302/302/302
f 304/304/304 305/305/305 306/306/306
f 305/305/305 307/307/307 306/306/306
f 306/306/306 307/307/307 308/308/308
f 307/307/307 309/309/309 308/308/308
f 310/310/310 311/311/311 312/312/312
f 311/311/311 313/313/313 312/312/312
f 312/312/312 313/313/313 299/299/299
f 313/313/313 314/314/314 299/299/299
f 299/299/299 314/314/314 315/315/315
f 315/315/315 314/314/314 316/316/316
f 314/314/314 317/317/317 316/316/316
f 317/317/317 318/318/318 316/316/316
f 316/316/316 318/318/318 319/319/319
f 319/319/319 318/318/318 320/320/320
f 318/318/318 321/321/321 320/320/320
f 320/320/320 321/321/321 322/322/322
f 321/321/321 323/323/323 322/322/322
f 322/322/322 323/323/323 324/324/324
f 323/323/323 325/325/325 324/324/324
f 324/324/324 325/325/325 326/326/326
f 327/327/327 328/328/328 302/302/302
f 302/302/302 328/328/328 300/300/300
f 329/329/329 331/331/331 330/330/330
f 330/330/330 331/331/331 332/332/332
f 333/333/333 334/334/334 332/332/332
f 332/332/332 334/334/334 335/335/335
f 326/326/326 337/337/337 336/336/336
f 336/336/336 337/337/337 338/338/338
f 338/338/338 337/337/337 339/339/339
f 337/337/337 340/340/340 339/339/339
f 339/339/339 340/340/340 341/341/341
f 341/341/341 340/340/340 342/342/342
f 342/342/342 340/340/340 343/343/343
f 340/340/340 344/344/344 343/343/343
f 343/343/343 344/344/344 345/345/345
f 344/344/344 346/346/346 345/345/345
f 345/345/345 346/346/346 347/347/347
f 347/347/347 346/346/346 348/348/348
f 346/346/346 349/349/349 348/348/348
f 311/311/311 350/350/350 313/313/313
f 350/350/350 351/351/351 313/313/313
f 313/313/313 351/351/351 314/314/314
f 314/314/314 351/351/351 317/317/317
f 351/351/351 352/352/352 317/317/317
f 317/317/317 352/352/352 318/318/318
f 318/318/318 352/352/352 346/346/346
f 346/346/346 352/352/352 349/349/349
f 352/352/352 351/351/351 349/349/349
f 349/349/349 351/351/351 353/353/353
f 351/351/351 350/350/350 353/353/353
f 354/354/354 355/355/355 356/356/356
f 355/355/355 357/357/357 356/356/356
f 358/358/358 359/359/359 360/360/360
f 359/359/359 361/361/361 360/360/360
f 362/362/362 363/363/363 364/364/364
f 363/363/363 365/365/365 364/364/364
f 366/366/366 367/367/367 368/368/368
f 367/367/367 369/369/369 368/368/368
f 370/370/370 371/371/371 357/357/357
f 372/372/372 374/374/374 373/373/373
f 373/373/373 374/374/374 375/375/375
f 376/376/376 378/378/378 377/377/377
f 377/377/377 378/378/378 379/379/379
f 378/378/378 380/380/380 379/379/379
f 379/379/379 380/380/380 381/381/381
f 380/380/380 382/382/382 381/381/381
f 381/381/381 382/382/382 383/383/383
f 383/383/383 382/382/382 384/384/384
f 382/382/382 385/385/385 384/384/384
f 384/384/384 385/385/385 386/386/386
f 385/385/385 387/387/387 386/386/386
f 386/386/386 387/387/387 388/388/388
f 379/379/379 381/381/381 389/389/389
f 389/389/389 381/381/381 390/390/390
f 381/381/381 383/383/383 390/390/390
f 391/391/391 392/392/392 393/393/393
f 392/392/392 394/394/394 393/393/393
f 393/393/393 394/394/394 395/395/395
f 394/394/394 396/396/396 395/395/395
f 396/396/396 397/397/397 395/395/395
f 395/395/395 397/397/397 398/398/398
f 397/397/397 399/399/399 398/398/398
f 398/398/398 399/399/399 400/400/400
f 399/399/399 401/401/401 400/400/400
f 400/400/400 401/401/401 402/402/402
f 401/401/401 403/403/403 402/402/402
f 403/403/403 389/389/389 402/402/402
f 389/389/389 390/390/390 402/402/402
f 402/402/402 390/390/390 400/400/400
f 400/400/400 390/390/390 398/398/398
f 390/390/390 404/404/404 398/398/398
f 398/398/398 404/404/404 395/395/395
f 404/404/404 405/405/405 395/395/395
f 395/395/395 405/405/405 393/393/393
f 405/405/405 406/406/406 393/393/393
f 393/393/393 406/406/406 391/391/391
f 407/407/407 408/408/408 392/392/392
f 392/392/392 408/408/408 394/394/394
f 394/394/394 408/408/408 396/396/396
f 408/408/408 409/409/409 396/396/396
f 396/396/396 409/409/409 397/397/397
f 397/397/397 409/409/409 399/399/399
f 409/409/409 410/410/410 399/399/399
f 399/399/399 410/410/410 401/401/401
f 410/410/410 411/411/411 401/401/401
f 401/401/401 411/411/411 403/403/403
f 411/411/411 412/412/412 403/403/403
f 412/412/412 413/413/413 403/403/403
f 413/413/413 414/414/414 403/403/403
f 403/403/403 414/414/414 389/389/389
f 389/389/389 414/414/414 379/379/379
f 414/414/414 377/377/377 379/379/379
f 415/415/415 416/416/416 417/417/417
f 416/416/416 418/418/418 417/417/417
f 417/417/417 418/418/418 419/419/419
f 418/418/418 420/420/420 419/419/419
f 420/420/420 421/421/421 419/419/419
f 419/419/419 421/421/421 422/422/422
f 421/421/421 423/423/423 422/422/422
f 422/422/422 423/423/423 424/424/424
f 423/423/423 425/425/425 424/424/424
f 424/424/424 425/425/425 426/426/426
f 427/427/427 429/429/429 428/428/428
f 428/428/428 429/429/429 430/430/430
f 429/429/429 431/431/431 430/430/430
f 430/430/430 431/431/431 432/432/432
f 431/431/431 433/433/433 432/432/432
f 432/432/432 433/433/433 434/434/434
f 434/434/434 433/433/433 435/435/435
f 433/433/433 436/436/436 435/435/435
f 435/435/435 436/436/436 437/437/437
f 436/436/436 438/438/438 437/437/437
f 439/439/439 440/440/440 441/441/441
f 440/440/440 442/442/442 441/441/441
f 441/441/441 442/442/442 443/443/443
f 442/442/442 444/444/444 443/443/443
f 443/443/443 444/444/444 445/445/445
f 444/444/444 446/446/446 445/445/445
f 446/446/446 447/447/447 445/445/445
f 445/445/445 447/447/447 448/448/448
f 447/447/447 449/449/449 448/448/448
f 448/448/448 449/449/449 450/450/450
f 451/451/451 453/453/453 452/452/452
f 452/452/452 453/453/453 454/454/454
f 453/453/453 455/455/455 454/454/454
f 454/454/454 455/455/455 456/456/456
f 455/455/455 457/457/457 456/456/456
f 456/456/456 457/457/457 458/458/458
f 458/458/458 457/457/457 459/459/459
f 457/457/457 460/460/460 459/459/459
f 459/459/459 460/460/460 461/461/461
f 460/460/460 462/462/462 461/461/461
f 448/448/448 463/463/463 445/445/445
f 463/463/463 464/464/464 445/445/445
f 445/445/445 464/464/464 443/443/443
f 464/464/464 441/441/441 443/443/443
f 465/465/465 466/466/466 467/467/467
f 466/466/466 468/468/468 467/467/467
f 467/467/467 468/468/468 469/469/469
f 468/468/468 470/470/470 469/469/469
f 469/469/469 470/470/470 471/471/471
f 470/470/470 472/472/472 471/471/471
f 471/471/471 472/472/472 473/473/473
f 473/473/473 472/472/472 474/474/474
f 472/472/472 475/475/475 474/474/474
f 474/474/474 475/475/475 476/476/476
f 472/472/472 470/470/470 475/475/475
f 475/475/475 470/470/470 477/477/477
f 470/470/470 468/468/468 477/477/477
f 477/477/477 468/468/468 478/478/478
f 468/468/468 466/466/466 478/478/478
f 479/479/479 480/480/480 481/481/481
f 480/480/480 482/482/482 481/481/481
f 481/481/481 482/482/482 483/483/483
f 482/482/482 484/484/484 483/483/483
f 483/483/483 484/484/484 485/485/485
f 484/484/484 486/486/486 485/485/485
f 486/486/486 487/487/487 485/485/485
f 485/485/485 487/487/487 488/488/488
f 487/487/487 489/489/489 488/488/488
f 488/488/488 489/489/489 490/490/490
f 491/491/491 492/492/492 478/478/478
f 478/478/478 492/492/492 477/477/477
f 492/492/492 493/493/493 477/477/477
f 477/477/477 493/493/493 475/475/475
f 475/475/475 493/493/493 494/494/494
f 493/493/493 495/495/495 494/494/494
f 494/494/494 495/495/495 496/496/496
f 496/496/496 495/495/495 497/497/497
f 497/497/497 495/495/495 498/498/498
f 498/498/498 495/495/495 492/492/492
f 495/495/495 493/493/493 492/492/492
f 498/498/498 492/492/492 499/499/499
f 492/492/492 491/491/491 499/499/499
f 500/500/500 501/501/501 502/502/502
f 501/501/501 503/503/503 502/502/502
f 502/502/502 503/503/503 504/504/504
f 503/503/503 505/505/505 504/504/504
f 504/504/504 505/505/505 506/506/506
f 505/505/505 507/507/507 506/506/506
f 506/506/506 507/507/507 508/508/508
f 508/508/508 507/507/507 509/509/509
f 507/507/507 510/510/510 509/509/509
f 511/511/511 512/512/512 513/513/513
f 512/512/512 514/514/514 513/513/513
f 514/514/514 515/515/515 513/513/513
f 513/513/513 515/515/515 516/516/516
f 515/515/515 517/517/517 516/516/516
f 516/516/516 517/517/517 518/518/518
f 517/517/517 519/519/519 518/518/518
f 518/518/518 519/519/519 520/520/520
f 521/521/521 523/523/523 522/522/522
f 522/522/522 523/523/523 524/524/524
f 523/523/523 525/525/525 524/524/524
f 524/524/524 525/525/525 514/514/514
f 514/514/514 525/525/525 515/515/515
f 525/525/525 526/526/526 515/515/515
f 515/515/515 526/526/526 527/527/527
f 526/526/526 528/528/528 527/527/527
f 527/527/527 528/528/528 529/529/529
f 530/530/530 532/532/532 531/531/531
f 531/531/531 532/532/532 533/533/533
f 532/532/532 534/534/534 533/533/533
f 533/533/533 534/534/534 535/535/535
f 526/526/526 525/525/525 528/528/528
f 528/528/528 525/525/525 536/536/536
f 525/525/525 523/523/523 536/536/536
f 537/537/537 538/538/538 539/539/539
f 538/538/538 540/540/540 539/539/539
f 539/539/539 540/540/540 541/541/541
f 540/540/540 542/542/542 541/541/541
f 541/541/541 542/542/542 543/543/543
f 543/543/543 542/542/542 538/538/538
f 542/542/542 540/540/540 538/538/538
f 544/544/544 545/545/545 546/546/546
f 545/545/545 547/547/547 546/546/546
f 546/546/546 547/547/547 548/548/548
f 548/548/548 547/547/547 549/549/549
f 547/547/547 550/550/550 549/549/549
f 549/549/549 550/550/550 551/551/551
f 550/550/550 552/552/552 551/551/551
f 553/553/553 554/554/554 555/555/555
f 554/554/554 556/556/556 555/555/555
f 555/555/555 556/556/556 557/557/557
f 556/556/556 558/558/558 557/557/557
f 558/558/558 559/559/559 557/557/557
f 557/557/557 559/559/559 560/560/560
f 559/559/559 561/561/561 560/560/560
f 556/556/556 554/554/554 562/562/562
f 554/554/554 563/563/563 562/562/562
f 562/562/562 563/563/563 564/564/564
f 565/565/565 567/567/567 566/566/566
f 566/566/566 567/567/567 568/568/568
f 567/567/567 569/569/569 568/568/568
f 568/568/568 569/569/569 570/570/570
f 569/569/569 571/571/571 570/570/570
f 570/570/570 571/571/571 572/572/572
f 572/572/572 571/571/571 565/565/565
f 571/571/571 573/573/573 565/565/565
f 565/565/565 573/573/573 574/574/574
f 575/575/575 577/577/577 576/576/576
f 576/576/576 577/577/577 578/578/578
f 577/577/577 579/579/579 578/578/578
f 579/579/579 580/580/580 578/578/578
f 578/578/578 580/580/580 581/581/581
f 580/580/580 582/582/582 581/581/581
f 581/581/581 582/582/582 583/583/583
f 582/582/582 584/584/584 583/583/583
f 583/583/583 584/584/584 585/585/585
f 586/586/586 588/588/588 587/587/587
f 587/587/587 588/588/588 589/589/589
f 588/588/588 590/590/590 589/589/589
f 589/589/589 590/590/590 591/591/591
f 590/590/590 592/592/592 591/591/591
f 591/591/591 592/592/592 593/593/593
f 592/592/592 594/594/594 593/593/593
f 594/594/594 595/595/595 593/593/593
f 593/593/593 595/595/595 596/596/596
f 597/597/597 599/599/599 598/598/598
f 598/598/598 599/599/599 600/600/600
f 599/599/599 601/601/601 600/600/600
f 600/600/600 601/601/601 602/602/602
f 601/601/601 603/603/603 602/602/602
f 603/603/603 598/598/598 602/602/602
f 602/602/602 598/598/598 600/600/600
f 604/604/604 606/606/606 605/605/605
f 605/605/605 606/606/606 607/607/607
f 606/606/606 608/608/608 607/607/607
f 607/607/607 608/608/608 609/609/609
f 609/609/609 608/608/608 610/610/610
f 608/608/608 611/611/611 610/610/610
f 610/610/610 611/611/611 612/612/612
f 607/607/607 613/613/613 605/605/605
f 605/605/605 613/613/613 614/614/614
f 613/613/613 615/615/615 614/614/614
f 615/615/615 616/616/616 617/617/617
f 616/616/616 618/618/618 617/617/617
f 617/617/617 618/618/618 619/619/619
f 619/619/619 618/618/618 620/620/620
f 620/620/620 618/618/618 621/621/621
f 618/618/618 616/616/616 621/621/621
f 621/621/621 616/616/616 622/622/622
f 623/623/623 625/625/625 624/624/624
f 624/624/624 625/625/625 626/626/626
f 625/625/625 627/627/627 626/626/626
f 626/626/626 627/627/627 628/628/628
f 628/628/628 627/627/627 629/629/629
f 627/627/627 630/630/630 629/629/629
f 631/631/631 632/632/632 633/633/633
f 632/632/632 634/634/634 633/633/633
f 633/633/633 634/634/634 635/635/635
f 634/634/634 636/636/636 635/635/635
f 636/636/636 637/637/637 635/635/635
f 635/635/635 637/637/637 638/638/638
f 624/624/624 626/626/626 639/639/639
f 639/639/639 626/626/626 640/640/640
f 626/626/626 628/628/628 640/640/640
f 628/628/628 641/641/641 640/640/640
f 641/641/641 642/642/642 640/640/640
f 642/642/642 643/643/643 640/640/640
f 643/643/643 644/644/644 640/640/640
f 644/644/644 645/645/645 640/640/640
f 640/640/640 645/645/645 639/639/639
f 645/645/645 646/646/646 639/639/639
f 647/647/647 646/646/646 648/648/648
f 646/646/646 645/645/645 648/648/648
f 648/648/648 645/645/645 649/649/649
f 645/645/645 644/644/644 649/649/649
f 644/644/644 650/650/650 649/649/649
f 649/649/649 650/650/650 651/651/651
f 652/652/652 654/654/654 653/653/653
f 653/653/653 654/654/654 655/655/655
f 654/654/654 656/656/656 655/655/655
f 655/655/655 656/656/656 657/657/657
f 656/656/656 658/658/658 657/657/657
f 658/658/658 659/659/659 657/657/657
f 657/657/657 659/659/659 655/655/655
f 659/659/659 660/660/660 655/655/655
f 655/655/655 660/660/660 653/653/653
f 660/660/660 661/661/661 653/653/653
f 653/653/653 661/661/661 662/662/662
f 662/662/662 661/661/661 663/663/663
f 661/661/661 660/660/660 663/663/663
f 663/663/663 660/660/660 664/664/664
f 660/660/660 659/659/659 664/664/664
f 664/664/664 659/659/659 665/665/665
f 659/659/659 666/666/666 665/665/665
f 666/666/666 667/667/667 665/665/665
f 665/665/665 667/667/667 668/668/668
f 667/667/667 669/669/669 668/668/668
f 670/670/670 671/671/671 672/672/672
f 671/671/671 673/673/673 672/672/672
f 673/673/673 674/674/674 672/672/672
f 672/672/672 674/674/674 675/675/675
f 674/674/674 662/662/662 675/675/675
f 675/675/675 662/662/662 663/663/663
f 676/676/676 678/678/678 677/677/677
f 677/677/677 678/678/678 679/679/679
f 678/678/678 680/680/680 679/679/679
f 680/680/680 681/681/681 679/679/679
f 679/679/679 681/681/681 682/682/682
f 683/683/683 685/685/685 684/684/684
f 684/684/684 685/685/685 686/686/686
f 686/686/686 685/685/685 687/687/687
f 685/685/685 688/688/688 687/687/687
f 687/687/687 688/688/688 689/689/689
f 690/690/690 692/692/692 691/691/691
f 691/691/691 692/692/692 693/693/693
f 692/692/692 694/694/694 693/693/693
f 693/693/693 694/694/694 695/695/695
f 694/694/694 696/696/696 695/695/695
f 696/696/696 697/697/697 695/695/695
f 695/695/695 697/697/697 698/698/698
f 697/697/697 699/699/699 698/698/698
f 698/698/698 699/699/699 700/700/700
f 700/700/700 699/699/699 701/701/701
f 699/699/699 702/702/702 701/701/701
f 701/701/701 702/702/702 703/703/703
f 704/704/704 706/706/706 705/705/705
f 705/705/705 706/706/706 707/707/707
f 706/706/706 708/708/708 707/707/707
f 707/707/707 708/708/708 709/709/709
f 708/708/708 710/710/710 709/709/709
f 709/709/709 710/710/710 711/711/711
f 710/710/710 712/712/712 711/711/711
f 712/712/712 713/713/713 711/711/711
f 713/713/713 714/714/714 711/711/711
f 711/711/711 714/714/714 709/709/709
f 714/714/714 707/707/707 709/709/709
f 714/714/714 713/713/713 715/715/715
f 713/713/713 716/716/716 715/715/715
f 717/717/717 718/718/718 719/719/719
f 718/718/718 720/720/720 719/719/719
f 720/720/720 721/721/721 719/719/719
f 719/719/719 721/721/721 722/722/722
f 721/721/721 723/723/723 722/722/722
f 724/724/724 725/725/725 726/726/726
f 725/725/725 727/727/727 726/726/726
f 727/727/727 728/728/728 726/726/726
f 726/726/726 728/728/728 729/729/729
f 728/728/728 730/730/730 729/729/729
f 731/731/731 732/732/732 733/733/733
f 732/732/732 734/734/734 733/733/733
f 733/733/733 734/734/734 735/735/735
f 734/734/734 736/736/736 735/735/735
f 735/735/735 736/736/736 737/737/737
f 737/737/737 736/736/736 738/738/738
f 736/736/736 739/739/739 738/738/738
f 738/738/738 739/739/739 740/740/740
f 739/739/739 741/741/741 740/740/740
f 741/741/741 742/742/742 740/740/740
f 740/740/740 742/742/742 743/743/743
f 742/742/742 744/744/744 743/743/743
f 745/745/745 746/746/746 747/747/747
f 746/746/746 748/748/748 747/747/747
f 747/747/747 748/748/748 749/749/749
f 748/748/748 750/750/750 749/749/749
f 749/749/749 750/750/750 751/751/751
f 750/750/750 752/752/752 751/751/751
f 751/751/751 752/752/752 753/753/753
f 753/753/753 752/752/752 754/754/754
f 754/754/754 752/752/752 755/755/755
f 752/752/752 750/750/750 755/755/755
f 755/755/755 750/750/750 748/748/748
f 755/755/755 756/756/756 754/754/754
f 754/754/754 756/756/756 757/757/757
f 758/758/758 759/759/759 756/756/756
f 760/760/760 761/761/761 762/762/762
f 761/761/761 763/763/763 762/762/762
f 762/762/762 763/763/763 764/764/764
f 763/763/763 765/765/765 764/764/764
f 480/480/480 766/766/766 767/767/767
f 766/766/766 768/768/768 767/767/767
f 767/767/767 768/768/768 769/769/769
f 768/768/768 770/770/770 769/769/769
f 770/770/770 771/771/771 769/769/769
f 769/769/769 771/771/771 772/772/772
f 771/771/771 773/773/773 772/772/772
f 773/773/773 774/774/774 772/772/772
f 772/772/772 774/774/774 775/775/775
f 774/774/774 776/776/776 775/775/775
f 775/775/775 776/776/776 489/489/489
f 775/775/775 777/777/777 772/772/772
f 772/772/772 777/777/777 769/769/769
f 777/777/777 778/778/778 769/769/769
f 769/769/769 778/778/778 767/767/767
f 779/779/779 781/781/781 780/780/780
f 780/780/780 781/781/781 782/782/782
f 781/781/781 783/783/783 782/782/782
f 782/782/782 783/783/783 784/784/784
f 783/783/783 785/785/785 784/784/784
f 785/785/785 786/786/786 784/784/784
f 784/784/784 786/786/786 787/787/787
f 787/787/787 786/786/786 788/788/788
f 786/786/786 789/789/789 788/788/788
f 789/789/789 790/790/790 788/788/788
f 788/788/788 790/790/790 791/791/791
f 790/790/790 792/792/792 791/791/791
f 791/791/791 792/792/792 793/793/793
f 792/792/792 794/794/794 793/793/793
f 793/793/793 794/794/794 795/795/795
f 794/794/794 796/796/796 795/795/795
f 796/796/796 797/797/797 798/798/798
f 797/797/797 799/799/799 798/798/798
f 799/799/799 800/800/800 798/798/798
f 798/798/798 800/800/800 801/801/801
f 800/800/800 802/802/802 801/801/801
f 802/802/802 803/803/803 801/801/801
f 803/803/803 804/804/804 801/801/801
f 801/801/801 804/804/804 805/805/805
f 804/804/804 806/806/806 805/805/805
f 805/805/805 806/806/806 807/807/807
f 806/806/806 808/808/808 807/807/807
f 808/808/808 809/809/809 807/807/807
f 807/807/807 809/809/809 810/810/810
f 795/795/795 801/801/801 793/793/793
f 801/801/801 805/805/805 793/793/793
f 793/793/793 805/805/805 791/791/791
f 791/791/791 805/805/805 788/788/788
f 805/805/805 807/807/807 788/788/788
f 811/811/811 539/539/539 812/812/812
f 539/539/539 541/541/541 812/812/812
f 812/812/812 541/541/541 813/813/813
f 814/814/814 816/816/816 815/815/815
f 815/815/815 816/816/816 817/817/817
f 817/817/817 816/816/816 818/818/818
f 816/816/816 819/819/819 818/818/818
f 260/260/260 820/820/820 821/821/821
f 820/820/820 822/822/822 821/821/821
f 822/822/822 823/823/823 821/821/821
f 821/821/821 823/823/823 257/257/257
f 824/824/824 826/826/826 825/825/825
f 825/825/825 826/826/826 827/827/827
f 827/827/827 826/826/826 828/828/828
f 826/826/826 829/829/829 828/828/828
f 830/830/830 831/831/831 832/832/832
f 831/831/831 833/833/833 832/832/832
f 833/833/833 834/834/834 832/832/832
f 832/832/832 834/834/834 835/835/835
f 836/836/836 838/838/838 837/837/837
f 837/837/837 838/838/838 839/839/839
f 839/839/839 838/838/838 840/840/840
f 838/838/838 841/841/841 840/840/840
f 842/842/842 843/843/843 844/844/844
f 843/843/843 845/845/845 844/844/844
f 845/845/845 846/846/846 844/844/844
f 844/844/844 846/846/846 847/847/847
f 228/228/228 849/849/849 848/848/848
f 848/848/848 849/849/849 850/850/850
f 850/850/850 849/849/849 851/851/851
f 849/849/849 225/225/225 851/851/851
f 852/852/852 853/853/853 854/854/854
f 853/853/853 855/855/855 854/854/854
f 855/855/855 856/856/856 854/854/854
f 854/854/854 856/856/856 857/857/857
f 858/858/858 860/860/860 859/859/859
f 859/859/859 860/860/860 861/861/861
f 861/861/861 860/860/860 547/547/547
f 860/860/860 550/550/550 547/547/547
f 854/854/854 862/862/862 863/863/863
f 862/862/862 864/864/864 863/863/863
f 863/863/863 864/864/864 865/865/865
f 864/864/864 866/866/866 865/865/865
f 865/865/865 866/866/866 867/867/867
f 866/866/866 868/868/868 867/867/867
f 867/867/867 868/868/868 869/869/869
f 869/869/869 868/868/868 870/870/870
f 868/868/868 871/871/871 870/870/870
f 871/871/871 872/872/872 870/870/870
f 872/872/872 873/873/873 870/870/870
f 870/870/870 873/873/873 874/874/874
f 875/875/875 877/877/877 876/876/876
f 876/876/876 877/877/877 878/878/878
f 878/878/878 877/877/877 879/879/879
f 877/877/877 880/880/880 879/879/879
f 881/881/881 882/882/882 883/883/883
f 882/882/882 879/879/879 883/883/883
f 879/879/879 880/880/880 883/883/883
f 883/883/883 880/880/880 884/884/884
f 880/880/880 885/885/885 884/884/884
f 884/884/884 885/885/885 886/886/886
f 887/887/887 889/889/889 888/888/888
f 888/888/888 889/889/889 890/890/890
f 890/890/890 889/889/889 891/891/891
f 889/889/889 892/892/892 891/891/891
f 893/893/893 894/894/894 895/895/895
f 894/894/894 896/896/896 895/895/895
f 895/895/895 896/896/896 897/897/897
f 896/896/896 888/888/888 897/897/897
f 897/897/897 888/888/888 898/898/898
f 888/888/888 890/890/890 898/898/898
f 890/890/890 893/893/893 898/898/898
f 898/898/898 893/893/893 899/899/899
f 893/893/893 900/900/900 899/899/899
f 901/901/901 902/902/902 903/903/903
f 902/902/902 904/904/904 903/903/903
f 903/903/903 904/904/904 905/905/905
f 904/904/904 906/906/906 905/905/905
f 905/905/905 906/906/906 907/907/907
f 907/907/907 906/906/906 908/908/908
f 908/908/908 906/906/906 909/909/909
f 906/906/906 910/910/910 909/909/909
f 909/909/909 910/910/910 911/911/911
f 912/912/912 914/914/914 913/913/913
f 913/913/913 914/914/914 915/915/915
f 914/914/914 916/916/916 915/915/915
f 915/915/915 916/916/916 917/917/917
f 916/916/916 918/918/918 917/917/917
f 918/918/918 919/919/919 917/917/917
f 919/919/919 920/920/920 917/917/917
f 917/917/917 920/920/920 921/921/921
f 920/920/920 911/911/911 921/921/921
f 911/911/911 922/922/922 921/921/921
f 921/921/921 922/922/922 923/923/923
f 922/922/922 924/924/924 923/923/923
f 925/925/925 926/926/926 927/927/927
f 926/926/926 928/928/928 927/927/927
f 927/927/927 928/928/928 929/929/929
f 928/928/928 930/930/930 929/929/929
f 929/929/929 930/930/930 931/931/931
f 931/931/931 930/930/930 932/932/932
f 930/930/930 933/933/933 932/932/932
f 932/932/932 933/933/933 934/934/934
f 933/933/933 935/935/935 934/934/934
f 934/934/934 935/935/935 936/936/936
f 935/935/935 937/937/937 936/936/936
f 936/936/936 937/937/937 938/938/938
f 938/938/938 937/937/937 939/939/939
f 937/937/937 940/940/940 939/939/939
f 940/940/940 941/941/941 939/939/939
f 939/939/939 941/941/941 942/942/942
f 942/942/942 941/941/941 943/943/943
f 941/941/941 944/944/944 943/943/943
f 943/943/943 944/944/944 945/945/945
f 946/946/946 948/948/948 947/947/947
f 947/947/947 948/948/948 949/949/949
f 948/948/948 950/950/950 949/949/949
f 950/950/950 951/951/951 949/949/949
f 949/949/949 951/951/951 947/947/947
f 947/947/947 951/951/951 952/952/952
f 951/951/951 950/950/950 952/952/952
f 952/952/952 950/950/950 953/953/953
f 954/954/954 956/956/956 955/955/955
f 955/955/955 956/956/956 957/957/957
f 956/956/956 958/958/958 957/957/957
f 957/957/957 958/958/958 959/959/959
f 958/958/958 960/960/960 959/959/959
f 960/960/960 961/961/961 959/959/959
f 959/959/959 961/961/961 962/962/962
f 961/961/961 963/963/963 962/962/962
f 962/962/962 963/963/963 964/964/964
f 963/963/963 965/965/965 964/964/964
f 964/964/964 965/965/965 966/966/966
f 965/965/965 967/967/967 966/966/966
f 967/967/967 968/968/968 966/966/966
f 966/966/966 968/968/968 969/969/969
f 969/969/969 968/968/968 970/970/970
f 968/968/968 971/971/971 970/970/970
f 971/971/971 972/972/972 970/970/970
f 970/970/970 972/972/972 973/973/973
f 972/972/972 974/974/974 973/973/973
f 975/975/975 976/976/976 977/977/977
f 976/976/976 978/978/978 977/977/977
f 977/977/977 978/978/978 979/979/979
f 979/979/979 978/978/978 980/980/980
f 978/978/978 976/976/976 980/980/980
f 976/976/976 981/981/981 980/980/980
f 980/980/980 981/981/981 979/979/979
f 981/981/981 982/982/982 979/979/979
f 983/983/983 984/984/984 985/985/985
f 984/984/984 986/986/986 985/985/985
f 985/985/985 986/986/986 987/987/987
f 986/986/986 988/988/988 987/987/987
f 988/988/988 989/989/989 987/987/987
f 987/987/987 989/989/989 990/990/990
f 990/990/990 989/989/989 991/991/991
f 989/989/989 992/992/992 991/991/991
f 993/993/993 994/994/994 995/995/995
f 994/994/994 996/996/996 995/995/995
f 996/996/996 997/997/997 995/995/995
f 995/995/995 997/997/997 998/998/998
f 995/995/995 1000/1000/1000 999/999/999
f 999/999/999 1000/1000/1000 1001/1001/1001
f 1000/1000/1000 1002/1002/1002 1001/1001/1001
f 1001/1001/1001 1002/1002/1002 1003/1003/1003
f 1002/1002/1002 1004/1004/1004 1003/1003/1003
f 1003/1003/1003 1004/1004/1004 1005/1005/1005
f 1004/1004/1004 1006/1006/1006 1005/1005/1005
f 1006/1006/1006 1007/1007/1007 1005/1005/1005
f 1005/1005/1005 1007/1007/1007 1008/1008/1008
f 1008/1008/1008 1007/1007/1007 1009/1009/1009
f 1009/1009/1009 1007/1007/1007 1010/1010/1010
f 1007/1007/1007 1011/1011/1011 1010/1010/1010
f 1012/1012/1012 1013/1013/1013 1014/1014/1014
f 1013/1013/1013 1015/1015/1015 1014/1014/1014
f 1015/1015/1015 1016/1016/1016 1014/1014/1014
f 1014/1014/1014 1016/1016/1016 1017/1017/1017
f 564/564/564 1019/1019/1019 1018/1018/1018
f 1018/1018/1018 1019/1019/1019 1020/1020/1020
f 1019/1019/1019 1021/1021/1021 1020/1020/1020
f 1021/1021/1021 1022/1022/1022 1020/1020/1020
f 1022/1022/1022 1023/1023/1023 1020/1020/1020
f 1020/1020/1020 1023/1023/1023 1018/1018/1018
f 1023/1023/1023 1024/1024/1024 1018/1018/1018
f 1025/1025/1025 1026/1026/1026 1027/1027/1027
f 1026/1026/1026 1028/1028/1028 1027/1027/1027
f 1028/1028/1028 1029/1029/1029 1027/1027/1027
f 1029/1029/1029 1030/1030/1030 1027/1027/1027
f 1027/1027/1027 1030/1030/1030 1031/1031/1031
f 1030/1030/1030 1032/1032/1032 1031/1031/1031
f 1031/1031/1031 1032/1032/1032 1033/1033/1033
f 1034/1034/1034 1036/1036/1036 1035/1035/1035
f 1035/1035/1035 1036/1036/1036 1037/1037/1037
f 1037/1037/1037 1036/1036/1036 1038/1038/1038
f 1038/1038/1038 1036/1036/1036 1039/1039/1039
f 1036/1036/1036 1040/1040/1040 1039/1039/1039
f 1039/1039/1039 1040/1040/1040 1041/1041/1041
f 1040/1040/1040 1042/1042/1042 1041/1041/1041
f 1043/1043/1043 1044/1044/1044 1045/1045/1045
f 1044/1044/1044 1046/1046/1046 1045/1045/1045
f 1045/1045/1045 1046/1046/1046 1047/1047/1047
f 1047/1047/1047 1046/1046/1046 1048/1048/1048
f 1046/1046/1046 1049/1049/1049 1048/1048/1048
f 1049/1049/1049 1050/1050/1050 1048/1048/1048
f 1048/1048/1048 1050/1050/1050 1051/1051/1051
f 1052/1052/1052 1054/1054/1054 1053/1053/1053
f 1053/1053/1053 1054/1054/1054 1055/1055/1055
f 1055/1055/1055 1054/1054/1054 1056/1056/1056
f 1054/1054/1054 1057/1057/1057 1056/1056/1056
f 1056/1056/1056 1057/1057/1057 1058/1058/1058
f 1057/1057/1057 1059/1059/1059 1058/1058/1058
f 1058/1058/1058 1059/1059/1059 1060/1060/1060
f 1059/1059/1059 1061/1061/1061 1060/1060/1060
f 1061/1061/1061 1062/1062/1062 1060/1060/1060
f 1062/1062/1062 1063/1063/1063 1060/1060/1060
f 1060/1060/1060 1063/1063/1063 1064/1064/1064
f 1065/1065/1065 1067/1067/1067 1066/1066/1066
f 1066/1066/1066 1067/1067/1067 1068/1068/1068
f 1067/1067/1067 1069/1069/1069 1068/1068/1068
f 1068/1068/1068 1069/1069/1069 1070/1070/1070
f 1069/1069/1069 1071/1071/1071 1070/1070/1070
f 1070/1070/1070 1071/1071/1071 1072/1072/1072
f 1072/1072/1072 1071/1071/1071 1073/1073/1073
f 1073/1073/1073 1071/1071/1071 1074/1074/1074
f 1074/1074/1074 1071/1071/1071 1075/1075/1075
f 1071/1071/1071 1069/1069/1069 1075/1075/1075
f 1075/1075/1075 1069/1069/1069 1067/1067/1067
f 1076/1076/1076 1078/1078/1078 1077/1077/1077
f 1077/1077/1077 1078/1078/1078 1079/1079/1079
f 1079/1079/1079 1078/1078/1078 1080/1080/1080
f 1078/1078/1078 1081/1081/1081 1080/1080/1080
f 1081/1081/1081 1082/1082/1082 1080/1080/1080
f 1080/1080/1080 1082/1082/1082 1083/1083/1083
f 1083/1083/1083 1082/1082/1082 1084/1084/1084
f 1082/1082/1082 1085/1085/1085 1084/1084/1084
f 1084/1084/1084 1085/1085/1085 1086/1086/1086
f 1085/1085/1085 1087/1087/1087 1086/1086/1086
f 1086/1086/1086 1087/1087/1087 1088/1088/1088
f 1087/1087/1087 1089/1089/1089 1088/1088/1088
f 1088/1088/1088 1089/1089/1089 1090/1090/1090
f 1090/1090/1090 1089/1089/1089 1091/1091/1091
f 1089/1089/1089 1092/1092/1092 1091/1091/1091
f 1093/1093/1093 1094/1094/1094 1095/1095/1095
f 1094/1094/1094 1096/1096/1096 1095/1095/1095
f 1095/1095/1095 1096/1096/1096 1097/1097/1097
f 1097/1097/1097 1096/1096/1096 1098/1098/1098
f 1096/1096/1096 1099/1099/1099 1098/1098/1098
f 1098/1098/1098 1099/1099/1099 1100/1100/1100
f 1099/1099/1099 1101/1101/1101 1100/1100/1100
f 1101/1101/1101 1102/1102/1102 1100/1100/1100
f 1100/1100/1100 1102/1102/1102 1103/1103/1103
f 1102/1102/1102 1104/1104/1104 1103/1103/1103
f 1103/1103/1103 1104/1104/1104 1105/1105/1105
f 1104/1104/1104 1106/1106/1106 1105/1105/1105
f 1105/1105/1105 1106/1106/1106 1107/1107/1107
f 1106/1106/1106 1108/1108/1108 1107/1107/1107
f 1108/1108/1108 1109/1109/1109 1107/1107/1107
f 1107/1107/1107 1109/1109/1109 1110/1110/1110
f 1109/1109/1109 1111/1111/1111 1110/1110/1110
f 1110/1110/1110 1111/1111/1111 1112/1112/1112
f 1111/1111/1111 1113/1113/1113 1112/1112/1112
f 1113/1113/1113 1114/1114/1114 1112/1112/1112
f 1112/1112/1112 1114/1114/1114 1115/1115/1115
f 1114/1114/1114 1116/1116/1116 1115/1115/1115
f 1115/1115/1115 1116/1116/1116 1117/1117/1117
f 1116/1116/1116 1118/1118/1118 1117/1117/1117
f 1118/1118/1118 1119/1119/1119 1117/1117/1117
f 1119/1119/1119 1120/1120/1120 1117/1117/1117
f 1120/1120/1120 1121/1121/1121 1117/1117/1117
f 1117/1117/1117 1121/1121/1121 1115/1115/1115
f 1121/1121/1121 1122/1122/1122 1115/1115/1115
f 1115/1115/1115 1122/1122/1122 1112/1112/1112
f 1112/1112/1112 1122/1122/1122 1110/1110/1110
f 1122/1122/1122 1105/1105/1105 1110/1110/1110
f 1110/1110/1110 1105/1105/1105 1107/1107/1107
f 1123/1123/1123 1125/1125/1125 1124/1124/1124
f 1124/1124/1124 1125/1125/1125 1126/1126/1126
f 1126/1126/1126 1125/1125/1125 1127/1127/1127
f 1125/1125/1125 1128/1128/1128 1127/1127/1127
f 1127/1127/1127 1128/1128/1128 1129/1129/1129
f 1128/1128/1128 1130/1130/1130 1129/1129/1129
f 1129/1129/1129 1130/1130/1130 1131/1131/1131
f 1130/1130/1130 1132/1132/1132 1131/1131/1131
f 1131/1131/1131 1132/1132/1132 1133/1133/1133
f 1133/1133/1133 1132/1132/1132 1134/1134/1134
f 1132/1132/1132 1135/1135/1135 1134/1134/1134
f 1135/1135/1135 1136/1136/1136 1134/1134/1134
f 1134/1134/1134 1136/1136/1136 1137/1137/1137
f 1137/1137/1137 1136/1136/1136 1138/1138/1138
f 1136/1136/1136 1139/1139/1139 1138/1138/1138
f 1140/1140/1140 1141/1141/1141 1142/1142/1142
f 1141/1141/1141 1143/1143/1143 1142/1142/1142
f 1143/1143/1143 1144/1144/1144 1142/1142/1142
f 1142/1142/1142 1144/1144/1144 1145/1145/1145
f 1144/1144/1144 1146/1146/1146 1145/1145/1145
f 1145/1145/1145 1146/1146/1146 1147/1147/1147
f 1146/1146/1146 1148/1148/1148 1147/1147/1147
f 1147/1147/1147 1148/1148/1148 1149/1149/1149
f 1149/1149/1149 1148/1148/1148 1150/1150/1150
f 1150/1150/1150 1148/1148/1148 1151/1151/1151
f 1148/1148/1148 1152/1152/1152 1151/1151/1151
f 1153/1153/1153 1154/1154/1154 1155/1155/1155
f 1154/1154/1154 1156/1156/1156 1155/1155/1155
f 1155/1155/1155 1156/1156/1156 1157/1157/1157
f 1156/1156/1156 1158/1158/1158 1157/1157/1157
f 1157/1157/1157 1158/1158/1158 1159/1159/1159
f 1159/1159/1159 1158/1158/1158 1160/1160/1160
f 1158/1158/1158 1161/1161/1161 1160/1160/1160
f 1160/1160/1160 1161/1161/1161 1162/1162/1162
f 1162/1162/1162 1161/1161/1161 1163/1163/1163
f 1161/1161/1161 1164/1164/1164 1163/1163/1163
f 1164/1164/1164 1165/1165/1165 1163/1163/1163
f 1163/1163/1163 1165/1165/1165 1166/1166/1166
f 1165/1165/1165 1167/1167/1167 1166/1166/1166
f 1166/1166/1166 1167/1167/1167 1168/1168/1168
f 1167/1167/1167 1169/1169/1169 1168/1168/1168
f 1168/1168/1168 1169/1169/1169 1170/1170/1170
f 1170/1170/1170 1169/1169/1169 1171/1171/1171
f 1171/1171/1171 1169/1169/1169 1172/1172/1172
f 1172/1172/1172 1169/1169/1169 1173/1173/1173
f 1169/1169/1169 1174/1174/1174 1173/1173/1173
f 1173/1173/1173 1174/1174/1174 1175/1175/1175
f 1175/1175/1175 1174/1174/1174 1176/1176/1176
f 1174/1174/1174 1177/1177/1177 1176/1176/1176
f 1176/1176/1176 1177/1177/1177 1178/1178/1178
f 1177/1177/1177 1179/1179/1179 1178/1178/1178
f 1178/1178/1178 1179/1179/1179 1180/1180/1180
f 1179/1179/1179 1181/1181/1181 1180/1180/1180
f 1180/1180/1180 1181/1181/1181 1182/1182/1182
f 1181/1181/1181 1183/1183/1183 1182/1182/1182
f 1183/1183/1183 1156/1156/1156 1182/1182/1182
f 1182/1182/1182 1156/1156/1156 1154/1154/1154
f 1169/1169/1169 1167/1167/1167 1174/1174/1174
f 1174/1174/1174 1167/1167/1167 1177/1177/1177
f 1167/1167/1167 1165/1165/1165 1177/1177/1177
f 1177/1177/1177 1165/1165/1165 1179/1179/1179
f 1179/1179/1179 1165/1165/1165 1181/1181/1181
f 1165/1165/1165 1164/1164/1164 1181/1181/1181
f 1181/1181/1181 1164/1164/1164 1183/1183/1183
f 1164/1164/1164 1161/1161/1161 1183/1183/1183
f 1161/1161/1161 1158/1158/1158 1183/1183/1183
f 1183/1183/1183 1158/1158/1158 1156/1156/1156
f 1073/1073/1073 913/913/913 1072/1072/1072
f 1072/1072/1072 913/913/913 1184/1184/1184
f 913/913/913 915/915/915 1184/1184/1184
f 915/915/915 917/917/917 1184/1184/1184
f 1184/1184/1184 917/917/917 1185/1185/1185
f 1185/1185/1185 917/917/917 1186/1186/1186
f 917/917/917 921/921/921 1186/1186/1186
f 921/921/921 1187/1187/1187 1186/1186/1186
f 1186/1186/1186 1187/1187/1187 1185/1185/1185
f 1187/1187/1187 1188/1188/1188 1185/1185/1185
f 1188/1188/1188 1189/1189/1189 1185/1185/1185
f 1185/1185/1185 1189/1189/1189 1190/1190/1190
f 1189/1189/1189 1191/1191/1191 1190/1190/1190
f 1190/1190/1190 1191/1191/1191 1192/1192/1192
f 1192/1192/1192 1191/1191/1191 923/923/923
f 1191/1191/1191 1193/1193/1193 923/923/923
f 923/923/923 1193/1193/1193 921/921/921
f 1193/1193/1193 1194/1194/1194 921/921/921
f 921/921/921 1194/1194/1194 1187/1187/1187
f 1195/1195/1195 1197/1197/1197 1196/1196/1196
f 1196/1196/1196 1197/1197/1197 1198/1198/1198
f 1197/1197/1197 1199/1199/1199 1198/1198/1198
f 1198/1198/1198 1199/1199/1199 1200/1200/1200
f 1199/1199/1199 1201/1201/1201 1200/1200/1200
f 1201/1201/1201 1202/1202/1202 1200/1200/1200
f 1200/1200/1200 1202/1202/1202 1203/1203/1203
f 1202/1202/1202 1204/1204/1204 1203/1203/1203
f 1204/1204/1204 1205/1205/1205 1203/1203/1203
f 1203/1203/1203 1205/1205/1205 1206/1206/1206
f 1206/1206/1206 1205/1205/1205 1207/1207/1207
f 1205/1205/1205 1208/1208/1208 1207/1207/1207
f 1207/1207/1207 1208/1208/1208 1209/1209/1209
f 1208/1208/1208 1210/1210/1210 1209/1209/1209
f 1209/1209/1209 1210/1210/1210 1211/1211/1211
f 1210/1210/1210 1212/1212/1212 1211/1211/1211
f 1212/1212/1212 1213/1213/1213 1211/1211/1211
f 1213/1213/1213 1214/1214/1214 1211/1211/1211
f 1214/1214/1214 1215/1215/1215 1211/1211/1211
f 1211/1211/1211 1215/1215/1215 1216/1216/1216
f 1215/1215/1215 1217/1217/1217 1216/1216/1216
f 1217/1217/1217 1218/1218/1218 1216/1216/1216
f 1216/1216/1216 1218/1218/1218 1219/1219/1219
f 1218/1218/1218 1220/1220/1220 1219/1219/1219
f 1219/1219/1219 1220/1220/1220 1221/1221/1221
f 1220/1220/1220 1222/1222/1222 1221/1221/1221
f 1221/1221/1221 1222/1222/1222 1223/1223/1223
f 1222/1222/1222 1224/1224/1224 1223/1223/1223
f 1223/1223/1223 1224/1224/1224 1225/1225/1225
f 1225/1225/1225 1224/1224/1224 1198/1198/1198
f 1224/1224/1224 1196/1196/1196 1198/1198/1198
f 1211/1211/1211 1216/1216/1216 1209/1209/1209
f 1216/1216/1216 1219/1219/1219 1209/1209/1209
f 1209/1209/1209 1219/1219/1219 1207/1207/1207
f 1219/1219/1219 1221/1221/1221 1207/1207/1207
f 1221/1221/1221 1223/1223/1223 1207/1207/1207
f 1207/1207/1207 1223/1223/1223 1206/1206/1206
f 1223/1223/1223 1225/1225/1225 1206/1206/1206
f 1206/1206/1206 1225/1225/1225 1203/1203/1203
f 1203/1203/1203 1225/1225/1225 1200/1200/1200
f 1225/1225/1225 1198/1198/1198 1200/1200/1200
f 690/690/690 1226/1226/1226 1227/1227/1227
f 1226/1226/1226 1228/1228/1228 1227/1227/1227
f 1227/1227/1227 1228/1228/1228 1229/1229/1229
f 1228/1228/1228 1230/1230/1230 1229/1229/1229
f 1229/1229/1229 1230/1230/1230 1231/1231/1231
f 1230/1230/1230 1232/1232/1232 1231/1231/1231
f 1231/1231/1231 1232/1232/1232 697/697/697
f 1232/1232/1232 1233/1233/1233 697/697/697
f 697/697/697 1233/1233/1233 1234/1234/1234
f 1234/1234/1234 1233/1233/1233 1235/1235/1235
f 1233/1233/1233 1236/1236/1236 1235/1235/1235
f 1236/1236/1236 1237/1237/1237 1235/1235/1235
f 1235/1235/1235 1237/1237/1237 1238/1238/1238
f 1237/1237/1237 1239/1239/1239 1238/1238/1238
f 1238/1238/1238 1239/1239/1239 1240/1240/1240
f 1240/1240/1240 1239/1239/1239 1241/1241/1241
f 1239/1239/1239 1242/1242/1242 1241/1241/1241
f 1242/1242/1242 1243/1243/1243 1241/1241/1241
f 1241/1241/1241 1243/1243/1243 1226/1226/1226
f 1226/1226/1226 1243/1243/1243 1228/1228/1228
f 1243/1243/1243 1244/1244/1244 1228/1228/1228
f 1228/1228/1228 1244/1244/1244 1230/1230/1230
f 1244/1244/1244 1245/1245/1245 1230/1230/1230
f 1245/1245/1245 1246/1246/1246 1230/1230/1230
f 1230/1230/1230 1246/1246/1246 1232/1232/1232
f 1232/1232/1232 1246/1246/1246 1247/1247/1247
f 1246/1246/1246 1248/1248/1248 1247/1247/1247
f 1248/1248/1248 1249/1249/1249 1247/1247/1247
f 1247/1247/1247 1249/1249/1249 1250/1250/1250
f 1249/1249/1249 1251/1251/1251 1250/1250/1250
f 1250/1250/1250 1251/1251/1251 1252/1252/1252
f 1251/1251/1251 1253/1253/1253 1252/1252/1252
f 1252/1252/1252 1253/1253/1253 1254/1254/1254
f 1253/1253/1253 1255/1255/1255 1254/1254/1254
f 1255/1255/1255 1256/1256/1256 1254/1254/1254
f 1256/1256/1256 1257/1257/1257 1254/1254/1254
f 1254/1254/1254 1257/1257/1257 1252/1252/1252
f 1257/1257/1257 1258/1258/1258 1252/1252/1252
f 1258/1258/1258 1236/1236/1236 1252/1252/1252
f 1252/1252/1252 1236/1236/1236 1250/1250/1250
f 1236/1236/1236 1233/1233/1233 1250/1250/1250
f 1250/1250/1250 1233/1233/1233 1247/1247/1247
f 1233/1233/1233 1232/1232/1232 1247/1247/1247
f 1259/1259/1259 1260/1260/1260 1261/1261/1261
f 1260/1260/1260 1262/1262/1262 1261/1261/1261
f 1261/1261/1261 1262/1262/1262 1263/1263/1263
f 1263/1263/1263 1262/1262/1262 1264/1264/1264
f 1264/1264/1264 1262/1262/1262 1265/1265/1265
f 1262/1262/1262 1260/1260/1260 1265/1265/1265
f 1257/1257/1257 1266/1266/1266 1267/1267/1267
f 1266/1266/1266 1268/1268/1268 1267/1267/1267
f 1268/1268/1268 1269/1269/1269 1267/1267/1267
f 1269/1269/1269 1258/1258/1258 1267/1267/1267
f 1267/1267/1267 1258/1258/1258 1257/1257/1257
f 1236/1236/1236 1258/1258/1258 1237/1237/1237
f 1237/1237/1237 1258/1258/1258 1239/1239/1239
f 1258/1258/1258 1269/1269/1269 1239/1239/1239
f 1239/1239/1239 1269/1269/1269 1242/1242/1242
f 1242/1242/1242 1269/1269/1269 1270/1270/1270
f 1269/1269/1269 1268/1268/1268 1270/1270/1270
f 1270/1270/1270 1268/1268/1268 1271/1271/1271
f 1246/1246/1246 1245/1245/1245 1272/1272/1272
f 1272/1272/1272 1245/1245/1245 1273/1273/1273
f 1245/1245/1245 1244/1244/1244 1273/1273/1273
f 1273/1273/1273 1244/1244/1244 1274/1274/1274
f 1244/1244/1244 1243/1243/1243 1274/1274/1274
f 1243/1243/1243 1242/1242/1242 1274/1274/1274
f 1242/1242/1242 1270/1270/1270 1274/1274/1274
f 1270/1270/1270 1271/1271/1271 1274/1274/1274
f 1274/1274/1274 1271/1271/1271 1273/1273/1273
f 1275/1275/1275 1277/1277/1277 1276/1276/1276
f 1276/1276/1276 1277/1277/1277 1278/1278/1278
f 1277/1277/1277 1279/1279/1279 1278/1278/1278
f 1279/1279/1279 1280/1280/1280 1278/1278/1278
f 1280/1280/1280 1281/1281/1281 1278/1278/1278
f 1278/1278/1278 1281/1281/1281 1276/1276/1276
f 1282/1282/1282 1284/1284/1284 1283/1283/1283
f 1283/1283/1283 1284/1284/1284 1285/1285/1285
f 1284/1284/1284 1286/1286/1286 1285/1285/1285
f 1286/1286/1286 1287/1287/1287 1285/1285/1285
f 1287/1287/1287 1288/1288/1288 1285/1285/1285
f 1285/1285/1285 1288/1288/1288 1289/1289/1289
f 1288/1288/1288 1290/1290/1290 1289/1289/1289
f 1290/1290/1290 1291/1291/1291 1289/1289/1289
f 1289/1289/1289 1291/1291/1291 1292/1292/1292
f 1291/1291/1291 1293/1293/1293 1292/1292/1292
f 1283/1283/1283 1285/1285/1285 1292/1292/1292
f 1285/1285/1285 1289/1289/1289 1292/1292/1292
f 1294/1294/1294 1295/1295/1295 1296/1296/1296
f 1295/1295/1295 1297/1297/1297 1296/1296/1296
f 1296/1296/1296 1297/1297/1297 1298/1298/1298
f 1297/1297/1297 1299/1299/1299 1298/1298/1298
f 1298/1298/1298 1299/1299/1299 1300/1300/1300
f 1300/1300/1300 1299/1299/1299 1301/1301/1301
f 1301/1301/1301 1299/1299/1299 1302/1302/1302
f 1302/1302/1302 1299/1299/1299 1303/1303/1303
f 1299/1299/1299 1297/1297/1297 1303/1303/1303
f 1304/1304/1304 1305/1305/1305 1306/1306/1306
f 1305/1305/1305 1307/1307/1307 1306/1306/1306
f 1306/1306/1306 1307/1307/1307 1308/1308/1308
f 1307/1307/1307 1301/1301/1301 1308/1308/1308
f 1301/1301/1301 1302/1302/1302 1308/1308/1308
f 1308/1308/1308 1302/1302/1302 1309/1309/1309
f 1302/1302/1302 1303/1303/1303 1309/1309/1309
f 1310/1310/1310 1311/1311/1311 1312/1312/1312
f 1311/1311/1311 1313/1313/1313 1312/1312/1312
f 1312/1312/1312 1313/1313/1313 1314/1314/1314
f 1314/1314/1314 1313/1313/1313 1315/1315/1315
f 1315/1315/1315 1313/1313/1313 1316/1316/1316
f 1316/1316/1316 1313/1313/1313 1317/1317/1317
f 1313/1313/1313 1311/1311/1311 1317/1317/1317
f 1317/1317/1317 1311/1311/1311 1318/1318/1318
f 1311/1311/1311 1319/1319/1319 1318/1318/1318
f 1320/1320/1320 1321/1321/1321 1322/1322/1322
f 1321/1321/1321 1323/1323/1323 1322/1322/1322
f 1323/1323/1323 1324/1324/1324 1322/1322/1322
f 1322/1322/1322 1324/1324/1324 1325/1325/1325
f 1325/1325/1325 1324/1324/1324 1326/1326/1326
f 1324/1324/1324 1327/1327/1327 1326/1326/1326
f 1326/1326/1326 1327/1327/1327 1328/1328/1328
f 1327/1327/1327 1329/1329/1329 1328/1328/1328
f 1329/1329/1329 1330/1330/1330 1328/1328/1328
f 1328/1328/1328 1330/1330/1330 1331/1331/1331
f 1331/1331/1331 1330/1330/1330 1332/1332/1332
f 1330/1330/1330 1333/1333/1333 1332/1332/1332
f 1334/1334/1334 1335/1335/1335 1336/1336/1336
f 1335/1335/1335 1337/1337/1337 1336/1336/1336
f 1337/1337/1337 1338/1338/1338 1336/1336/1336
f 1338/1338/1338 1339/1339/1339 1336/1336/1336
f 1339/1339/1339 1340/1340/1340 1336/1336/1336
f 1336/1336/1336 1340/1340/1340 1341/1341/1341
f 1340/1340/1340 1342/1342/1342 1341/1341/1341
f 1341/1341/1341 1342/1342/1342 1343/1343/1343
f 1341/1341/1341 1344/1344/1344 1336/1336/1336
f 1336/1336/1336 1344/1344/1344 810/810/810
f 1344/1344/1344 1345/1345/1345 810/810/810
f 810/810/810 1345/1345/1345 807/807/807
f 807/807/807 1345/1345/1345 788/788/788
f 788/788/788 1345/1345/1345 787/787/787
f 1345/1345/1345 1344/1344/1344 787/787/787
f 787/787/787 1344/1344/1344 784/784/784
f 784/784/784 1344/1344/1344 782/782/782
f 1344/1344/1344 1341/1341/1341 782/782/782
f 782/782/782 1341/1341/1341 780/780/780
f 731/731/731 1347/1347/1347 1346/1346/1346
f 1346/1346/1346 1347/1347/1347 1348/1348/1348
f 1347/1347/1347 1349/1349/1349 1348/1348/1348
f 1348/1348/1348 1349/1349/1349 1350/1350/1350
f 1349/1349/1349 1351/1351/1351 1350/1350/1350
f 1350/1350/1350 1351/1351/1351 1352/1352/1352
f 1351/1351/1351 738/738/738 1352/1352/1352
f 1352/1352/1352 738/738/738 1353/1353/1353
f 738/738/738 1354/1354/1354 1353/1353/1353
f 1354/1354/1354 1355/1355/1355 1353/1353/1353
f 1353/1353/1353 1355/1355/1355 1304/1304/1304
f 1304/1304/1304 1355/1355/1355 1305/1305/1305
f 1355/1355/1355 1356/1356/1356 1305/1305/1305
f 1305/1305/1305 1356/1356/1356 1307/1307/1307
f 1356/1356/1356 1357/1357/1357 1307/1307/1307
f 1357/1357/1357 1358/1358/1358 1307/1307/1307
f 1307/1307/1307 1358/1358/1358 1301/1301/1301
f 1301/1301/1301 1358/1358/1358 1300/1300/1300
f 1358/1358/1358 1346/1346/1346 1300/1300/1300
f 1346/1346/1346 1348/1348/1348 1300/1300/1300
f 1300/1300/1300 1348/1348/1348 1298/1298/1298
f 1348/1348/1348 1350/1350/1350 1298/1298/1298
f 1298/1298/1298 1350/1350/1350 1296/1296/1296
f 1296/1296/1296 1350/1350/1350 1294/1294/1294
f 1350/1350/1350 1352/1352/1352 1294/1294/1294
f 1352/1352/1352 1359/1359/1359 1294/1294/1294
f 1294/1294/1294 1359/1359/1359 1360/1360/1360
f 1360/1360/1360 1359/1359/1359 1361/1361/1361
f 1359/1359/1359 1362/1362/1362 1361/1361/1361
f 1361/1361/1361 1362/1362/1362 1363/1363/1363
f 1362/1362/1362 1364/1364/1364 1363/1363/1363
f 1363/1363/1363 1364/1364/1364 1365/1365/1365
f 1364/1364/1364 1366/1366/1366 1365/1365/1365
f 1365/1365/1365 1366/1366/1366 1367/1367/1367
f 1367/1367/1367 1366/1366/1366 1368/1368/1368
f 1368/1368/1368 1366/1366/1366 1369/1369/1369
f 1366/1366/1366 1364/1364/1364 1369/1369/1369
f 1369/1369/1369 1364/1364/1364 1306/1306/1306
f 1306/1306/1306 1364/1364/1364 1304/1304/1304
f 1364/1364/1364 1362/1362/1362 1304/1304/1304
f 1304/1304/1304 1362/1362/1362 1353/1353/1353
f 1362/1362/1362 1359/1359/1359 1353/1353/1353
f 1353/1353/1353 1359/1359/1359 1352/1352/1352
f 1370/1370/1370 1372/1372/1372 1371/1371/1371
f 1371/1371/1371 1372/1372/1372 1373/1373/1373
f 1374/1374/1374 1376/1376/1376 1375/1375/1375
f 1375/1375/1375 1376/1376/1376 1377/1377/1377
f 1376/1376/1376 1378/1378/1378 1377/1377/1377
f 1378/1378/1378 1379/1379/1379 1377/1377/1377
f 1379/1379/1379 1380/1380/1380 1377/1377/1377
f 1380/1380/1380 1381/1381/1381 1377/1377/1377
f 1377/1377/1377 1381/1381/1381 1375/1375/1375
f 1381/1381/1381 1382/1382/1382 1375/1375/1375
f 1375/1375/1375 1382/1382/1382 1383/1383/1383
f 1384/1384/1384 1386/1386/1386 1385/1385/1385
f 1385/1385/1385 1386/1386/1386 1387/1387/1387
f 1386/1386/1386 1388/1388/1388 1387/1387/1387
f 1387/1387/1387 1388/1388/1388 1389/1389/1389
f 1388/1388/1388 1390/1390/1390 1389/1389/1389
f 1390/1390/1390 1391/1391/1391 1389/1389/1389
f 1389/1389/1389 1391/1391/1391 1392/1392/1392
f 1391/1391/1391 1393/1393/1393 1392/1392/1392
f 1392/1392/1392 1393/1393/1393 1394/1394/1394
f 1393/1393/1393 1395/1395/1395 1394/1394/1394
f 1396/1396/1396 1397/1397/1397 1398/1398/1398
f 1397/1397/1397 1399/1399/1399 1398/1398/1398
f 1399/1399/1399 1400/1400/1400 1398/1398/1398
f 1398/1398/1398 1400/1400/1400 1401/1401/1401
f 1402/1402/1402 1404/1404/1404 1403/1403/1403
f 1403/1403/1403 1404/1404/1404 1405/1405/1405
f 1405/1405/1405 1404/1404/1404 1406/1406/1406
f 1404/1404/1404 1407/1407/1407 1406/1406/1406
f 1408/1408/1408 1409/1409/1409 350/350/350
f 1409/1409/1409 1410/1410/1410 350/350/350
f 350/350/350 1410/1410/1410 353/353/353
f 1410/1410/1410 1411/1411/1411 353/353/353
f 1411/1411/1411 1412/1412/1412 353/353/353
f 1412/1412/1412 1413/1413/1413 353/353/353
f 1413/1413/1413 1414/1414/1414 353/353/353
f 353/353/353 1414/1414/1414 1415/1415/1415
f 1416/1416/1416 1418/1418/1418 1417/1417/1417
f 1417/1417/1417 1418/1418/1418 1419/1419/1419
f 1419/1419/1419 1418/1418/1418 1420/1420/1420
f 1418/1418/1418 1421/1421/1421 1420/1420/1420
f 1421/1421/1421 1422/1422/1422 1420/1420/1420
f 1420/1420/1420 1422/1422/1422 1423/1423/1423
f 1422/1422/1422 1424/1424/1424 1423/1423/1423
f 1423/1423/1423 1424/1424/1424 1425/1425/1425
f 1425/1425/1425 1424/1424/1424 1426/1426/1426
f 1424/1424/1424 1427/1427/1427 1426/1426/1426
f 1427/1427/1427 1428/1428/1428 1426/1426/1426
f 1426/1426/1426 1428/1428/1428 1429/1429/1429
f 1430/1430/1430 1432/1432/1432 1431/1431/1431
f 1431/1431/1431 1432/1432/1432 1433/1433/1433
f 1433/1433/1433 1432/1432/1432 1434/1434/1434
f 1434/1434/1434 1432/1432/1432 1435/1435/1435
f 1432/1432/1432 1436/1436/1436 1435/1435/1435
f 1436/1436/1436 1437/1437/1437 1435/1435/1435
f 1435/1435/1435 1437/1437/1437 1434/1434/1434
f 1437/1437/1437 1438/1438/1438 1434/1434/1434
f 331/331/331 1439/1439/1439 1440/1440/1440
f 1439/1439/1439 1441/1441/1441 1440/1440/1440
f 1442/1442/1442 1443/1443/1443 1444/1444/1444
f 1443/1443/1443 1445/1445/1445 1444/1444/1444
f 1445/1445/1445 1446/1446/1446 1444/1444/1444
f 1446/1446/1446 1447/1447/1447 1444/1444/1444
f 1444/1444/1444 1447/1447/1447 1448/1448/1448
f 1448/1448/1448 1447/1447/1447 1449/1449/1449
f 1447/1447/1447 1446/1446/1446 1449/1449/1449
f 1449/1449/1449 1446/1446/1446 1450/1450/1450
f 1451/1451/1451 1440/1440/1440 1452/1452/1452
f 325/325/325 323/323/323 340/340/340
f 340/340/340 323/323/323 344/344/344
f 323/323/323 321/321/321 344/344/344
f 321/321/321 318/318/318 344/344/344
f 344/344/344 318/318/318 346/346/346
f 894/894/894 1453/1453/1453 896/896/896
f 896/896/896 1453/1453/1453 1454/1454/1454
f 1454/1454/1454 1453/1453/1453 1455/1455/1455
f 1453/1453/1453 1456/1456/1456 1455/1455/1455
f 1455/1455/1455 1456/1456/1456 890/890/890
f 890/890/890 1456/1456/1456 893/893/893
f 893/893/893 1456/1456/1456 1457/1457/1457
f 1456/1456/1456 1458/1458/1458 1457/1457/1457
f 566/566/566 568/568/568 1459/1459/1459
f 568/568/568 1460/1460/1460 1459/1459/1459
f 1460/1460/1460 1461/1461/1461 1459/1459/1459
f 1459/1459/1459 1461/1461/1461 1462/1462/1462
f 1461/1461/1461 572/572/572 1462/1462/1462
f 572/572/572 565/565/565 1462/1462/1462
f 565/565/565 1463/1463/1463 1462/1462/1462
f 1462/1462/1462 1463/1463/1463 1464/1464/1464
f 1465/1465/1465 1467/1467/1467 1466/1466/1466
f 1466/1466/1466 1467/1467/1467 1468/1468/1468
f 1468/1468/1468 1467/1467/1467 1469/1469/1469
f 1467/1467/1467 1470/1470/1470 1469/1469/1469
f 1470/1470/1470 1471/1471/1471 1469/1469/1469
f 1469/1469/1469 1471/1471/1471 1472/1472/1472
f 1472/1472/1472 1471/1471/1471 1473/1473/1473
f 1471/1471/1471 1474/1474/1474 1473/1473/1473
f 1475/1475/1475 1476/1476/1476 1477/1477/1477
f 1476/1476/1476 1478/1478/1478 1477/1477/1477
f 1478/1478/1478 1479/1479/1479 1477/1477/1477
f 1477/1477/1477 1479/1479/1479 1480/1480/1480
f 1480/1480/1480 1479/1479/1479 1481/1481/1481
f 1479/1479/1479 1482/1482/1482 1481/1481/1481
f 1482/1482/1482 1483/1483/1483 1481/1481/1481
f 1481/1481/1481 1483/1483/1483 1484/1484/1484
f 1485/1485/1485 1487/1487/1487 1486/1486/1486
f 1486/1486/1486 1487/1487/1487 1488/1488/1488
f 1488/1488/1488 1487/1487/1487 1489/1489/1489
f 1487/1487/1487 1490/1490/1490 1489/1489/1489
f 1490/1490/1490 1491/1491/1491 1489/1489/1489
f 1489/1489/1489 1491/1491/1491 1492/1492/1492
f 1491/1491/1491 1493/1493/1493 1492/1492/1492
f 1493/1493/1493 1494/1494/1494 1492/1492/1492
f 1492/1492/1492 1494/1494/1494 1495/1495/1495
f 1495/1495/1495 1494/1494/1494 1496/1496/1496
f 1494/1494/1494 1497/1497/1497 1496/1496/1496
f 1498/1498/1498 1499/1499/1499 1500/1500/1500
f 1499/1499/1499 1501/1501/1501 1500/1500/1500
f 1501/1501/1501 1502/1502/1502 1500/1500/1500
f 1500/1500/1500 1502/1502/1502 1503/1503/1503
f 1503/1503/1503 1502/1502/1502 1504/1504/1504
f 1502/1502/1502 1505/1505/1505 1504/1504/1504
f 1504/1504/1504 1505/1505/1505 1506/1506/1506
f 1506/1506/1506 1505/1505/1505 1507/1507/1507
f 1505/1505/1505 1508/1508/1508 1507/1507/1507
f 1508/1508/1508 1509/1509/1509 1507/1507/1507
f 1507/1507/1507 1509/1509/1509 1510/1510/1510
f 386/386/386 1511/1511/1511 384/384/384
f 384/384/384 1511/1511/1511 1512/1512/1512
f 1511/1511/1511 1513/1513/1513 1512/1512/1512
f 1513/1513/1513 1514/1514/1514 1512/1512/1512
f 1514/1514/1514 390/390/390 1512/1512/1512
f 390/390/390 383/383/383 1512/1512/1512
f 1512/1512/1512 383/383/383 384/384/384
f 1515/1515/1515 1517/1517/1517 1516/1516/1516
f 1516/1516/1516 1517/1517/1517 1518/1518/1518
f 1517/1517/1517 1519/1519/1519 1518/1518/1518
f 1518/1518/1518 1519/1519/1519 1520/1520/1520
f 1519/1519/1519 1521/1521/1521 1520/1520/1520
f 1521/1521/1521 1522/1522/1522 1520/1520/1520
f 1520/1520/1520 1522/1522/1522 1523/1523/1523
f 1522/1522/1522 1524/1524/1524 1523/1523/1523
f 1523/1523/1523 1524/1524/1524 1525/1525/1525
f 1524/1524/1524 1526/1526/1526 1525/1525/1525
f 1527/1527/1527 1528/1528/1528 1529/1529/1529
f 1528/1528/1528 1530/1530/1530 1529/1529/1529
f 1529/1529/1529 1530/1530/1530 1531/1531/1531
f 1530/1530/1530 1532/1532/1532 1531/1531/1531
f 1532/1532/1532 1533/1533/1533 1531/1531/1531
f 1531/1531/1531 1533/1533/1533 1534/1534/1534
f 1534/1534/1534 1533/1533/1533 1535/1535/1535
f 1533/1533/1533 1536/1536/1536 1535/1535/1535
f 1536/1536/1536 1537/1537/1537 1535/1535/1535
f 1537/1537/1537 1538/1538/1538 1535/1535/1535
f 1538/1538/1538 1539/1539/1539 1535/1535/1535
f 1535/1535/1535 1539/1539/1539 1534/1534/1534
f 1534/1534/1534 1539/1539/1539 1540/1540/1540
f 1539/1539/1539 1541/1541/1541 1540/1540/1540
f 1540/1540/1540 1541/1541/1541 1542/1542/1542
f 1541/1541/1541 1543/1543/1543 1542/1542/1542
f 1542/1542/1542 1543/1543/1543 1544/1544/1544
f 1543/1543/1543 1545/1545/1545 1544/1544/1544
f 1545/1545/1545 1546/1546/1546 1544/1544/1544
f 1544/1544/1544 1546/1546/1546 1547/1547/1547
f 1547/1547/1547 1546/1546/1546 1537/1537/1537
f 1546/1546/1546 1548/1548/1548 1537/1537/1537
f 1537/1537/1537 1548/1548/1548 1538/1538/1538
f 973/973/973 1549/1549/1549 970/970/970
f 970/970/970 1549/1549/1549 969/969/969
f 969/969/969 1549/1549/1549 966/966/966
f 1549/1549/1549 1550/1550/1550 966/966/966
f 966/966/966 1550/1550/1550 1551/1551/1551
f 1550/1550/1550 1552/1552/1552 1551/1551/1551
f 1552/1552/1552 1553/1553/1553 1551/1551/1551
f 1553/1553/1553 1554/1554/1554 1551/1551/1551
f 1551/1551/1551 1554/1554/1554 1555/1555/1555
f 1554/1554/1554 955/955/955 1555/1555/1555
f 955/955/955 957/957/957 1555/1555/1555
f 957/957/957 959/959/959 1555/1555/1555
f 959/959/959 962/962/962 1555/1555/1555
f 1555/1555/1555 962/962/962 1551/1551/1551
f 962/962/962 964/964/964 1551/1551/1551
f 1551/1551/1551 964/964/964 966/966/966
f 1556/1556/1556 1558/1558/1558 1557/1557/1557
f 1557/1557/1557 1558/1558/1558 1559/1559/1559
f 1558/1558/1558 1560/1560/1560 1559/1559/1559
f 1560/1560/1560 1561/1561/1561 1559/1559/1559
f 1559/1559/1559 1561/1561/1561 1562/1562/1562
f 1562/1562/1562 1561/1561/1561 1563/1563/1563
f 1563/1563/1563 1561/1561/1561 1564/1564/1564
f 1561/1561/1561 1560/1560/1560 1564/1564/1564
f 1560/1560/1560 1565/1565/1565 1564/1564/1564
f 1564/1564/1564 1565/1565/1565 1566/1566/1566
f 1565/1565/1565 1567/1567/1567 1566/1566/1566
f 1566/1566/1566 1567/1567/1567 1568/1568/1568
f 1567/1567/1567 1569/1569/1569 1568/1568/1568
f 1569/1569/1569 1570/1570/1570 1568/1568/1568
f 1570/1570/1570 1571/1571/1571 1568/1568/1568
f 1568/1568/1568 1571/1571/1571 1566/1566/1566
f 1572/1572/1572 1574/1574/1574 1573/1573/1573
f 1573/1573/1573 1574/1574/1574 1575/1575/1575
f 1574/1574/1574 1576/1576/1576 1575/1575/1575
f 1575/1575/1575 1576/1576/1576 1577/1577/1577
f 1576/1576/1576 1578/1578/1578 1577/1577/1577
f 1577/1577/1577 1578/1578/1578 1558/1558/1558
f 1578/1578/1578 1579/1579/1579 1558/1558/1558
f 1558/1558/1558 1579/1579/1579 1560/1560/1560
f 1560/1560/1560 1579/1579/1579 1565/1565/1565
f 1565/1565/1565 1579/1579/1579 1567/1567/1567
f 1567/1567/1567 1579/1579/1579 1580/1580/1580
f 1579/1579/1579 1578/1578/1578 1580/1580/1580
f 1580/1580/1580 1578/1578/1578 1581/1581/1581
f 1581/1581/1581 1578/1578/1578 1574/1574/1574
f 1578/1578/1578 1576/1576/1576 1574/1574/1574
f 1572/1572/1572 1582/1582/1582 1574/1574/1574
f 1582/1582/1582 1583/1583/1583 1574/1574/1574
f 1574/1574/1574 1583/1583/1583 1581/1581/1581
f 1581/1581/1581 1583/1583/1583 1584/1584/1584
f 1584/1584/1584 1583/1583/1583 1585/1585/1585
f 1585/1585/1585 1583/1583/1583 1586/1586/1586
f 1583/1583/1583 1582/1582/1582 1586/1586/1586
f 1587/1587/1587 1588/1588/1588 1589/1589/1589
f 1588/1588/1588 1590/1590/1590 1589/1589/1589
f 1590/1590/1590 1591/1591/1591 1589/1589/1589
f 1589/1589/1589 1591/1591/1591 1592/1592/1592
f 1592/1592/1592 1591/1591/1591 1593/1593/1593
f 1591/1591/1591 1594/1594/1594 1593/1593/1593
f 1594/1594/1594 1595/1595/1595 1593/1593/1593
f 1593/1593/1593 1595/1595/1595 1596/1596/1596
f 1595/1595/1595 1597/1597/1597 1596/1596/1596
f 1596/1596/1596 1597/1597/1597 1598/1598/1598
f 1597/1597/1597 1599/1599/1599 1598/1598/1598
f 1598/1598/1598 1599/1599/1599 1600/1600/1600
f 1599/1599/1599 1601/1601/1601 1600/1600/1600
f 1593/1593/1593 1596/1596/1596 1592/1592/1592
f 1596/1596/1596 1598/1598/1598 1592/1592/1592
f 1592/1592/1592 1598/1598/1598 1602/1602/1602
f 1598/1598/1598 1600/1600/1600 1602/1602/1602
f 1603/1603/1603 1604/1604/1604 1601/1601/1601
f 1604/1604/1604 1605/1605/1605 1601/1601/1601
f 1601/1601/1601 1605/1605/1605 1600/1600/1600
f 1605/1605/1605 1606/1606/1606 1600/1600/1600
f 1600/1600/1600 1606/1606/1606 1602/1602/1602
f 1606/1606/1606 1607/1607/1607 1602/1602/1602
f 1602/1602/1602 1607/1607/1607 1592/1592/1592
f 1592/1592/1592 1607/1607/1607 1589/1589/1589
f 1607/1607/1607 1608/1608/1608 1589/1589/1589
f 1589/1589/1589 1608/1608/1608 1587/1587/1587
f 1608/1608/1608 1609/1609/1609 1587/1587/1587
f 1609/1609/1609 1610/1610/1610 1587/1587/1587
f 1610/1610/1610 1611/1611/1611 1587/1587/1587
f 1587/1587/1587 1611/1611/1611 1588/1588/1588
f 1611/1611/1611 1612/1612/1612 1588/1588/1588
f 944/944/944 941/941/941 1613/1613/1613
f 941/941/941 940/940/940 1613/1613/1613
f 940/940/940 937/937/937 1613/1613/1613
f 1613/1613/1613 937/937/937 1614/1614/1614
f 937/937/937 1615/1615/1615 1614/1614/1614
f 1614/1614/1614 1615/1615/1615 1616/1616/1616
f 1616/1616/1616 1615/1615/1615 1617/1617/1617
f 1617/1617/1617 1615/1615/1615 1618/1618/1618
f 1615/1615/1615 1619/1619/1619 1618/1618/1618
f 1618/1618/1618 1619/1619/1619 926/926/926
f 926/926/926 1619/1619/1619 928/928/928
f 928/928/928 1619/1619/1619 930/930/930
f 930/930/930 1619/1619/1619 933/933/933
f 1619/1619/1619 1615/1615/1615 933/933/933
f 933/933/933 1615/1615/1615 935/935/935
f 1615/1615/1615 937/937/937 935/935/935
f 1620/1620/1620 1621/1621/1621 1622/1622/1622
f 1621/1621/1621 1623/1623/1623 1622/1622/1622
f 1622/1622/1622 1623/1623/1623 1624/1624/1624
f 1623/1623/1623 1625/1625/1625 1624/1624/1624
f 1624/1624/1624 1625/1625/1625 1626/1626/1626
f 1626/1626/1626 1625/1625/1625 1627/1627/1627
f 1627/1627/1627 1625/1625/1625 1628/1628/1628
f 1628/1628/1628 1625/1625/1625 1629/1629/1629
f 1629/1629/1629 1625/1625/1625 1621/1621/1621
f 1625/1625/1625 1623/1623/1623 1621/1621/1621
f 1630/1630/1630 1631/1631/1631 1632/1632/1632
f 1631/1631/1631 1633/1633/1633 1632/1632/1632
f 1632/1632/1632 1633/1633/1633 1634/1634/1634
f 1634/1634/1634 1633/1633/1633 1635/1635/1635
f 1633/1633/1633 1636/1636/1636 1635/1635/1635
f 1636/1636/1636 1637/1637/1637 1635/1635/1635
f 1637/1637/1637 1638/1638/1638 1635/1635/1635
f 1635/1635/1635 1638/1638/1638 1634/1634/1634
f 1634/1634/1634 1638/1638/1638 1639/1639/1639
f 1638/1638/1638 1640/1640/1640 1639/1639/1639
f 1639/1639/1639 1640/1640/1640 1641/1641/1641
f 1640/1640/1640 1642/1642/1642 1641/1641/1641
f 1641/1641/1641 1642/1642/1642 1643/1643/1643
f 1643/1643/1643 1642/1642/1642 1644/1644/1644
f 1644/1644/1644 1642/1642/1642 1645/1645/1645
f 1642/1642/1642 1640/1640/1640 1645/1645/1645
f 1646/1646/1646 1647/1647/1647 1648/1648/1648
f 1647/1647/1647 1649/1649/1649 1648/1648/1648
f 1648/1648/1648 1649/1649/1649 1650/1650/1650
f 1649/1649/1649 1651/1651/1651 1650/1650/1650
f 1650/1650/1650 1651/1651/1651 1652/1652/1652
f 1651/1651/1651 1632/1632/1632 1652/1652/1652
f 1652/1652/1652 1632/1632/1632 1653/1653/1653
f 1632/1632/1632 1634/1634/1634 1653/1653/1653
f 1634/1634/1634 1639/1639/1639 1653/1653/1653
f 1639/1639/1639 1641/1641/1641 1653/1653/1653
f 1641/1641/1641 1654/1654/1654 1653/1653/1653
f 1653/1653/1653 1654/1654/1654 1652/1652/1652
f 1654/1654/1654 1655/1655/1655 1652/1652/1652
f 1655/1655/1655 1648/1648/1648 1652/1652/1652
f 1652/1652/1652 1648/1648/1648 1650/1650/1650
f 1656/1656/1656 1657/1657/1657 1646/1646/1646
f 1646/1646/1646 1657/1657/1657 1647/1647/1647
f 1647/1647/1647 1657/1657/1657 1658/1658/1658
f 1657/1657/1657 1656/1656/1656 1658/1658/1658
f 1659/1659/1659 1660/1660/1660 1661/1661/1661
f 1660/1660/1660 1662/1662/1662 1661/1661/1661
f 1662/1662/1662 1663/1663/1663 1661/1661/1661
f 1661/1661/1661 1663/1663/1663 1664/1664/1664
f 1664/1664/1664 1663/1663/1663 1665/1665/1665
f 1665/1665/1665 1663/1663/1663 1666/1666/1666
f 1666/1666/1666 1663/1663/1663 1667/1667/1667
f 1663/1663/1663 1668/1668/1668 1667/1667/1667
f 1667/1667/1667 1668/1668/1668 1669/1669/1669
f 1670/1670/1670 1672/1672/1672 1671/1671/1671
f 1671/1671/1671 1672/1672/1672 1673/1673/1673
f 1672/1672/1672 1674/1674/1674 1673/1673/1673
f 1673/1673/1673 1674/1674/1674 1675/1675/1675
f 1675/1675/1675 1674/1674/1674 1676/1676/1676
f 1674/1674/1674 1677/1677/1677 1676/1676/1676
f 1105/1105/1105 1122/1122/1122 1103/1103/1103
f 1122/1122/1122 1121/1121/1121 1103/1103/1103
f 1103/1103/1103 1121/1121/1121 1100/1100/1100
f 1100/1100/1100 1121/1121/1121 1098/1098/1098
f 1098/1098/1098 1121/1121/1121 1678/1678/1678
f 1121/1121/1121 1679/1679/1679 1678/1678/1678
f 1678/1678/1678 1679/1679/1679 1680/1680/1680
f 1680/1680/1680 1679/1679/1679 1681/1681/1681
f 1681/1681/1681 1679/1679/1679 1682/1682/1682
f 1682/1682/1682 1679/1679/1679 1120/1120/1120
f 1679/1679/1679 1121/1121/1121 1120/1120/1120
f 1683/1683/1683 1684/1684/1684 1685/1685/1685
f 1685/1685/1685 1684/1684/1684 1686/1686/1686
f 1684/1684/1684 1687/1687/1687 1686/1686/1686
f 1687/1687/1687 1688/1688/1688 1686/1686/1686
f 1688/1688/1688 1689/1689/1689 1686/1686/1686
f 1686/1686/1686 1689/1689/1689 1690/1690/1690
f 1689/1689/1689 1108/1108/1108 1690/1690/1690
f 1108/1108/1108 1106/1106/1106 1690/1690/1690
f 1106/1106/1106 1691/1691/1691 1690/1690/1690
f 1691/1691/1691 1692/1692/1692 1690/1690/1690
f 1692/1692/1692 1685/1685/1685 1690/1690/1690
f 1690/1690/1690 1685/1685/1685 1686/1686/1686
f 653/653/653 1694/1694/1694 1693/1693/1693
f 1693/1693/1693 1694/1694/1694 1695/1695/1695
f 1694/1694/1694 1696/1696/1696 1695/1695/1695
f 1695/1695/1695 1696/1696/1696 1697/1697/1697
f 1697/1697/1697 1696/1696/1696 674/674/674
f 1696/1696/1696 1694/1694/1694 674/674/674
f 674/674/674 1694/1694/1694 662/662/662
f 1694/1694/1694 653/653/653 662/662/662
f 1104/1104/1104 1102/1102/1102 1698/1698/1698
f 1102/1102/1102 1699/1699/1699 1698/1698/1698
f 1699/1699/1699 1691/1691/1691 1698/1698/1698
f 1691/1691/1691 1106/1106/1106 1698/1698/1698
f 1698/1698/1698 1106/1106/1106 1104/1104/1104
f 1700/1700/1700 1702/1702/1702 1701/1701/1701
f 1701/1701/1701 1702/1702/1702 1703/1703/1703
f 1703/1703/1703 1702/1702/1702 1704/1704/1704
f 1702/1702/1702 1705/1705/1705 1704/1704/1704
f 1705/1705/1705 1706/1706/1706 1704/1704/1704
f 1704/1704/1704 1706/1706/1706 1707/1707/1707
f 1707/1707/1707 1706/1706/1706 1708/1708/1708
f 1706/1706/1706 1709/1709/1709 1708/1708/1708
f 1709/1709/1709 1710/1710/1710 1708/1708/1708
f 1708/1708/1708 1710/1710/1710 1711/1711/1711
f 1711/1711/1711 1710/1710/1710 1712/1712/1712
f 1710/1710/1710 1713/1713/1713 1712/1712/1712
f 1714/1714/1714 1715/1715/1715 1716/1716/1716
f 1715/1715/1715 1717/1717/1717 1716/1716/1716
f 1717/1717/1717 1718/1718/1718 1716/1716/1716
f 1716/1716/1716 1718/1718/1718 1719/1719/1719
f 1718/1718/1718 1720/1720/1720 1719/1719/1719
f 1720/1720/1720 1721/1721/1721 1719/1719/1719
f 1719/1719/1719 1721/1721/1721 1722/1722/1722
f 1721/1721/1721 1723/1723/1723 1722/1722/1722
f 1723/1723/1723 1724/1724/1724 1722/1722/1722
f 1722/1722/1722 1724/1724/1724 1725/1725/1725
f 1724/1724/1724 1726/1726/1726 1725/1725/1725
f 1725/1725/1725 1726/1726/1726 1727/1727/1727
f 1726/1726/1726 1728/1728/1728 1727/1727/1727
f 1727/1727/1727 1728/1728/1728 1714/1714/1714
f 1728/1728/1728 1729/1729/1729 1714/1714/1714
f 1714/1714/1714 1729/1729/1729 1715/1715/1715
f 1730/1730/1730 1732/1732/1732 1731/1731/1731
f 1731/1731/1731 1732/1732/1732 1733/1733/1733
f 1732/1732/1732 1734/1734/1734 1733/1733/1733
f 1734/1734/1734 1735/1735/1735 1733/1733/1733
f 1733/1733/1733 1735/1735/1735 1736/1736/1736
f 1735/1735/1735 1737/1737/1737 1736/1736/1736
f 1736/1736/1736 1737/1737/1737 1738/1738/1738
f 1737/1737/1737 1739/1739/1739 1738/1738/1738
f 1738/1738/1738 1739/1739/1739 1740/1740/1740
f 1739/1739/1739 1741/1741/1741 1740/1740/1740
f 1741/1741/1741 1742/1742/1742 1740/1740/1740
f 1740/1740/1740 1742/1742/1742 1743/1743/1743
f 1742/1742/1742 1744/1744/1744 1743/1743/1743
f 1744/1744/1744 1745/1745/1745 1743/1743/1743
f 1743/1743/1743 1745/1745/1745 1731/1731/1731
f 1745/1745/1745 1730/1730/1730 1731/1731/1731
f 1746/1746/1746 1747/1747/1747 1748/1748/1748
f 1747/1747/1747 1749/1749/1749 1748/1748/1748
f 1748/1748/1748 1749/1749/1749 1750/1750/1750
f 1749/1749/1749 1751/1751/1751 1750/1750/1750
f 1750/1750/1750 1751/1751/1751 1752/1752/1752
f 1751/1751/1751 1753/1753/1753 1752/1752/1752
f 1753/1753/1753 1754/1754/1754 1752/1752/1752
f 1752/1752/1752 1754/1754/1754 1755/1755/1755
f 1754/1754/1754 1756/1756/1756 1755/1755/1755
f 1755/1755/1755 1756/1756/1756 1757/1757/1757
f 1758/1758/1758 1760/1760/1760 1759/1759/1759
f 1759/1759/1759 1760/1760/1760 1761/1761/1761
f 1760/1760/1760 1762/1762/1762 1761/1761/1761
f 1761/1761/1761 1762/1762/1762 1763/1763/1763
f 1762/1762/1762 1764/1764/1764 1763/1763/1763
f 1764/1764/1764 1765/1765/1765 1763/1763/1763
f 1763/1763/1763 1765/1765/1765 1766/1766/1766
f 1765/1765/1765 910/910/910 1766/1766/1766
f 1766/1766/1766 910/910/910 1767/1767/1767
f 1767/1767/1767 910/910/910 1758/1758/1758
f 910/910/910 1768/1768/1768 1758/1758/1758
f 1758/1758/1758 1768/1768/1768 1760/1760/1760
f 1760/1760/1760 1768/1768/1768 906/906/906
f 1768/1768/1768 910/910/910 906/906/906
f 1760/1760/1760 906/906/906 1769/1769/1769
f 906/906/906 904/904/904 1769/1769/1769
f 904/904/904 902/902/902 1769/1769/1769
f 1769/1769/1769 902/902/902 1770/1770/1770
f 902/902/902 1771/1771/1771 1770/1770/1770
f 1770/1770/1770 1771/1771/1771 1772/1772/1772
f 1771/1771/1771 1773/1773/1773 1772/1772/1772
f 1773/1773/1773 1774/1774/1774 1772/1772/1772
f 1772/1772/1772 1774/1774/1774 1775/1775/1775
f 1774/1774/1774 1776/1776/1776 1775/1775/1775
f 1776/1776/1776 1777/1777/1777 1775/1775/1775
f 1777/1777/1777 1778/1778/1778 1775/1775/1775
f 1775/1775/1775 1778/1778/1778 1772/1772/1772
f 1778/1778/1778 1770/1770/1770 1772/1772/1772
f 1779/1779/1779 1780/1780/1780 1781/1781/1781
f 1780/1780/1780 1782/1782/1782 1781/1781/1781
f 1782/1782/1782 1783/1783/1783 1781/1781/1781
f 1781/1781/1781 1783/1783/1783 1784/1784/1784
f 1784/1784/1784 1783/1783/1783 1785/1785/1785
f 1783/1783/1783 1786/1786/1786 1785/1785/1785
f 1786/1786/1786 1787/1787/1787 1785/1785/1785
f 1785/1785/1785 1787/1787/1787 1788/1788/1788
f 1788/1788/1788 1787/1787/1787 1789/1789/1789
f 1787/1787/1787 1790/1790/1790 1789/1789/1789
f 1790/1790/1790 1791/1791/1791 1789/1789/1789
f 1789/1789/1789 1791/1791/1791 1792/1792/1792
f 1646/1646/1646 1648/1648/1648 1793/1793/1793
f 1793/1793/1793 1648/1648/1648 1794/1794/1794
f 1648/1648/1648 1655/1655/1655 1794/1794/1794
f 1655/1655/1655 1795/1795/1795 1794/1794/1794
f 1795/1795/1795 1796/1796/1796 1794/1794/1794
f 1796/1796/1796 1797/1797/1797 1794/1794/1794
f 1794/1794/1794 1797/1797/1797 1793/1793/1793
f 1050/1050/1050 1049/1049/1049 1798/1798/1798
f 1798/1798/1798 1049/1049/1049 1595/1595/1595
f 1595/1595/1595 1049/1049/1049 1597/1597/1597
f 1049/1049/1049 1046/1046/1046 1597/1597/1597
f 1597/1597/1597 1046/1046/1046 1599/1599/1599
f 1046/1046/1046 1799/1799/1799 1599/1599/1599
f 1599/1599/1599 1799/1799/1799 1601/1601/1601
f 1601/1601/1601 1799/1799/1799 1603/1603/1603
f 1603/1603/1603 1799/1799/1799 1800/1800/1800
f 1799/1799/1799 1801/1801/1801 1800/1800/1800
f 1800/1800/1800 1801/1801/1801 1802/1802/1802
f 1802/1802/1802 1801/1801/1801 1803/1803/1803
f 1803/1803/1803 1801/1801/1801 1044/1044/1044
f 1044/1044/1044 1801/1801/1801 1046/1046/1046
f 1801/1801/1801 1799/1799/1799 1046/1046/1046
f 1537/1537/1537 1536/1536/1536 1547/1547/1547
f 1536/1536/1536 1804/1804/1804 1547/1547/1547
f 1804/1804/1804 1805/1805/1805 1547/1547/1547
f 1547/1547/1547 1805/1805/1805 1544/1544/1544
f 1544/1544/1544 1805/1805/1805 1542/1542/1542
f 1805/1805/1805 1806/1806/1806 1542/1542/1542
f 1542/1542/1542 1806/1806/1806 1540/1540/1540
f 1806/1806/1806 1807/1807/1807 1540/1540/1540
f 1540/1540/1540 1807/1807/1807 1534/1534/1534
f 1534/1534/1534 1807/1807/1807 1531/1531/1531
f 1531/1531/1531 1807/1807/1807 1529/1529/1529
f 1529/1529/1529 1807/1807/1807 1808/1808/1808
f 1807/1807/1807 1806/1806/1806 1808/1808/1808
f 1809/1809/1809 1369/1369/1369 1810/1810/1810
f 1369/1369/1369 1306/1306/1306 1810/1810/1810
f 1306/1306/1306 1308/1308/1308 1810/1810/1810
f 1308/1308/1308 1309/1309/1309 1810/1810/1810
f 1810/1810/1810 1309/1309/1309 1809/1809/1809
f 1811/1811/1811 1813/1813/1813 1812/1812/1812
f 1812/1812/1812 1813/1813/1813 1814/1814/1814
f 1814/1814/1814 1813/1813/1813 1815/1815/1815
f 1815/1815/1815 1813/1813/1813 356/356/356
f 1813/1813/1813 1811/1811/1811 356/356/356
f 1816/1816/1816 1370/1370/1370 1817/1817/1817
f 1370/1370/1370 1371/1371/1371 1817/1817/1817
f 1817/1817/1817 1371/1371/1371 1818/1818/1818
f 1818/1818/1818 1371/1371/1371 1819/1819/1819
f 1819/1819/1819 1371/1371/1371 1820/1820/1820
f 1371/1371/1371 1373/1373/1373 1820/1820/1820
f 1820/1820/1820 1373/1373/1373 1821/1821/1821
f 1821/1821/1821 1373/1373/1373 1822/1822/1822
f 1373/1373/1373 1372/1372/1372 1822/1822/1822
f 1822/1822/1822 1372/1372/1372 1823/1823/1823
f 1824/1824/1824 1826/1826/1826 1825/1825/1825
f 1825/1825/1825 1826/1826/1826 285/285/285
f 285/285/285 1826/1826/1826 1827/1827/1827
f 1827/1827/1827 1826/1826/1826 1828/1828/1828
f 1826/1826/1826 1824/1824/1824 1828/1828/1828
f 1829/1829/1829 1572/1572/1572 1830/1830/1830
f 1572/1572/1572 1573/1573/1573 1830/1830/1830
f 1573/1573/1573 1831/1831/1831 1830/1830/1830
f 1830/1830/1830 1831/1831/1831 1829/1829/1829
f 1832/1832/1832 530/530/530 1833/1833/1833
f 1833/1833/1833 530/530/530 1834/1834/1834
f 530/530/530 531/531/531 1834/1834/1834
f 1834/1834/1834 531/531/531 1835/1835/1835
f 531/531/531 533/533/533 1835/1835/1835
f 1835/1835/1835 533/533/533 1836/1836/1836
f 1836/1836/1836 533/533/533 1837/1837/1837
f 533/533/533 535/535/535 1837/1837/1837
f 1837/1837/1837 535/535/535 1838/1838/1838
f 535/535/535 1839/1839/1839 1838/1838/1838
f 1840/1840/1840 1841/1841/1841 1842/1842/1842
f 1841/1841/1841 1843/1843/1843 1842/1842/1842
f 1842/1842/1842 1843/1843/1843 1844/1844/1844
f 1844/1844/1844 1843/1843/1843 1845/1845/1845
f 1843/1843/1843 1846/1846/1846 1845/1845/1845
f 1845/1845/1845 1846/1846/1846 1847/1847/1847
f 1846/1846/1846 1848/1848/1848 1847/1847/1847
f 1847/1847/1847 1848/1848/1848 1849/1849/1849
f 1848/1848/1848 1850/1850/1850 1849/1849/1849
f 1851/1851/1851 1852/1852/1852 1853/1853/1853
f 1854/1854/1854 1856/1856/1856 1855/1855/1855
f 1857/1857/1857 1858/1858/1858 1859/1859/1859
f 1860/1860/1860 1862/1862/1862 1861/1861/1861
f 1863/1863/1863 1864/1864/1864 1375/1375/1375
f 1865/1865/1865 1867/1867/1867 1866/1866/1866
f 1868/1868/1868 1869/1869/1869 1870/1870/1870
f 1311/1311/1311 1872/1872/1872 1871/1871/1871
f 1873/1873/1873 1874/1874/1874 1875/1875/1875
f 1876/1876/1876 1878/1878/1878 1877/1877/1877
f 1879/1879/1879 1880/1880/1880 1881/1881/1881
f 1882/1882/1882 1884/1884/1884 1883/1883/1883
f 1885/1885/1885 1886/1886/1886 1887/1887/1887
f 1888/1888/1888 1890/1890/1890 1889/1889/1889
f 1891/1891/1891 1892/1892/1892 1893/1893/1893
f 1894/1894/1894 1896/1896/1896 1895/1895/1895
f 1897/1897/1897 1898/1898/1898 1899/1899/1899
f 1900/1900/1900 1902/1902/1902 1901/1901/1901
f 1903/1903/1903 1904/1904/1904 1905/1905/1905
f 1906/1906/1906 1908/1908/1908 1907/1907/1907
f 1909/1909/1909 1910/1910/1910 1911/1911/1911
f 1912/1912/1912 1914/1914/1914 1913/1913/1913
f 1915/1915/1915 1916/1916/1916 1917/1917/1917
f 1918/1918/1918 1920/1920/1920 1919/1919/1919
f 1921/1921/1921 1922/1922/1922 1923/1923/1923
f 1924/1924/1924 1926/1926/1926 1925/1925/1925
f 1927/1927/1927 1928/1928/1928 1929/1929/1929
f 1930/1930/1930 1932/1932/1932 1931/1931/1931
f 1933/1933/1933 1934/1934/1934 1935/1935/1935
f 1936/1936/1936 1938/1938/1938 1937/1937/1937
f 1939/1939/1939 1940/1940/1940 1941/1941/1941
f 1942/1942/1942 1944/1944/1944 1943/1943/1943
f 1945/1945/1945 1946/1946/1946 1947/1947/1947
f 1948/1948/1948 1950/1950/1950 1949/1949/1949
f 1951/1951/1951 1952/1952/1952 1953/1953/1953
f 1954/1954/1954 1956/1956/1956 1955/1955/1955
f 1957/1957/1957 1958/1958/1958 1959/1959/1959
f 1960/1960/1960 1962/1962/1962 1961/1961/1961
f 1963/1963/1963 1964/1964/1964 1965/1965/1965
f 1966/1966/1966 1968/1968/1968 1967/1967/1967
f 1969/1969/1969 1970/1970/1970 1971/1971/1971
f 1972/1972/1972 1974/1974/1974 1973/1973/1973
f 1975/1975/1975 1976/1976/1976 1977/1977/1977
f 1978/1978/1978 1980/1980/1980 1979/1979/1979
f 1981/1981/1981 1982/1982/1982 1983/1983/1983
f 1984/1984/1984 1986/1986/1986 1985/1985/1985
f 1987/1987/1987 1988/1988/1988 1989/1989/1989
f 1990/1990/1990 1992/1992/1992 1991/1991/1991
f 1993/1993/1993 1994/1994/1994 1995/1995/1995
f 1996/1996/1996 1998/1998/1998 1997/1997/1997
f 1999/1999/1999 2000/2000/2000 2001/2001/2001
f 2002/2002/2002 2004/2004/2004 2003/2003/2003
f 2005/2005/2005 2006/2006/2006 2007/2007/2007
f 2008/2008/2008 2010/2010/2010 2009/2009/2009
f 2011/2011/2011 2012/2012/2012 2013/2013/2013
f 2014/2014/2014 2016/2016/2016 2015/2015/2015
f 2017/2017/2017 2018/2018/2018 2019/2019/2019
f 2020/2020/2020 2022/2022/2022 2021/2021/2021
f 2023/2023/2023 2024/2024/2024 2025/2025/2025
f 2026/2026/2026 2028/2028/2028 2027/2027/2027
f 2029/2029/2029 2030/2030/2030 2031/2031/2031
f 2032/2032/2032 2034/2034/2034 2033/2033/2033
f 2035/2035/2035 2036/2036/2036 2037/2037/2037
f 2038/2038/2038 2040/2040/2040 2039/2039/2039
f 2041/2041/2041 2042/2042/2042 2043/2043/2043
f 2044/2044/2044 2046/2046/2046 2045/2045/2045
f 2047/2047/2047 2048/2048/2048 2049/2049/2049
f 2050/2050/2050 2052/2052/2052 2051/2051/2051
f 2053/2053/2053 2054/2054/2054 2055/2055/2055
f 2056/2056/2056 2058/2058/2058 2057/2057/2057
f 2059/2059/2059 2060/2060/2060 2061/2061/2061
f 2062/2062/2062 2064/2064/2064 2063/2063/2063
f 2065/2065/2065 2066/2066/2066 2067/2067/2067
f 2068/2068/2068 2070/2070/2070 2069/2069/2069
f 2071/2071/2071 2072/2072/2072 2073/2073/2073
f 2072/2072/2072 2074/2074/2074 2073/2073/2073
f 2073/2073/2073 2074/2074/2074 2075/2075/2075
f 2076/2076/2076 2078/2078/2078 2077/2077/2077
f 2079/2079/2079 2080/2080/2080 2081/2081/2081
f 2082/2082/2082 2084/2084/2084 2083/2083/2083
f 2085/2085/2085 2086/2086/2086 2087/2087/2087
f 2088/2088/2088 2090/2090/2090 2089/2089/2089
f 2091/2091/2091 2092/2092/2092 2093/2093/2093
f 2094/2094/2094 2096/2096/2096 2095/2095/2095
f 2097/2097/2097 2098/2098/2098 2099/2099/2099
f 2100/2100/2100 2102/2102/2102 2101/2101/2101
f 2103/2103/2103 2104/2104/2104 2105/2105/2105
f 275/275/275 2107/2107/2107 2106/2106/2106
f 2108/2108/2108 286/286/286 2109/2109/2109
f 2110/2110/2110 2111/2111/2111 715/715/715
f 2112/2112/2112 2113/2113/2113 2114/2114/2114
f 281/281/281 2116/2116/2116 2115/2115/2115
f 2117/2117/2117 2118/2118/2118 2119/2119/2119
f 2120/2120/2120 2122/2122/2122 2121/2121/2121
f 2123/2123/2123 2124/2124/2124 2125/2125/2125
f 2126/2126/2126 2128/2128/2128 2127/2127/2127
f 2129/2129/2129 2130/2130/2130 2131/2131/2131
f 2132/2132/2132 2134/2134/2134 2133/2133/2133
f 2135/2135/2135 2136/2136/2136 2137/2137/2137
f 2138/2138/2138 2140/2140/2140 2139/2139/2139
f 2141/2141/2141 2142/2142/2142 2143/2143/2143
f 2144/2144/2144 2146/2146/2146 2145/2145/2145
f 2147/2147/2147 2148/2148/2148 2149/2149/2149
f 2150/2150/2150 2152/2152/2152 2151/2151/2151
f 2153/2153/2153 2154/2154/2154 2155/2155/2155
f 2156/2156/2156 330/330/330 2157/2157/2157
f 783/783/783 375/375/375 2158/2158/2158
f 375/375/375 374/374/374 2158/2158/2158
f 2158/2158/2158 374/374/374 2159/2159/2159
f 452/452/452 765/765/765 2160/2160/2160
f 2160/2160/2160 765/765/765 2161/2161/2161
f 765/765/765 763/763/763 2161/2161/2161
f 2161/2161/2161 763/763/763 2162/2162/2162
f 2162/2162/2162 763/763/763 2163/2163/2163
f 763/763/763 761/761/761 2163/2163/2163
f 2163/2163/2163 761/761/761 2164/2164/2164
f 2164/2164/2164 761/761/761 2165/2165/2165
f 761/761/761 760/760/760 2165/2165/2165
f 2165/2165/2165 760/760/760 2166/2166/2166
f 760/760/760 461/461/461 2166/2166/2166
f 2167/2167/2167 2168/2168/2168 2169/2169/2169
f 2170/2170/2170 2171/2171/2171 599/599/599
f 599/599/599 2171/2171/2171 601/601/601
f 2171/2171/2171 2172/2172/2172 601/601/601
f 2173/2173/2173 2174/2174/2174 2175/2175/2175
f 2176/2176/2176 2178/2178/2178 2177/2177/2177
f 2179/2179/2179 2180/2180/2180 2181/2181/2181
f 2182/2182/2182 2184/2184/2184 2183/2183/2183
f 2185/2185/2185 2186/2186/2186 2187/2187/2187
f 2188/2188/2188 2189/2189/2189 2190/2190/2190
f 2189/2189/2189 2191/2191/2191 2190/2190/2190
f 2190/2190/2190 2191/2191/2191 2192/2192/2192
f 2192/2192/2192 2191/2191/2191 2193/2193/2193
f 2191/2191/2191 2194/2194/2194 2193/2193/2193
f 2193/2193/2193 2194/2194/2194 2195/2195/2195
f 2195/2195/2195 2194/2194/2194 2196/2196/2196
f 2194/2194/2194 2197/2197/2197 2196/2196/2196
f 2196/2196/2196 2197/2197/2197 2198/2198/2198
f 2197/2197/2197 2199/2199/2199 2198/2198/2198
f 2198/2198/2198 2199/2199/2199 2200/2200/2200
f 2199/2199/2199 2201/2201/2201 2200/2200/2200
f 2200/2200/2200 2201/2201/2201 2202/2202/2202
f 2201/2201/2201 2203/2203/2203 2202/2202/2202
f 2202/2202/2202 2203/2203/2203 2204/2204/2204
f 2203/2203/2203 2205/2205/2205 2204/2204/2204
f 2204/2204/2204 2205/2205/2205 2206/2206/2206
f 2205/2205/2205 2207/2207/2207 2206/2206/2206
f 2206/2206/2206 2207/2207/2207 2208/2208/2208
f 2208/2208/2208 2207/2207/2207 2209/2209/2209
f 2207/2207/2207 2210/2210/2210 2209/2209/2209
f 2209/2209/2209 2210/2210/2210 2211/2211/2211
f 2210/2210/2210 2212/2212/2212 2211/2211/2211
f 2211/2211/2211 2212/2212/2212 2213/2213/2213
f 2212/2212/2212 2214/2214/2214 2213/2213/2213
f 2213/2213/2213 2214/2214/2214 2215/2215/2215
f 2214/2214/2214 2216/2216/2216 2215/2215/2215
f 2215/2215/2215 2216/2216/2216 2217/2217/2217
f 2216/2216/2216 2218/2218/2218 2217/2217/2217
f 2217/2217/2217 2218/2218/2218 2219/2219/2219
f 2218/2218/2218 2220/2220/2220 2219/2219/2219
f 2219/2219/2219 2220/2220/2220 2221/2221/2221
f 2221/2221/2221 2220/2220/2220 2222/2222/2222
f 2220/2220/2220 2223/2223/2223 2222/2222/2222
f 2222/2222/2222 2223/2223/2223 2224/2224/2224
f 2224/2224/2224 2223/2223/2223 2225/2225/2225
f 2223/2223/2223 2226/2226/2226 2225/2225/2225
f 2225/2225/2225 2226/2226/2226 2227/2227/2227
f 2227/2227/2227 2226/2226/2226 2228/2228/2228
f 2226/2226/2226 2229/2229/2229 2228/2228/2228
f 2228/2228/2228 2229/2229/2229 2230/2230/2230
f 2229/2229/2229 2231/2231/2231 2230/2230/2230
f 2230/2230/2230 2231/2231/2231 2232/2232/2232
f 2231/2231/2231 2233/2233/2233 2232/2232/2232
f 2232/2232/2232 2233/2233/2233 2234/2234/2234
f 2233/2233/2233 2235/2235/2235 2234/2234/2234
f 2234/2234/2234 2235/2235/2235 2236/2236/2236
f 2235/2235/2235 2237/2237/2237 2236/2236/2236
f 2237/2237/2237 2238/2238/2238 2236/2236/2236
f 2236/2236/2236 2238/2238/2238 2239/2239/2239
f 2238/2238/2238 2240/2240/2240 2239/2239/2239
f 2239/2239/2239 2240/2240/2240 2241/2241/2241
f 2240/2240/2240 2242/2242/2242 2241/2241/2241
f 2241/2241/2241 2242/2242/2242 2243/2243/2243
f 2242/2242/2242 2244/2244/2244 2243/2243/2243
f 2243/2243/2243 2244/2244/2244 2245/2245/2245
f 2244/2244/2244 2189/2189/2189 2245/2245/2245
f 2245/2245/2245 2189/2189/2189 2188/2188/2188
f 2191/2191/2191 2246/2246/2246 2194/2194/2194
f 2194/2194/2194 2246/2246/2246 2197/2197/2197
f 2246/2246/2246 2247/2247/2247 2197/2197/2197
f 2197/2197/2197 2247/2247/2247 2199/2199/2199
f 2247/2247/2247 2248/2248/2248 2199/2199/2199
f 2199/2199/2199 2248/2248/2248 2201/2201/2201
f 2248/2248/2248 2249/2249/2249 2201/2201/2201
f 2201/2201/2201 2249/2249/2249 2203/2203/2203
f 2249/2249/2249 2250/2250/2250 2203/2203/2203
f 2203/2203/2203 2250/2250/2250 2205/2205/2205
f 2250/2250/2250 2251/2251/2251 2205/2205/2205
f 2205/2205/2205 2251/2251/2251 2207/2207/2207
f 2207/2207/2207 2251/2251/2251 2210/2210/2210
f 2251/2251/2251 2252/2252/2252 2210/2210/2210
f 2210/2210/2210 2252/2252/2252 2212/2212/2212
f 2252/2252/2252 2253/2253/2253 2212/2212/2212
f 2212/2212/2212 2253/2253/2253 2214/2214/2214
f 2253/2253/2253 2254/2254/2254 2214/2214/2214
f 2214/2214/2214 2254/2254/2254 2216/2216/2216
f 2254/2254/2254 2255/2255/2255 2216/2216/2216
f 2216/2216/2216 2255/2255/2255 2218/2218/2218
f 2255/2255/2255 2256/2256/2256 2218/2218/2218
f 2218/2218/2218 2256/2256/2256 2220/2220/2220
f 2220/2220/2220 2256/2256/2256 2223/2223/2223
f 2223/2223/2223 2256/2256/2256 2226/2226/2226
f 2226/2226/2226 2256/2256/2256 2229/2229/2229
f 2256/2256/2256 2255/2255/2255 2229/2229/2229
f 2229/2229/2229 2255/2255/2255 2231/2231/2231
f 2255/2255/2255 2254/2254/2254 2231/2231/2231
f 2231/2231/2231 2254/2254/2254 2233/2233/2233
f 2254/2254/2254 2253/2253/2253 2233/2233/2233
f 2233/2233/2233 2253/2253/2253 2235/2235/2235
f 2253/2253/2253 2252/2252/2252 2235/2235/2235
f 2235/2235/2235 2252/2252/2252 2237/2237/2237
f 2252/2252/2252 2251/2251/2251 2237/2237/2237
f 2251/2251/2251 2250/2250/2250 2237/2237/2237
f 2237/2237/2237 2250/2250/2250 2238/2238/2238
f 2250/2250/2250 2249/2249/2249 2238/2238/2238
f 2238/2238/2238 2249/2249/2249 2240/2240/2240
f 2249/2249/2249 2248/2248/2248 2240/2240/2240
f 2240/2240/2240 2248/2248/2248 2242/2242/2242
f 2248/2248/2248 2247/2247/2247 2242/2242/2242
f 2242/2242/2242 2247/2247/2247 2244/2244/2244
f 2247/2247/2247 2246/2246/2246 2244/2244/2244
f 2244/2244/2244 2246/2246/2246 2189/2189/2189
f 2246/2246/2246 2191/2191/2191 2189/2189/2189
