# Halo 2 Mark VI (mode #83) — native Linux decode
v 0.22571 0.15902 0.38688
v 0.22465 0.15876 0.38324
v 0.22840 0.16076 0.38293
v 0.22692 0.16386 0.38141
v 0.21757 0.16998 0.38330
v 0.21639 0.16963 0.37982
v 0.21977 0.17197 0.37937
v 0.21793 0.17481 0.37799
v 0.21639 0.16963 0.37982
v 0.21426 0.17291 0.37824
v 0.21517 0.17089 0.38870
v 0.21096 0.17184 0.38607
v 0.20369 0.17198 0.39613
v 0.20971 0.17141 0.39944
v 0.19831 0.16841 0.40988
v 0.19030 0.16858 0.40657
v 0.21996 0.16685 0.38908
v 0.22293 0.16235 0.38147
v 0.22268 0.16539 0.38375
v 0.21426 0.17291 0.37824
v 0.21096 0.17184 0.38607
v 0.21127 0.17687 0.38580
v 0.20369 0.17198 0.39613
v 0.20493 0.17876 0.39587
v 0.19081 0.17523 0.40705
v 0.21379 0.17579 0.38048
v 0.19630 0.16104 0.41007
v 0.19831 0.16841 0.40988
v 0.21061 0.16267 0.39945
v 0.21267 0.16939 0.39923
v 0.21904 0.16173 0.38937
v 0.22465 0.15876 0.38324
v 0.22293 0.16235 0.38147
v 0.19466 0.14426 0.42576
v 0.19899 0.14031 0.42109
v 0.19012 0.14327 0.41978
v 0.19268 0.13451 0.41913
v 0.17971 0.13811 0.42374
v 0.20289 0.15947 0.41425
v 0.21061 0.16267 0.39945
v 0.21647 0.16142 0.40314
v 0.22309 0.16030 0.39230
v 0.21904 0.16173 0.38937
v 0.15818 0.17343 0.43915
v 0.16053 0.17897 0.43791
v 0.16614 0.15675 0.44734
v 0.17219 0.15455 0.44990
v 0.17083 0.14882 0.44563
v 0.19093 0.18590 0.42245
v 0.20258 0.16148 0.43444
v 0.20060 0.16931 0.42272
v 0.20608 0.15782 0.42835
v 0.19288 0.18548 0.41477
v 0.17531 0.18311 0.42221
v 0.19093 0.18590 0.42245
v 0.19288 0.18548 0.41477
v 0.15310 -0.17233 0.44416
v 0.16089 -0.15855 0.45272
v 0.14801 -0.16899 0.43288
v 0.16014 -0.14753 0.44620
v 0.14731 -0.15721 0.42938
v 0.15333 -0.14656 0.43600
v 0.09030 -0.15065 0.50639
v 0.07469 -0.16328 0.50097
v 0.08074 -0.14094 0.50756
v 0.06778 -0.15403 0.50609
v 0.06836 -0.13911 0.51828
v 0.05863 -0.15031 0.51435
v 0.05916 -0.16166 0.49442
v 0.05450 -0.15673 0.49584
v 0.06778 -0.15403 0.50609
v 0.04587 -0.15738 0.50444
v 0.03762 -0.13185 0.47935
v 0.01491 -0.13394 0.49531
v 0.02718 -0.14011 0.49178
v 0.02004 -0.14792 0.50974
v 0.03022 -0.14765 0.49987
v 0.03958 -0.15515 0.48915
v 0.03654 -0.14761 0.48108
v 0.03958 -0.15515 0.48915
v 0.05046 -0.14689 0.47855
v 0.03654 -0.14761 0.48108
v 0.04776 -0.13817 0.47751
v 0.06010 -0.12173 0.47972
v 0.07030 -0.11673 0.46997
v 0.05582 -0.13127 0.46661
v 0.05046 -0.14689 0.47855
v 0.05450 -0.15673 0.49584
v 0.22683 -0.14674 0.39498
v 0.22991 -0.14806 0.39129
v 0.22601 -0.14657 0.39135
v 0.22895 -0.15123 0.38968
v 0.20220 -0.17667 0.38462
v 0.20373 -0.17886 0.38059
v 0.20094 -0.17600 0.38129
v 0.20136 -0.18121 0.37929
v 0.08373 -0.11508 0.47933
v 0.07506 -0.11556 0.48662
v 0.05954 -0.10921 0.48984
v -0.00463 -0.10085 0.51401
v -0.00100 -0.13587 0.50534
v 0.00206 -0.14343 0.51345
v -0.01781 -0.13237 0.53719
v -0.02022 -0.11318 0.52332
v 0.15818 -0.17343 0.43915
v 0.15290 -0.17147 0.44416
v 0.16614 -0.15674 0.44734
v 0.16033 -0.15811 0.45125
v 0.16421 -0.14761 0.44265
v 0.15980 -0.14807 0.44620
v 0.19081 -0.17523 0.40705
v 0.18995 -0.18086 0.41261
v 0.19708 -0.17885 0.41183
v 0.19393 -0.17673 0.41845
v 0.19989 -0.17453 0.41393
v 0.20262 -0.17043 0.41595
v 0.19831 -0.16841 0.40988
v 0.20060 -0.16931 0.42272
v 0.20488 -0.16570 0.41828
v 0.20344 -0.15942 0.42590
v 0.20289 -0.15947 0.41425
v 0.20673 -0.16083 0.42016
v 0.20794 -0.15618 0.42217
v 0.19006 -0.15223 0.43737
v 0.19868 -0.15077 0.42796
v 0.18963 -0.14748 0.43401
v 0.19466 -0.14426 0.42576
v 0.19945 -0.13848 0.42731
v 0.19899 -0.14031 0.42109
v 0.20343 -0.13341 0.42486
v 0.20776 -0.13352 0.41631
v 0.20613 -0.12713 0.41813
v 0.20837 -0.12548 0.41071
v 0.20059 -0.12551 0.41808
v 0.19594 -0.12838 0.42451
v 0.19268 -0.13451 0.41913
v 0.18432 -0.13228 0.43131
v 0.17971 -0.13811 0.42374
v 0.18135 -0.14525 0.44103
v 0.17312 -0.13826 0.43937
v 0.18804 -0.13674 0.43741
v 0.19796 -0.13263 0.42899
v 0.17083 -0.14882 0.44563
v 0.16053 -0.17897 0.43791
v 0.17219 -0.15455 0.44990
v 0.19093 -0.18590 0.42245
v 0.20258 -0.16148 0.43444
v 0.20060 -0.16931 0.42272
v 0.20608 -0.15782 0.42835
v 0.19288 -0.18548 0.41477
v 0.17531 -0.18311 0.42221
v 0.19093 -0.18590 0.42245
v 0.19288 -0.18548 0.41477
v 0.02299 0.06855 0.54554
v 0.01565 0.07000 0.51633
v 0.02058 0.07331 0.54509
v 0.00917 0.07744 0.52884
v 0.01565 0.07000 0.51633
v -0.00990 0.08065 0.52393
v -0.01398 0.07379 0.51052
v 0.02299 -0.06855 0.54554
v 0.02058 -0.07331 0.54509
v 0.01565 -0.07000 0.51633
v 0.00917 -0.07744 0.52884
v -0.00990 -0.08065 0.52393
v 0.01565 -0.07000 0.51633
v -0.01398 -0.07379 0.51052
v -0.02932 -0.08141 0.52519
v -0.00990 -0.08065 0.52393
v -0.02379 -0.09191 0.52592
v -0.00703 -0.08915 0.52061
v -0.02022 -0.11318 0.52332
v -0.00463 -0.10085 0.51401
v 0.15333 0.14656 0.43600
v 0.14731 0.15721 0.42938
v 0.16014 0.14753 0.44620
v 0.14801 0.16899 0.43288
v 0.16089 0.15855 0.45272
v 0.15310 0.17233 0.44416
v 0.14801 0.16899 0.43288
v 0.14731 0.15721 0.42938
v 0.14425 0.15646 0.42761
v 0.15150 0.14308 0.43572
v 0.11468 0.14876 0.44027
v 0.12285 0.13431 0.44924
v 0.09143 0.13988 0.44358
v 0.10107 0.12283 0.45416
v 0.05582 0.13127 0.46661
v 0.07030 0.11673 0.46997
v 0.03530 0.16001 0.48464
v 0.03543 0.15580 0.48724
v 0.03896 0.16621 0.49129
v 0.03971 0.16307 0.49504
v 0.05728 0.16628 0.49391
v -0.01680 0.13579 0.54960
v -0.03202 0.12372 0.56803
v -0.03154 0.11200 0.57311
v -0.03686 0.10326 0.58636
v -0.02584 0.09902 0.58283
v -0.02475 0.09255 0.59328
v -0.00997 0.09292 0.58543
v 0.00260 0.09310 0.58778
v 0.00676 0.09654 0.57902
v 0.02348 0.10016 0.57260
v 0.04587 -0.15738 0.50444
v 0.05957 -0.15320 0.51719
v 0.05863 -0.15031 0.51435
v 0.07050 -0.14045 0.52152
v 0.06836 -0.13911 0.51828
v 0.07252 -0.12965 0.51969
v -0.02932 0.08141 0.52519
v -0.00990 0.08065 0.52393
v -0.02379 0.09191 0.52592
v -0.00703 0.08915 0.52061
v -0.02022 0.11318 0.52332
v -0.00463 0.10085 0.51401
v 0.16002 0.14429 0.44846
v 0.16014 0.14753 0.44620
v 0.15150 0.14308 0.43572
v 0.15333 0.14656 0.43600
v 0.04214 0.12092 0.55381
v 0.03935 0.12467 0.55338
v 0.04205 0.11943 0.55103
v 0.03895 0.12346 0.55043
v 0.03935 0.12467 0.55338
v 0.02295 0.12457 0.55544
v 0.02416 0.12768 0.56030
v 0.01299 0.13754 0.55392
v 0.01295 0.13342 0.54973
v 0.01555 0.14416 0.53708
v 0.08373 0.11508 0.47933
v 0.07030 0.11673 0.46997
v 0.07506 0.11556 0.48662
v 0.06010 0.12173 0.47972
v 0.05954 0.10921 0.48984
v 0.03762 0.13185 0.47935
v -0.00463 0.10085 0.51401
v 0.01491 0.13394 0.49531
v -0.00100 0.13587 0.50534
v 0.02004 0.14792 0.50974
v 0.00206 0.14343 0.51345
v -0.01781 0.13237 0.53719
v -0.02022 0.11318 0.52332
v 0.04776 0.13817 0.47751
v 0.03654 0.14761 0.48108
v 0.05046 0.14689 0.47855
v 0.03958 0.15515 0.48915
v 0.05582 0.13127 0.46661
v 0.05046 0.14689 0.47855
v 0.02506 0.08734 0.52302
v 0.06568 0.10664 0.49775
v 0.00260 0.09310 0.58778
v -0.02361 0.09669 0.59567
v -0.02475 0.09255 0.59328
v -0.03462 0.10643 0.58938
v -0.03686 0.10326 0.58636
v 0.05916 0.16166 0.49442
v 0.05450 0.15673 0.49584
v 0.05450 0.15673 0.49584
v 0.06778 0.15403 0.50609
v 0.07469 0.16328 0.50097
v 0.08074 0.14094 0.50756
v 0.09030 0.15065 0.50639
v 0.08362 0.12266 0.48778
v 0.07554 0.11502 0.49981
v 0.08677 0.13399 0.49836
v 0.07813 0.12490 0.50885
v 0.07252 0.12965 0.51969
v 0.06836 0.13911 0.51828
v 0.05863 0.15031 0.51435
v 0.06055 0.09688 0.51901
v 0.06443 0.11073 0.53195
v 0.04205 0.11943 0.55103
v 0.07050 0.14045 0.52152
v 0.03895 0.12346 0.55043
v 0.05957 0.15320 0.51719
v 0.02295 0.12457 0.55544
v 0.01295 0.13342 0.54973
v 0.01555 0.14416 0.53708
v 0.04587 0.15738 0.50444
v 0.01200 0.14601 0.53388
v -0.01680 0.13579 0.54960
v -0.03392 0.11503 0.55790
v -0.03154 0.11200 0.57311
v -0.03379 0.10066 0.56853
v -0.02584 0.09902 0.58283
v -0.03258 0.10586 0.54383
v -0.03462 0.10643 0.58938
v -0.00364 0.10905 0.59070
v 0.02351 0.10672 0.57853
v 0.02348 0.10016 0.57260
v 0.07252 0.12965 0.51969
v 0.06836 0.13911 0.51828
v 0.07050 0.14045 0.52152
v 0.05863 0.15031 0.51435
v 0.05957 0.15320 0.51719
v 0.04587 0.15738 0.50444
v 0.16002 -0.14429 0.44846
v 0.16014 -0.14753 0.44620
v 0.15150 -0.14308 0.43572
v 0.15333 -0.14656 0.43600
v 0.04214 -0.12092 0.55381
v 0.03935 -0.12467 0.55338
v 0.04205 -0.11943 0.55103
v 0.03895 -0.12346 0.55043
v 0.03935 -0.12467 0.55338
v 0.02295 -0.12457 0.55544
v 0.02416 -0.12768 0.56030
v 0.01299 -0.13754 0.55392
v 0.01295 -0.13342 0.54973
v 0.01555 -0.14416 0.53708
v -0.01680 -0.13579 0.54960
v -0.03202 -0.12372 0.56803
v -0.03154 -0.11200 0.57311
v -0.03686 -0.10326 0.58636
v -0.02584 -0.09902 0.58283
v -0.02475 -0.09255 0.59328
v -0.00997 -0.09292 0.58543
v 0.00260 -0.09310 0.58778
v 0.00676 -0.09654 0.57902
v 0.02348 -0.10016 0.57260
v 0.19819 -0.17872 0.37980
v 0.19565 -0.17735 0.38769
v 0.20094 -0.17600 0.38129
v 0.20002 -0.17728 0.39003
v -0.03462 -0.10643 0.58938
v -0.02361 -0.09669 0.59567
v -0.00364 -0.10905 0.59070
v 0.00260 -0.09310 0.58778
v 0.02351 -0.10672 0.57853
v 0.02348 -0.10016 0.57260
v -0.02475 -0.09255 0.59328
v -0.03462 -0.10643 0.58938
v -0.03686 -0.10326 0.58636
v 0.02506 -0.08734 0.52302
v 0.06568 -0.10664 0.49775
v 0.22408 -0.14837 0.40010
v 0.22601 -0.14657 0.39135
v 0.22051 -0.15021 0.39695
v 0.22489 -0.15024 0.38949
v 0.04205 -0.11943 0.55103
v 0.04214 -0.12092 0.55381
v 0.01457 -0.12172 0.57981
v -0.02053 -0.12398 0.58105
v -0.03202 -0.12372 0.56803
v -0.03686 -0.10326 0.58636
v 0.20059 -0.15321 0.41481
v 0.20610 -0.15011 0.41904
v 0.21307 -0.15240 0.40571
v 0.21831 -0.15056 0.40968
v -0.00307 -0.13732 0.56975
v -0.01450 -0.14034 0.55683
v -0.01680 -0.13579 0.54960
v 0.01176 -0.14779 0.53646
v 0.01200 -0.14601 0.53388
v 0.01501 -0.14622 0.53948
v 0.02416 -0.12768 0.56030
v -0.04218 -0.07274 0.59259
v -0.02010 -0.07000 0.59876
v -0.01556 -0.08130 0.59387
v 0.00314 -0.06777 0.59274
v 0.00475 -0.07913 0.58401
v 0.01867 -0.06692 0.57166
v 0.01639 -0.07585 0.56761
v 0.02058 -0.07331 0.54509
v 0.20289 0.15947 0.41425
v 0.20488 0.16570 0.41828
v 0.20673 0.16083 0.42016
v 0.20344 0.15942 0.42590
v 0.20794 0.15618 0.42217
v 0.19006 0.15223 0.43737
v 0.19868 0.15077 0.42796
v 0.18963 0.14748 0.43401
v 0.19466 0.14426 0.42576
v 0.19945 0.13848 0.42731
v 0.19899 0.14031 0.42109
v 0.20343 0.13341 0.42486
v 0.20776 0.13352 0.41631
v 0.20613 0.12713 0.41813
v 0.20837 0.12548 0.41071
v 0.20059 0.12551 0.41808
v 0.19594 0.12838 0.42451
v 0.19268 0.13451 0.41913
v 0.18432 0.13228 0.43131
v 0.19796 0.13263 0.42899
v 0.18804 0.13674 0.43741
v 0.18135 0.14525 0.44103
v 0.17083 0.14882 0.44563
v 0.16421 0.14761 0.44265
v 0.16614 0.15675 0.44734
v 0.15818 0.17343 0.43915
v 0.15290 0.17147 0.44416
v 0.16033 0.15811 0.45124
v 0.15980 0.14807 0.44620
v 0.20356 0.13716 0.41474
v 0.20837 0.12548 0.41071
v 0.20442 0.12576 0.40960
v 0.20953 0.13004 0.40941
v 0.20577 0.13103 0.40809
v 0.19820 0.13144 0.41335
v 0.20442 0.12576 0.40960
v 0.19081 -0.17523 0.40705
v 0.18233 -0.17343 0.40504
v 0.19030 -0.16858 0.40657
v 0.17902 -0.15875 0.42220
v 0.19630 -0.16104 0.41007
v 0.20059 -0.15321 0.41481
v 0.20289 -0.15947 0.41425
v 0.20610 -0.15011 0.41904
v 0.19466 -0.14426 0.42576
v 0.19012 -0.14327 0.41978
v 0.17971 -0.13811 0.42374
v 0.15741 -0.14868 0.43295
v 0.15151 -0.16104 0.42688
v 0.17815 -0.18220 0.40836
v 0.18356 -0.18202 0.40307
v 0.18593 -0.18402 0.40986
v 0.14801 -0.16815 0.43338
v 0.14731 -0.15721 0.43075
v 0.15333 -0.14710 0.43637
v 0.19831 -0.16841 0.40988
v 0.19393 0.17673 0.41845
v 0.20262 0.17043 0.41595
v 0.20060 0.16931 0.42272
v 0.18995 0.18086 0.41261
v 0.18347 0.18224 0.41805
v 0.18593 0.18402 0.40986
v 0.17531 0.18311 0.42221
v 0.17815 0.18220 0.40836
v 0.16080 0.17710 0.42381
v 0.15151 0.16104 0.42688
v 0.15241 0.17233 0.43051
v 0.14801 0.16815 0.43338
v 0.15290 0.17147 0.44416
v 0.15818 0.17343 0.43915
v 0.15719 0.17737 0.43161
v 0.14731 0.15721 0.43075
v 0.15741 0.14868 0.43295
v 0.15333 0.14710 0.43637
v 0.21977 0.17197 0.37937
v 0.21757 0.16998 0.38330
v 0.21861 0.17464 0.38689
v 0.21517 0.17089 0.38870
v 0.20971 0.17141 0.39944
v 0.21203 0.17792 0.39720
v 0.20992 0.17616 0.40270
v 0.20753 0.17984 0.40092
v 0.19708 0.17885 0.41183
v 0.20493 0.17876 0.39587
v 0.19989 0.17453 0.41393
v 0.19831 0.16841 0.40988
v 0.21861 0.17464 0.38689
v 0.21659 0.17775 0.38539
v 0.21793 0.17481 0.37799
v 0.21379 0.17579 0.38048
v 0.21203 0.17792 0.39720
v 0.19708 -0.17885 0.41183
v 0.20992 -0.17616 0.40270
v 0.19989 -0.17453 0.41393
v 0.20971 -0.17141 0.39944
v 0.19831 -0.16841 0.40988
v 0.22840 0.16076 0.38293
v 0.22571 0.15902 0.38688
v 0.22715 0.16372 0.39060
v 0.22309 0.16030 0.39230
v 0.21647 0.16142 0.40314
v 0.21969 0.16773 0.40094
v 0.21707 0.16625 0.40644
v 0.21517 0.17024 0.40449
v 0.20262 0.17043 0.41595
v 0.21267 0.16939 0.39923
v 0.20488 0.16570 0.41828
v 0.20289 0.15947 0.41425
v 0.22715 0.16372 0.39060
v 0.22553 0.16712 0.38894
v 0.22692 0.16386 0.38141
v 0.22268 0.16539 0.38375
v 0.21969 0.16773 0.40094
v 0.20262 -0.17043 0.41595
v 0.21707 -0.16625 0.40644
v 0.20488 -0.16570 0.41828
v 0.21647 -0.16142 0.40314
v 0.20289 -0.15947 0.41425
v 0.14955 -0.17575 0.43967
v 0.14801 -0.16899 0.43288
v 0.14485 -0.17111 0.43181
v 0.14425 -0.15646 0.42761
v 0.10283 -0.16287 0.44360
v 0.11468 -0.14876 0.44027
v 0.09143 -0.13988 0.44358
v 0.07274 -0.14829 0.45156
v 0.05582 -0.13127 0.46661
v 0.14731 -0.15721 0.42938
v 0.14425 -0.15646 0.42761
v 0.15150 -0.14308 0.43572
v 0.12285 -0.13431 0.44924
v 0.10107 -0.12283 0.45416
v 0.07030 -0.11673 0.46997
v 0.06680 -0.15951 0.45885
v 0.04718 -0.14914 0.47551
v 0.03530 -0.16000 0.48464
v 0.03543 -0.15580 0.48724
v 0.16014 -0.14753 0.44620
v 0.16279 -0.15233 0.45421
v 0.16089 -0.15855 0.45272
v 0.15647 -0.16052 0.45834
v 0.15310 -0.17233 0.44416
v 0.14933 -0.17315 0.45050
v 0.14955 -0.17575 0.43967
v 0.11503 -0.17469 0.45557
v 0.14485 -0.17111 0.43181
v 0.09320 -0.17536 0.46197
v 0.05699 -0.16793 0.47257
v 0.03896 -0.16621 0.49129
v 0.07500 -0.17341 0.47378
v 0.05728 -0.16628 0.49391
v 0.08916 -0.17615 0.48149
v 0.07469 -0.16328 0.50097
v 0.10472 -0.16349 0.49477
v 0.09030 -0.15065 0.50639
v 0.10810 -0.14267 0.50227
v 0.09691 -0.13745 0.50334
v 0.10397 -0.12600 0.49538
v 0.09813 -0.12780 0.49361
v 0.09913 -0.11780 0.48658
v 0.09497 -0.12244 0.48785
v 0.08373 -0.11508 0.47933
v 0.09167 -0.11481 0.47236
v 0.07030 -0.11673 0.46997
v 0.10107 -0.12283 0.45416
v 0.12342 -0.12644 0.46622
v 0.12285 -0.13431 0.44924
v 0.16002 -0.14429 0.44846
v 0.13396 -0.14120 0.47636
v 0.16279 -0.15233 0.45421
v 0.13127 -0.15973 0.48234
v 0.12316 -0.17405 0.47344
v 0.21757 -0.16998 0.38330
v 0.21639 -0.16963 0.37982
v 0.21977 -0.17197 0.37937
v 0.21793 -0.17481 0.37799
v -0.01398 -0.07379 0.51052
v -0.02932 -0.08141 0.52519
v -0.04417 -0.07530 0.52026
v -0.04312 -0.08167 0.53920
v -0.05789 -0.07525 0.55725
v -0.04509 -0.08757 0.56776
v -0.03462 -0.08769 0.58465
v -0.02584 -0.09902 0.58283
v -0.00997 -0.09292 0.58543
v 0.00969 -0.08753 0.57782
v 0.01985 -0.08272 0.56361
v 0.02253 -0.07820 0.54334
v 0.00917 -0.07744 0.52884
v 0.01201 -0.08432 0.52634
v -0.00703 -0.08915 0.52061
v 0.02506 -0.08734 0.52302
v -0.00463 -0.10085 0.51401
v -0.00990 -0.08065 0.52393
v -0.03817 -0.09251 0.54394
v -0.03258 -0.10586 0.54383
v -0.03379 -0.10066 0.56853
v 0.02621 -0.08231 0.53932
v 0.02340 -0.08850 0.56170
v 0.00676 -0.09654 0.57902
v 0.21127 -0.17687 0.38580
v 0.21426 -0.17291 0.37824
v 0.21379 -0.17579 0.38048
v 0.19081 -0.17523 0.40705
v 0.18995 -0.18086 0.41261
v 0.19605 -0.17729 0.39933
v 0.19560 -0.18187 0.40234
v 0.19693 -0.18373 0.39692
v 0.19261 -0.18483 0.40070
v 0.18593 -0.18402 0.40986
v 0.19007 -0.18321 0.39607
v 0.18356 -0.18202 0.40307
v 0.20610 -0.15011 0.41904
v 0.20794 -0.15618 0.42217
v 0.21831 -0.15056 0.40968
v 0.21924 -0.15521 0.41290
v 0.22230 -0.15623 0.40774
v 0.21801 -0.15924 0.41085
v 0.20673 -0.16083 0.42016
v 0.21586 -0.15863 0.40560
v 0.20289 -0.15947 0.41425
v 0.04214 0.12092 0.55381
v 0.01457 0.12172 0.57981
v 0.02416 0.12768 0.56030
v -0.00307 0.13732 0.56975
v 0.01501 0.14622 0.53948
v 0.01176 0.14779 0.53646
v 0.01200 0.14601 0.53388
v -0.01680 0.13579 0.54960
v -0.01450 0.14034 0.55683
v -0.03202 0.12372 0.56803
v -0.02053 0.12398 0.58105
v -0.03258 0.10586 0.54383
v -0.03817 0.09251 0.54394
v -0.03379 0.10066 0.56853
v -0.04509 0.08756 0.56776
v -0.03462 0.08769 0.58465
v -0.02584 0.09902 0.58283
v -0.04312 0.08167 0.53920
v -0.02932 0.08141 0.52519
v 0.22465 -0.15876 0.38324
v 0.22293 -0.16235 0.38147
v 0.21904 -0.16173 0.38937
v 0.21996 -0.16685 0.38908
v 0.21061 -0.16267 0.39945
v 0.21267 -0.16939 0.39923
v 0.19831 -0.16841 0.40988
v 0.19630 -0.16104 0.41007
v 0.22268 -0.16539 0.38375
v 0.22692 -0.16386 0.38141
v 0.19819 0.17872 0.37980
v 0.19565 0.17735 0.38769
v 0.20094 0.17600 0.38129
v 0.20002 0.17728 0.39003
v 0.20220 0.17667 0.38462
v 0.22571 -0.15902 0.38688
v 0.22309 -0.16030 0.39230
v 0.21904 -0.16173 0.38937
v 0.21061 -0.16267 0.39945
v 0.21647 -0.16142 0.40314
v 0.20289 -0.15947 0.41425
v 0.20136 0.18121 0.37929
v 0.19819 0.17872 0.37980
v 0.20373 0.17886 0.38059
v 0.20094 0.17600 0.38129
v 0.22840 -0.16076 0.38293
v 0.22465 -0.15876 0.38324
v 0.15980 -0.14807 0.44620
v 0.16421 -0.14761 0.44265
v 0.15741 -0.14868 0.43295
v 0.17312 -0.13826 0.43937
v 0.18432 -0.13228 0.43131
v 0.04205 0.11943 0.55103
v 0.07469 -0.16328 0.50097
v 0.05728 -0.16628 0.49391
v 0.05916 -0.16166 0.49442
v 0.03971 -0.16307 0.49504
v 0.03543 -0.15580 0.48724
v 0.05046 -0.14689 0.47855
v 0.04718 -0.14914 0.47551
v 0.20610 0.15011 0.41904
v 0.20794 0.15618 0.42217
v 0.21831 0.15056 0.40969
v 0.21924 0.15521 0.41290
v 0.22230 0.15623 0.40774
v 0.21801 0.15924 0.41085
v 0.20673 0.16083 0.42016
v 0.21586 0.15863 0.40560
v 0.20289 0.15947 0.41425
v 0.19081 0.17523 0.40705
v 0.18995 0.18086 0.41261
v 0.19605 0.17729 0.39933
v 0.19560 0.18187 0.40234
v 0.19693 0.18373 0.39692
v 0.19261 0.18483 0.40070
v 0.18593 0.18402 0.40986
v 0.19007 0.18321 0.39607
v 0.18356 0.18202 0.40307
v 0.19995 0.18405 0.38655
v 0.20255 0.18147 0.38797
v 0.20002 0.17728 0.39003
v 0.20220 0.17667 0.38462
v 0.20373 0.17886 0.38059
v 0.20136 0.18121 0.37929
v 0.19733 0.18149 0.38197
v 0.19501 0.18225 0.38729
v 0.19693 0.18373 0.39692
v 0.15980 0.14807 0.44620
v 0.16421 0.14761 0.44265
v 0.15741 0.14868 0.43295
v 0.17312 0.13826 0.43937
v 0.18432 0.13228 0.43131
v 0.17971 0.13811 0.42374
v 0.20610 0.15011 0.41904
v 0.19466 0.14426 0.42576
v 0.20059 0.15321 0.41481
v 0.19012 0.14327 0.41978
v 0.17902 0.15875 0.42220
v 0.18233 0.17343 0.40504
v 0.18356 0.18202 0.40307
v -0.01398 0.07379 0.51052
v -0.04417 0.07530 0.52026
v -0.05789 0.07525 0.55725
v -0.04218 0.07274 0.59259
v -0.01556 0.08130 0.59387
v -0.00997 0.09292 0.58543
v 0.00475 0.07913 0.58401
v 0.00969 0.08753 0.57782
v 0.01639 0.07585 0.56761
v 0.01985 0.08272 0.56361
v 0.02058 0.07331 0.54509
v 0.02253 0.07820 0.54334
v 0.00917 0.07744 0.52884
v 0.01201 0.08432 0.52634
v -0.00703 0.08915 0.52061
v 0.02506 0.08734 0.52302
v -0.00463 0.10085 0.51401
v 0.16014 0.14753 0.44620
v 0.16279 0.15233 0.45421
v 0.16089 0.15855 0.45272
v 0.15647 0.16052 0.45834
v 0.15310 0.17233 0.44416
v 0.14933 0.17315 0.45050
v 0.14955 0.17575 0.43967
v 0.11503 0.17469 0.45557
v 0.14485 0.17111 0.43181
v 0.10283 0.16287 0.44360
v 0.09320 0.17536 0.46197
v 0.06680 0.15951 0.45885
v 0.05699 0.16793 0.47257
v 0.03530 0.16001 0.48464
v 0.03896 0.16621 0.49129
v 0.07500 0.17341 0.47378
v 0.08916 0.17615 0.48149
v 0.07469 0.16328 0.50097
v 0.10472 0.16349 0.49477
v 0.09030 0.15065 0.50639
v 0.10810 0.14267 0.50227
v 0.09691 0.13745 0.50334
v 0.10397 0.12600 0.49538
v 0.09813 0.12780 0.49361
v 0.09913 0.11780 0.48658
v 0.09497 0.12244 0.48785
v 0.08373 0.11508 0.47933
v 0.09167 0.11480 0.47236
v 0.07030 0.11673 0.46997
v 0.10107 0.12283 0.45416
v 0.12342 0.12644 0.46622
v 0.12285 0.13431 0.44924
v 0.16002 0.14429 0.44846
v 0.13396 0.14120 0.47636
v 0.16279 0.15233 0.45421
v 0.13127 0.15973 0.48234
v 0.12316 0.17405 0.47344
v 0.11813 0.13127 0.48934
v 0.00676 0.09654 0.57902
v 0.02348 0.10016 0.57260
v 0.02340 0.08850 0.56170
v 0.04709 0.09856 0.54738
v 0.04402 0.08722 0.53691
v 0.02506 0.08734 0.52302
v 0.06568 0.10664 0.49775
v 0.07506 0.11556 0.48662
v 0.08373 0.11508 0.47933
v 0.09497 0.12244 0.48785
v 0.09813 0.12780 0.49361
v 0.08677 0.13399 0.49836
v 0.09691 0.13745 0.50334
v 0.08074 0.14094 0.50756
v 0.02621 0.08231 0.53932
v 0.06778 0.15403 0.50609
v 0.03958 0.15515 0.48915
v 0.03022 0.14765 0.49987
v 0.02718 0.14011 0.49178
v 0.03654 0.14761 0.48108
v 0.03530 -0.16000 0.48464
v 0.03543 -0.15580 0.48724
v 0.03896 -0.16621 0.49129
v 0.03971 -0.16307 0.49504
v 0.07252 -0.12965 0.51969
v 0.07813 -0.12490 0.50885
v 0.08677 -0.13399 0.49836
v 0.07554 -0.11502 0.49981
v 0.08362 -0.12266 0.48779
v 0.00676 -0.09654 0.57902
v 0.02348 -0.10016 0.57260
v 0.02340 -0.08850 0.56170
v 0.04205 -0.11943 0.55103
v 0.04709 -0.09856 0.54738
v 0.06443 -0.11073 0.53195
v 0.04402 -0.08722 0.53691
v 0.06055 -0.09688 0.51901
v 0.02506 -0.08734 0.52302
v 0.06568 -0.10664 0.49775
v 0.07506 -0.11556 0.48662
v 0.08373 -0.11508 0.47933
v 0.09497 -0.12244 0.48785
v 0.09813 -0.12780 0.49361
v 0.08677 -0.13399 0.49836
v 0.09691 -0.13745 0.50334
v 0.08074 -0.14094 0.50756
v 0.01555 -0.14416 0.53708
v 0.01295 -0.13342 0.54973
v 0.05957 -0.15320 0.51719
v 0.02295 -0.12457 0.55544
v 0.03895 -0.12346 0.55043
v 0.07050 -0.14045 0.52152
v 0.07469 0.16328 0.50097
v 0.05728 0.16628 0.49391
v 0.05916 0.16166 0.49442
v 0.03971 0.16307 0.49504
v 0.03543 0.15580 0.48724
v 0.05046 0.14689 0.47855
v 0.03543 0.15580 0.48724
v 0.04718 0.14914 0.47551
v 0.04718 0.14914 0.47551
v 0.07274 0.14829 0.45156
v 0.14425 0.15646 0.42761
v 0.14485 0.17111 0.43181
v 0.14955 0.17575 0.43967
v 0.18233 0.17343 0.40504
v 0.19081 0.17523 0.40705
v 0.19014 0.17666 0.39653
v 0.19605 0.17729 0.39933
v 0.22051 0.15021 0.39695
v 0.22408 0.14837 0.40010
v 0.21307 0.15240 0.40571
v 0.21831 0.15056 0.40969
v 0.20610 0.15011 0.41904
v 0.20059 0.15321 0.41481
v 0.19466 -0.14426 0.42576
v 0.19899 -0.14031 0.42109
v 0.19012 -0.14327 0.41978
v 0.19268 -0.13451 0.41913
v 0.22683 0.14674 0.39498
v 0.22601 0.14657 0.39135
v 0.22489 0.15024 0.38949
v 0.22991 0.14806 0.39129
v 0.22601 0.14657 0.39135
v 0.22895 0.15123 0.38968
v 0.20356 -0.13716 0.41474
v 0.01200 -0.14601 0.53388
v -0.01680 -0.13579 0.54960
v -0.03392 -0.11504 0.55790
v -0.03154 -0.11200 0.57311
v -0.03379 -0.10066 0.56853
v -0.02584 -0.09902 0.58283
v -0.03258 -0.10586 0.54383
v 0.20610 -0.15011 0.41904
v 0.18233 -0.17343 0.40504
v 0.19014 -0.17666 0.39653
v 0.19007 -0.18321 0.39607
v 0.19501 -0.18225 0.38729
v 0.19565 -0.17735 0.38769
v 0.19733 -0.18149 0.38197
v 0.20060 -0.16931 0.42272
v 0.19288 -0.18548 0.41477
v 0.19393 -0.17673 0.41845
v 0.18347 -0.18224 0.41805
v 0.19693 -0.18373 0.39692
v 0.19995 -0.18405 0.38655
v 0.19733 -0.18149 0.38197
v 0.20136 -0.18121 0.37929
v 0.20373 -0.17886 0.38059
v 0.20255 -0.18147 0.38797
v 0.20220 -0.17667 0.38462
v 0.20002 -0.17728 0.39003
v 0.19733 0.18149 0.38197
v 0.19565 0.17735 0.38769
v 0.19014 0.17666 0.39653
v 0.19007 0.18321 0.39607
v 0.18233 0.17343 0.40504
v 0.21307 0.15240 0.40571
v 0.21586 0.15863 0.40560
v 0.22204 0.15508 0.39669
v 0.22051 0.15021 0.39695
v 0.22485 0.15325 0.39168
v 0.18347 -0.18224 0.41805
v 0.17531 -0.18311 0.42221
v 0.16080 -0.17710 0.42381
v 0.15241 -0.17233 0.43051
v 0.15290 -0.17147 0.44416
v 0.15818 -0.17343 0.43915
v 0.15719 -0.17737 0.43161
v 0.20060 0.16931 0.42272
v 0.19288 0.18548 0.41477
v 0.19393 0.17673 0.41845
v 0.18347 0.18224 0.41805
v 0.20344 0.15942 0.42590
v 0.20610 0.15011 0.41904
v 0.21977 -0.17197 0.37937
v 0.21757 -0.16998 0.38330
v 0.21861 -0.17464 0.38689
v 0.21516 -0.17088 0.38870
v 0.21203 -0.17792 0.39720
v 0.20753 -0.17984 0.40092
v 0.20493 -0.17876 0.39587
v 0.19081 -0.17523 0.40705
v 0.22840 -0.16076 0.38293
v 0.22571 -0.15902 0.38688
v 0.22715 -0.16372 0.39060
v 0.22309 -0.16030 0.39230
v 0.21969 -0.16773 0.40094
v 0.21517 -0.17024 0.40449
v 0.21267 -0.16939 0.39923
v 0.11813 -0.13127 0.48934
v 0.22230 0.15623 0.40774
v 0.22748 0.15467 0.39693
v 0.22485 0.15325 0.39168
v 0.22895 0.15123 0.38968
v 0.22991 0.14806 0.39129
v 0.22854 0.15119 0.39869
v 0.22683 0.14674 0.39498
v 0.22408 0.14837 0.40010
v 0.22485 -0.15325 0.39168
v 0.22204 -0.15508 0.39669
v 0.22051 -0.15021 0.39695
v 0.21307 -0.15240 0.40571
v 0.21586 -0.15863 0.40560
v 0.22230 -0.15623 0.40774
v 0.22748 -0.15467 0.39693
v 0.22485 -0.15325 0.39168
v 0.22895 -0.15123 0.38968
v 0.22991 -0.14806 0.39129
v 0.22854 -0.15119 0.39869
v 0.22683 -0.14674 0.39498
v 0.22408 -0.14837 0.40010
v 0.22715 -0.16372 0.39060
v 0.22553 -0.16712 0.38894
v 0.22692 -0.16386 0.38141
v 0.22268 -0.16539 0.38375
v 0.21969 -0.16773 0.40094
v 0.21861 -0.17464 0.38689
v 0.21659 -0.17775 0.38539
v 0.21793 -0.17481 0.37799
v 0.21379 -0.17579 0.38048
v 0.21203 -0.17792 0.39720
v 0.15333 -0.14710 0.43637
v 0.15980 -0.14807 0.44620
v 0.15213 -0.15125 0.44804
v 0.15215 -0.15651 0.45092
v 0.14618 -0.15706 0.44531
v 0.14688 -0.16483 0.44616
v 0.14433 -0.16339 0.43977
v 0.15290 -0.17147 0.44416
v 0.14801 -0.16815 0.43338
v 0.14370 -0.15724 0.43855
v 0.14731 -0.15721 0.43075
v 0.14798 -0.15097 0.44227
v 0.16033 -0.15811 0.45125
v 0.15333 0.14710 0.43637
v 0.15980 0.14807 0.44620
v 0.15213 0.15125 0.44804
v 0.15215 0.15651 0.45092
v 0.14618 0.15706 0.44531
v 0.14688 0.16483 0.44616
v 0.14433 0.16339 0.43977
v 0.15290 0.17147 0.44416
v 0.14801 0.16815 0.43338
v 0.14370 0.15724 0.43855
v 0.14731 0.15721 0.43075
v 0.14798 0.15097 0.44227
v 0.16033 0.15811 0.45124
v 0.17312 0.13826 0.43937
v 0.02621 0.08231 0.53932
v 0.02340 0.08850 0.56170
v 0.00676 0.09654 0.57902
v 0.19081 0.17523 0.40705
v 0.19030 0.16858 0.40657
v 0.19630 0.16104 0.41007
v 0.20289 0.15947 0.41425
v 0.20837 -0.12548 0.41071
v 0.20442 -0.12576 0.40960
v 0.20953 -0.13004 0.40941
v 0.20577 -0.13103 0.40809
v 0.19820 -0.13144 0.41335
v 0.20442 -0.12576 0.40960
v 0.19831 0.16841 0.40988
v 0.22489 0.15024 0.38949
v 0.18995 0.18086 0.41261
v 0.19081 0.17523 0.40705
v 0.19708 0.17885 0.41183
v 0.19989 0.17453 0.41393
v 0.19831 0.16841 0.40988
v 0.20953 0.13004 0.40941
v 0.20356 0.13716 0.41474
v 0.21516 -0.17088 0.38870
v 0.21639 -0.16963 0.37982
v 0.21096 -0.17184 0.38607
v 0.20369 -0.17198 0.39613
v 0.20971 -0.17141 0.39944
v 0.19831 -0.16841 0.40988
v 0.19030 -0.16858 0.40657
v 0.20608 0.15782 0.42835
v 0.19006 0.15223 0.43737
v 0.20344 0.15942 0.42590
v 0.20369 -0.17198 0.39613
v 0.20493 -0.17876 0.39587
v 0.21096 -0.17184 0.38607
v 0.20608 0.15782 0.42835
v 0.19006 0.15223 0.43737
v 0.17219 0.15455 0.44990
v 0.17083 0.14882 0.44563
v 0.16053 0.17897 0.43791
v 0.15719 0.17737 0.43161
v 0.15719 0.17737 0.43161
v 0.22293 -0.16235 0.38147
v 0.21426 -0.17291 0.37824
v 0.22489 -0.15024 0.38949
v 0.18995 -0.18086 0.41261
v 0.19819 -0.17872 0.37980
v 0.15818 -0.17343 0.43915
v 0.16614 -0.15674 0.44734
v 0.17083 -0.14882 0.44563
v 0.20953 -0.13004 0.40941
v 0.20356 -0.13716 0.41474
v 0.16053 -0.17897 0.43791
v 0.15719 -0.17737 0.43161
v 0.15719 -0.17737 0.43161
v 0.17531 -0.18311 0.42221
v 0.20608 -0.15782 0.42835
v 0.19006 -0.15223 0.43737
v 0.17219 -0.15455 0.44990
v 0.17083 -0.14882 0.44563
v 0.20344 -0.15942 0.42590
v 0.20608 -0.15782 0.42835
v 0.19006 -0.15223 0.43737
v 0.20344 -0.15942 0.42590
v -0.00990 0.08065 0.52393
v 0.17531 0.18311 0.42221
v -0.02010 0.07000 0.59876
v 0.00314 0.06777 0.59274
v 0.01867 0.06692 0.57166
v 0.14801 0.16899 0.43288
v 0.03543 0.15580 0.48724
v 0.04718 0.14914 0.47551
v 0.15333 0.14656 0.43600
v 0.04718 0.14914 0.47551
v 0.05582 0.13127 0.46661
v 0.19014 -0.17666 0.39653
v 0.19605 -0.17729 0.39933
v 0.19081 -0.17523 0.40705
v 0.18233 -0.17343 0.40504
v 0.02621 -0.08231 0.53932
v 0.14801 -0.16899 0.43288
v 0.05582 -0.13127 0.46661
v 0.15333 -0.14656 0.43600
v 0.05582 -0.13127 0.46661
v 0.04718 -0.14914 0.47551
v -0.07631 -0.01755 0.60917
v -0.07631 -0.01425 0.61240
v -0.06761 -0.01209 0.60059
v -0.06761 0.01209 0.60059
v -0.07631 0.01425 0.61240
v -0.07631 0.01755 0.60917
v -0.07631 0.01981 0.56290
v -0.06761 -0.01209 0.60059
v -0.07631 -0.01981 0.56290
v 0.01501 -0.14622 0.53948
v 0.01176 -0.14779 0.53646
v -0.00307 -0.13732 0.56975
v -0.01450 -0.14034 0.55683
v -0.02053 -0.12398 0.58105
v -0.03202 -0.12372 0.56803
v -0.03462 -0.10643 0.58938
v -0.00364 -0.10905 0.59070
v -0.02361 -0.09669 0.59567
v 0.00260 -0.09310 0.58778
v 0.02351 -0.10672 0.57853
v 0.01457 -0.12172 0.57981
v 0.04214 -0.12092 0.55381
v 0.03935 -0.12467 0.55338
v 0.02416 -0.12768 0.56030
v 0.01299 -0.13754 0.55392
v 0.01501 0.14622 0.53948
v 0.01176 0.14779 0.53646
v -0.00307 0.13732 0.56975
v -0.01450 0.14034 0.55683
v -0.02053 0.12398 0.58105
v -0.03202 0.12372 0.56803
v -0.03462 0.10643 0.58938
v -0.00364 0.10905 0.59070
v -0.02361 0.09669 0.59567
v 0.00260 0.09310 0.58778
v 0.02351 0.10672 0.57853
v 0.01457 0.12172 0.57981
v 0.04214 0.12092 0.55381
v 0.03935 0.12467 0.55338
v 0.02416 0.12768 0.56030
v 0.01299 0.13754 0.55392
v -0.01072 0.06438 0.41175
v -0.01308 0.06883 0.43970
v 0.01124 0.06308 0.41171
v 0.01361 0.06753 0.43965
v 0.01873 0.06009 0.41945
v 0.01742 0.05637 0.44045
v 0.03447 0.04789 0.43909
v 0.03568 0.05162 0.41661
v 0.05172 0.03393 0.41564
v 0.04961 0.03504 0.40473
v 0.05674 0.02217 0.40279
v 0.04982 0.02217 0.38930
v 0.04076 0.03883 0.40142
v 0.04381 0.03153 0.37965
v 0.04461 0.01545 0.36001
v -0.04985 0.04272 0.63628
v -0.04443 0.03817 0.61927
v -0.06675 0.04417 0.62405
v -0.06210 0.03722 0.60659
v -0.08433 0.04618 0.57007
v -0.06756 0.03713 0.56692
v -0.06892 0.04236 0.53995
v -0.01776 0.07550 0.50150
v -0.01398 0.07379 0.51052
v 0.00895 0.07457 0.50150
v 0.01565 0.07000 0.51633
v 0.04532 0.06250 0.51477
v 0.03936 0.06557 0.54330
v 0.02299 0.06855 0.54554
v 0.01565 0.07000 0.51633
v -0.04417 0.07530 0.52026
v -0.03268 0.07296 0.50336
v -0.01398 0.07379 0.51052
v -0.01776 0.07550 0.50150
v 0.01342 -0.02304 0.58963
v 0.01141 -0.02176 0.60606
v 0.02204 -0.01258 0.58631
v 0.02478 -0.00000 0.59944
v 0.02483 -0.00000 0.58391
v 0.01867 0.06692 0.57166
v 0.02299 0.06855 0.54554
v 0.04076 -0.03883 0.40142
v 0.04982 -0.02217 0.38930
v 0.04381 -0.03153 0.37965
v 0.04461 -0.01545 0.36001
v 0.03468 -0.00000 0.60561
v 0.02959 -0.01585 0.60979
v 0.01141 -0.02176 0.60606
v 0.02067 -0.02346 0.61706
v -0.00771 -0.02925 0.62740
v -0.01139 -0.02712 0.61692
v -0.02581 -0.01662 0.63568
v -0.02897 -0.01529 0.62487
v -0.03047 -0.00000 0.63568
v -0.03560 -0.00000 0.62643
v -0.03607 -0.01988 0.61250
v -0.04369 -0.00000 0.61328
v -0.01270 -0.03122 0.60550
v -0.04985 -0.04272 0.63628
v -0.04443 -0.03817 0.61927
v -0.06675 -0.04417 0.62405
v -0.06210 -0.03722 0.60659
v -0.08433 -0.04618 0.57007
v -0.06756 -0.03713 0.56692
v -0.06892 -0.04236 0.53995
v -0.01776 -0.07550 0.50150
v -0.01398 -0.07379 0.51052
v 0.00895 -0.07457 0.50150
v 0.01565 -0.07000 0.51633
v 0.04532 -0.06250 0.51477
v 0.03936 -0.06557 0.54330
v 0.02299 -0.06855 0.54554
v 0.01565 -0.07000 0.51633
v -0.04417 -0.07530 0.52026
v -0.03268 -0.07296 0.50336
v -0.01398 -0.07379 0.51052
v -0.01776 -0.07550 0.50150
v 0.01867 -0.06692 0.57166
v 0.02299 -0.06855 0.54554
v -0.01820 0.06140 0.41951
v -0.03462 0.05188 0.41306
v -0.01072 0.06438 0.41175
v -0.03672 0.05879 0.39041
v -0.01196 0.06793 0.39764
v 0.01124 0.06308 0.41171
v 0.01451 0.06589 0.40196
v 0.03568 0.05162 0.41661
v 0.03640 0.05543 0.39760
v 0.04076 0.03883 0.40142
v 0.04691 0.04119 0.38610
v 0.04381 0.03153 0.37965
v -0.02187 -0.00868 0.34079
v -0.03879 -0.02615 0.35225
v -0.04920 -0.02365 0.36223
v -0.04320 -0.04029 0.36778
v -0.05133 -0.03336 0.38106
v -0.03672 -0.05879 0.39041
v -0.04887 -0.04075 0.40135
v -0.03462 -0.05188 0.41306
v -0.01820 -0.06140 0.41951
v -0.01072 -0.06438 0.41175
v -0.01196 -0.06793 0.39764
v 0.01124 -0.06308 0.41171
v 0.01451 -0.06589 0.40196
v 0.03568 -0.05162 0.41661
v 0.03640 -0.05543 0.39760
v 0.04076 -0.03883 0.40142
v 0.04691 -0.04119 0.38610
v 0.04381 -0.03153 0.37965
v 0.03568 -0.05162 0.41661
v 0.04961 -0.03504 0.40473
v 0.04076 -0.03883 0.40142
v 0.04982 -0.02217 0.38930
v -0.02187 0.00868 0.34079
v -0.03879 0.02615 0.35225
v -0.04920 0.02365 0.36223
v -0.04320 0.04029 0.36778
v -0.05133 0.03336 0.38106
v -0.04887 0.04075 0.40135
v 0.05074 0.01146 0.35127
v 0.05074 -0.01146 0.35127
v 0.06729 0.01628 0.39045
v 0.06729 -0.01628 0.39045
v 0.06471 -0.01628 0.41195
v 0.05674 -0.02217 0.40279
v 0.06090 -0.01628 0.41551
v 0.05172 -0.03393 0.41564
v 0.05730 -0.02468 0.43194
v 0.03447 -0.04789 0.43909
v 0.03561 -0.04719 0.45820
v 0.05618 -0.02325 0.45258
v 0.05480 -0.03047 0.47721
v 0.06340 -0.00000 0.47720
v 0.06083 -0.01515 0.51524
v 0.06083 0.01515 0.51524
v 0.06083 0.00985 0.52735
v 0.06602 0.01635 0.52264
v 0.06502 0.01237 0.53292
v 0.06347 0.01970 0.53196
v 0.06383 0.00252 0.54879
v 0.06716 0.01986 0.54759
v 0.05405 0.00318 0.56586
v 0.04930 0.02055 0.57178
v 0.03933 0.01379 0.57717
v 0.02550 0.02777 0.58808
v 0.01342 0.02304 0.58963
v 0.00538 0.03209 0.59752
v -0.01270 0.03122 0.60550
v -0.00565 0.03378 0.60440
v 0.00592 0.03569 0.59898
v -0.00111 0.03614 0.60974
v -0.02632 0.03595 0.61148
v -0.04006 0.03993 0.61941
v -0.04443 0.03817 0.61927
v 0.02664 0.03430 0.58749
v 0.02915 0.05339 0.58559
v 0.04484 0.06180 0.56923
v 0.02536 0.06347 0.58193
v 0.00943 0.06392 0.59517
v 0.00314 0.06777 0.59274
v 0.00296 0.06317 0.60735
v -0.02010 0.07000 0.59876
v -0.03584 0.06968 0.61617
v -0.04218 0.07274 0.59259
v 0.00953 0.05968 0.59685
v -0.00832 0.06543 0.44606
v -0.01689 0.05767 0.44050
v -0.00832 0.05769 0.44726
v -0.01331 0.05465 0.45892
v 0.01254 0.05400 0.45994
v 0.01577 0.05570 0.47120
v 0.03561 0.04719 0.45820
v 0.03866 0.04807 0.47477
v 0.05480 0.03047 0.47721
v 0.04913 0.04950 0.50013
v 0.05674 0.03775 0.50893
v 0.05142 0.05353 0.50665
v 0.05945 0.04366 0.51529
v 0.04532 0.06250 0.51477
v 0.05810 0.04720 0.52487
v 0.05035 0.05782 0.52910
v 0.06255 0.05924 0.54385
v 0.03936 0.06557 0.54330
v 0.04484 0.06180 0.56923
v 0.01867 0.06692 0.57166
v -0.06113 -0.06910 0.53995
v -0.05789 -0.07525 0.55725
v -0.07810 -0.07481 0.57007
v -0.04218 -0.07274 0.59259
v -0.06025 -0.07042 0.62224
v -0.03584 -0.06968 0.61617
v -0.04417 -0.06948 0.63100
v -0.04640 -0.06695 0.63463
v -0.04887 -0.04075 0.40135
v -0.04391 -0.03746 0.42280
v -0.03462 -0.05188 0.41306
v -0.02770 -0.04416 0.44298
v -0.01820 -0.06140 0.41951
v -0.01689 -0.05767 0.44050
v -0.01308 -0.06883 0.43970
v -0.01072 -0.06438 0.41175
v 0.01873 -0.06009 0.41945
v 0.01361 -0.06753 0.43965
v 0.01124 -0.06308 0.41171
v -0.01308 -0.06883 0.43970
v -0.00832 -0.06543 0.44606
v -0.00832 -0.05769 0.44726
v -0.01331 -0.05465 0.45892
v 0.01254 -0.05400 0.45994
v 0.01577 -0.05570 0.47120
v 0.03561 -0.04719 0.45820
v 0.03866 -0.04807 0.47477
v 0.03063 -0.05505 0.48308
v 0.04913 -0.04950 0.50013
v 0.04239 -0.05782 0.49552
v 0.05142 -0.05352 0.50665
v 0.04532 -0.06250 0.51477
v 0.00895 -0.07457 0.50150
v 0.01577 -0.06042 0.47342
v -0.01776 -0.07550 0.50150
v -0.02458 -0.06042 0.47342
v -0.03268 -0.07296 0.50336
v 0.02550 -0.02777 0.58808
v 0.00592 -0.03569 0.59898
v 0.02664 -0.03430 0.58749
v 0.00731 -0.03780 0.59384
v 0.01049 -0.05622 0.59196
v -0.02458 -0.05570 0.47120
v 0.00592 -0.03569 0.59898
v 0.00731 -0.03780 0.59384
v 0.00953 -0.05968 0.59685
v 0.02915 -0.05339 0.58559
v 0.04930 -0.02055 0.57178
v 0.03933 -0.01379 0.57717
v 0.01342 -0.02304 0.58963
v 0.02204 -0.01258 0.58631
v 0.02483 -0.00000 0.58391
v 0.02204 0.01258 0.58631
v 0.00592 -0.03569 0.59898
v -0.00565 -0.03378 0.60440
v -0.00111 -0.03614 0.60974
v -0.02632 -0.03595 0.61148
v -0.04006 -0.03993 0.61941
v -0.04443 -0.03817 0.61927
v 0.05405 -0.00318 0.56586
v 0.06383 -0.00252 0.54879
v 0.06716 -0.01986 0.54759
v 0.06347 -0.01970 0.53196
v 0.05810 -0.04720 0.52487
v 0.05945 -0.04366 0.51529
v 0.04532 -0.06250 0.51477
v 0.05142 -0.05352 0.50665
v 0.05674 -0.03775 0.50893
v 0.04913 -0.04950 0.50013
v 0.03866 -0.04807 0.47477
v 0.06502 -0.01237 0.53292
v 0.06083 -0.00985 0.52735
v 0.06602 -0.01635 0.52264
v 0.06602 -0.01635 0.52264
v 0.00943 -0.06392 0.59517
v 0.02536 -0.06347 0.58193
v 0.04484 -0.06180 0.56923
v 0.03936 -0.06557 0.54330
v 0.06255 -0.05888 0.54385
v 0.05035 -0.05782 0.52910
v 0.06255 -0.05888 0.54385
v 0.01867 -0.06692 0.57166
v 0.00314 -0.06777 0.59274
v -0.03613 -0.03161 0.44307
v -0.02849 -0.04217 0.45690
v -0.03587 -0.01869 0.45680
v -0.03514 -0.04116 0.47695
v -0.04149 -0.02147 0.48042
v -0.05284 -0.04148 0.49615
v -0.05361 -0.02152 0.49818
v -0.05801 -0.03043 0.49873
v -0.06944 -0.01330 0.54657
v -0.06851 -0.02623 0.52339
v -0.07548 -0.01936 0.55049
v -0.07397 -0.03036 0.55328
v -0.07631 -0.01981 0.56290
v -0.06756 -0.03713 0.56692
v -0.06892 -0.04236 0.53995
v -0.06706 -0.04169 0.52339
v -0.06023 -0.06496 0.52421
v -0.04918 -0.06352 0.50919
v -0.05591 -0.07387 0.52664
v -0.04417 -0.07530 0.52026
v -0.05789 -0.07525 0.55725
v -0.06113 -0.06910 0.53995
v -0.05879 -0.04133 0.50990
v -0.04644 -0.05078 0.49057
v -0.02458 -0.05570 0.47120
v -0.01331 -0.05465 0.45892
v -0.07631 -0.01549 0.55341
v 0.03468 -0.00000 0.60561
v 0.02478 -0.00000 0.59944
v 0.02959 0.01585 0.60979
v 0.01141 0.02176 0.60606
v 0.02067 0.02346 0.61706
v -0.00771 0.02925 0.62740
v -0.01139 0.02712 0.61692
v -0.02581 0.01662 0.63568
v -0.02897 0.01529 0.62487
v -0.03047 -0.00000 0.63568
v -0.03560 -0.00000 0.62643
v -0.03607 0.01988 0.61250
v -0.04369 -0.00000 0.61328
v 0.01342 0.02304 0.58963
v -0.01270 0.03122 0.60550
v 0.02483 -0.00000 0.58391
v 0.02204 0.01258 0.58631
v 0.01141 0.02176 0.60606
v 0.03447 -0.04789 0.43909
v 0.01742 -0.05637 0.44045
v 0.00884 -0.05639 0.44724
v 0.00953 -0.05968 0.59685
v 0.00296 -0.06317 0.60735
v -0.00111 -0.03614 0.60974
v -0.03584 -0.06968 0.61617
v 0.00943 -0.06392 0.59517
v 0.00296 -0.06317 0.60735
v 0.00314 -0.06777 0.59274
v -0.02010 -0.07000 0.59876
v -0.04218 -0.07274 0.59259
v -0.00832 -0.06543 0.44606
v 0.00884 -0.06413 0.44603
v 0.00884 -0.05639 0.44724
v 0.01742 -0.05637 0.44045
v 0.01361 -0.06753 0.43965
v 0.00884 0.05639 0.44724
v 0.05730 0.02468 0.43194
v 0.06090 0.01628 0.41551
v 0.06471 0.01628 0.41195
v 0.06729 0.01628 0.39045
v 0.05074 0.01146 0.35127
v 0.04461 0.01545 0.36001
v 0.03856 0.01005 0.34704
v 0.03856 -0.01005 0.34704
v 0.01014 -0.00624 0.34187
v 0.01014 0.00624 0.34187
v -0.02187 -0.00868 0.34079
v -0.02187 0.00868 0.34079
v -0.03584 -0.06968 0.61617
v -0.04417 -0.06948 0.63100
v -0.04006 -0.03993 0.61941
v -0.04640 -0.06695 0.63463
v -0.04985 -0.04272 0.63628
v -0.04985 0.04272 0.63628
v -0.04640 0.06695 0.63463
v -0.06675 0.04417 0.62405
v -0.06025 0.07042 0.62224
v -0.07810 0.07481 0.57007
v -0.08433 0.04618 0.57007
v -0.06892 0.04236 0.53995
v -0.06113 0.06910 0.53995
v -0.00832 0.06543 0.44606
v 0.00884 0.06413 0.44603
v 0.00884 0.05639 0.44724
v 0.01742 0.05637 0.44045
v 0.01361 0.06753 0.43965
v -0.01820 0.06140 0.41951
v -0.01308 0.06883 0.43970
v -0.02770 0.04416 0.44298
v -0.02849 0.04217 0.45690
v -0.03613 0.03161 0.44307
v -0.03587 0.01869 0.45680
v -0.04050 0.01926 0.44252
v -0.03587 -0.01869 0.45680
v -0.04050 -0.01926 0.44252
v -0.03613 -0.03161 0.44307
v -0.04391 -0.03746 0.42280
v -0.05953 -0.02059 0.39184
v -0.04887 -0.04075 0.40135
v -0.05133 -0.03336 0.38106
v -0.04920 -0.02365 0.36223
v -0.05288 -0.00000 0.36022
v -0.02187 -0.00868 0.34079
v -0.02187 0.00868 0.34079
v -0.04920 0.02365 0.36223
v -0.05953 0.02059 0.39184
v -0.05133 0.03336 0.38106
v -0.04887 0.04075 0.40135
v -0.04391 0.03746 0.42280
v -0.03462 0.05188 0.41306
v -0.01331 0.05465 0.45892
v -0.02458 0.05570 0.47120
v -0.03514 0.04116 0.47695
v -0.04644 0.05078 0.49057
v -0.05284 0.04148 0.49615
v -0.04918 0.06352 0.50919
v -0.05879 0.04133 0.50990
v -0.06706 0.04169 0.52339
v -0.06851 0.02623 0.52339
v -0.07397 0.03036 0.55328
v -0.07548 0.01936 0.55049
v -0.07631 0.01981 0.56290
v -0.07631 0.01549 0.55341
v -0.07631 -0.01549 0.55341
v -0.06944 0.01330 0.54657
v -0.06944 -0.01330 0.54657
v -0.05361 0.02152 0.49818
v -0.05361 -0.02152 0.49818
v -0.04149 -0.02147 0.48042
v -0.04149 0.02147 0.48042
v -0.06761 0.01209 0.60059
v -0.06761 -0.01209 0.60059
v -0.07631 -0.01981 0.56290
v -0.05801 0.03043 0.49873
v -0.02458 0.06042 0.47342
v -0.03268 0.07296 0.50336
v -0.04417 0.07530 0.52026
v -0.05591 0.07387 0.52664
v -0.05789 0.07525 0.55725
v -0.06113 0.06910 0.53995
v -0.06023 0.06496 0.52421
v -0.06892 0.04236 0.53995
v -0.06756 0.03713 0.56692
v -0.07631 0.01755 0.60917
v -0.06210 0.03722 0.60659
v -0.06760 0.02655 0.61730
v -0.07631 0.01425 0.61240
v -0.01776 0.07550 0.50150
v 0.01577 0.06042 0.47342
v 0.03063 0.05505 0.48308
v 0.04239 0.05782 0.49552
v 0.00895 0.07457 0.50150
v -0.02458 0.05570 0.47120
v 0.06471 0.01628 0.41195
v 0.06090 0.01628 0.41551
v 0.05618 0.02325 0.45258
v 0.06255 0.05924 0.54385
v -0.04985 -0.04272 0.63628
v -0.04640 -0.06695 0.63463
v -0.06675 -0.04417 0.62405
v -0.06025 -0.07042 0.62224
v -0.07810 -0.07481 0.57007
v -0.08433 -0.04618 0.57007
v -0.06892 -0.04236 0.53995
v -0.06113 -0.06910 0.53995
v -0.04443 -0.03817 0.61927
v -0.06210 -0.03722 0.60659
v -0.05167 -0.03245 0.61852
v -0.06760 -0.02655 0.61730
v -0.07031 -0.01816 0.62131
v -0.07631 -0.01425 0.61240
v -0.07031 0.01816 0.62131
v -0.05167 0.03245 0.61852
v -0.04443 0.03817 0.61927
v -0.04316 0.02798 0.61758
v -0.02632 0.03595 0.61148
v -0.03607 0.01988 0.61250
v -0.01270 0.03122 0.60550
v -0.00565 0.03378 0.60440
v -0.03607 -0.01988 0.61250
v -0.05071 -0.01691 0.62036
v -0.04369 -0.00000 0.61328
v -0.05352 -0.00000 0.62131
v -0.05071 0.01691 0.62036
v -0.07031 -0.01816 0.62131
v -0.05167 -0.03245 0.61852
v -0.04316 -0.02798 0.61758
v -0.02632 -0.03595 0.61148
v -0.01270 -0.03122 0.60550
v -0.00565 -0.03378 0.60440
v -0.04443 -0.03817 0.61927
v -0.07631 0.01981 0.56290
v -0.07631 0.01755 0.60917
v -0.07631 0.01425 0.61240
v -0.06761 -0.01209 0.60059
v -0.07631 -0.01755 0.60917
v -0.06756 -0.03713 0.56692
v -0.01270 -0.03122 0.60550
v 0.00538 -0.03209 0.59752
v -0.00565 -0.03378 0.60440
v 0.00592 0.03569 0.59898
v 0.00731 0.03780 0.59384
v 0.00953 0.05968 0.59685
v 0.01049 0.05622 0.59196
v 0.02915 0.05339 0.58559
v 0.01049 0.05622 0.59196
v 0.00296 0.06317 0.60735
v -0.00111 0.03614 0.60974
v -0.03584 0.06968 0.61617
v -0.04417 0.06948 0.63100
v -0.04006 0.03993 0.61941
v -0.04640 0.06695 0.63463
v -0.04985 0.04272 0.63628
v -0.04443 0.03817 0.61927
v -0.04985 0.04272 0.63628
v -0.04006 0.03993 0.61941
v -0.04640 0.06695 0.63463
v -0.04417 0.06948 0.63100
v -0.06025 0.07042 0.62224
v -0.03584 0.06968 0.61617
v -0.04218 0.07274 0.59259
v -0.07810 0.07481 0.57007
v -0.05789 0.07525 0.55725
v -0.06113 0.06910 0.53995
v -0.04006 -0.03993 0.61941
v -0.04985 -0.04272 0.63628
v -0.04443 -0.03817 0.61927
v 0.01742 -0.05637 0.44045
v 0.01873 -0.06009 0.41945
v 0.05074 -0.01146 0.35127
v 0.04461 -0.01545 0.36001
v 0.03856 -0.01005 0.34704
v 0.01873 0.06009 0.41945
v 0.01873 -0.06009 0.41945
v 0.02073 0.03480 0.64341
v 0.03163 0.02990 0.63849
v 0.03163 0.03261 0.63804
v 0.03975 0.02676 0.63536
v -0.04293 -0.01492 0.67399
v -0.04713 -0.00941 0.67933
v -0.04574 -0.00000 0.67399
v -0.04713 0.00941 0.67933
v -0.04293 0.01492 0.67399
v 0.01693 0.03677 0.64490
v 0.01693 0.04050 0.64490
v 0.01693 0.03677 0.64224
v 0.01693 0.04582 0.64224
v 0.02078 0.03677 0.62700
v 0.02078 0.04582 0.62700
v 0.02078 0.03677 0.61781
v 0.02070 0.03459 0.65659
v 0.03192 0.03191 0.64654
v 0.02815 0.02914 0.64601
v 0.03163 0.02990 0.63849
v 0.01693 -0.03677 0.64490
v 0.01693 -0.04050 0.64490
v 0.01693 -0.03677 0.64224
v 0.01693 -0.04582 0.64224
v 0.02078 -0.03677 0.62700
v 0.02078 -0.04582 0.62700
v 0.02078 -0.03677 0.61781
v 0.03163 0.03546 0.62472
v 0.03128 0.03336 0.62295
v 0.04163 0.03142 0.62255
v 0.04183 0.02829 0.62085
v 0.04751 0.02752 0.62151
v 0.04787 0.02291 0.61773
v 0.05153 0.02308 0.61722
v 0.04918 0.02116 0.61073
v 0.02070 -0.03459 0.65659
v 0.03192 -0.03191 0.64654
v 0.02815 -0.02914 0.64601
v 0.03163 -0.02990 0.63849
v 0.03975 -0.02676 0.63536
v 0.03163 -0.03261 0.63804
v 0.03163 -0.02990 0.63849
v 0.02073 -0.03480 0.64341
v 0.06019 -0.01442 0.62342
v 0.04875 -0.02458 0.63189
v 0.05915 -0.01120 0.62770
v 0.05169 -0.01557 0.63077
v 0.05485 -0.00798 0.62955
v 0.04657 -0.02193 0.63273
v 0.03975 -0.02676 0.63536
v 0.03163 -0.03261 0.63804
v -0.01303 -0.04198 0.67120
v -0.02083 -0.03923 0.63947
v -0.02776 -0.03746 0.67104
v -0.03336 -0.03496 0.64813
v -0.04384 -0.02880 0.67060
v -0.04691 -0.02633 0.65407
v -0.05371 -0.01552 0.67114
v -0.05539 -0.01503 0.65652
v -0.05539 0.01503 0.65652
v -0.05371 0.01552 0.67114
v -0.04691 0.02633 0.65407
v -0.04384 0.02880 0.67060
v -0.03336 0.03496 0.64813
v -0.02776 0.03746 0.67104
v -0.02083 0.03923 0.63947
v -0.01303 0.04198 0.67120
v -0.03842 -0.02383 0.67399
v -0.04293 -0.01492 0.67399
v -0.05371 -0.01552 0.67114
v -0.04574 -0.00000 0.67399
v -0.05371 0.01552 0.67114
v -0.04293 0.01492 0.67399
v -0.04384 0.02880 0.67060
v -0.03842 0.02383 0.67399
v -0.04291 -0.01026 0.68758
v -0.04291 0.01026 0.68758
v -0.03390 -0.01137 0.69468
v -0.03390 0.01137 0.69468
v -0.01935 -0.00000 0.70079
v -0.01888 0.01218 0.70010
v -0.00092 -0.00000 0.70364
v -0.00092 0.01238 0.70278
v 0.01602 0.01186 0.70121
v 0.01641 -0.00000 0.70189
v 0.03198 0.01247 0.69620
v 0.03198 -0.01247 0.69620
v 0.04402 -0.01030 0.68738
v 0.04402 0.01030 0.68738
v 0.05249 -0.00981 0.68246
v 0.05249 0.00981 0.68246
v 0.06896 -0.00981 0.67662
v 0.06896 0.00981 0.67662
v 0.07063 -0.00981 0.67045
v 0.07063 0.00981 0.67045
v 0.07601 -0.01398 0.67751
v 0.07869 -0.01398 0.67122
v 0.07097 -0.02709 0.67694
v 0.07264 -0.02635 0.67063
v 0.06458 -0.03227 0.66986
v 0.06418 -0.03212 0.67644
v 0.05322 -0.03586 0.67633
v 0.04798 -0.02303 0.68558
v 0.04087 -0.02924 0.68227
v 0.02723 -0.02783 0.68936
v 0.02097 -0.03358 0.68041
v 0.01413 -0.02960 0.69398
v 0.01017 -0.03482 0.68239
v -0.00092 -0.03094 0.69580
v -0.00094 -0.03547 0.68253
v -0.01763 -0.02934 0.69428
v -0.01492 -0.03473 0.68077
v -0.03010 -0.02739 0.68938
v -0.02769 -0.03128 0.67685
v -0.04098 -0.02158 0.67797
v -0.03842 -0.02383 0.67399
v -0.04293 -0.01492 0.67399
v -0.04713 -0.00941 0.67933
v -0.04291 -0.01026 0.68758
v -0.03390 -0.01137 0.69468
v -0.01888 -0.01218 0.70010
v -0.00092 -0.02846 0.69802
v -0.00092 -0.01238 0.70278
v 0.01492 -0.02573 0.69663
v 0.01602 -0.01186 0.70121
v 0.02985 -0.02344 0.69252
v 0.03198 -0.01247 0.69620
v 0.05078 -0.01398 0.68632
v 0.07601 -0.01398 0.67751
v 0.06896 -0.00981 0.67662
v 0.07063 -0.00981 0.67045
v 0.07097 -0.02709 0.67694
v 0.04402 -0.01030 0.68738
v 0.05249 -0.00981 0.68246
v 0.04249 -0.03910 0.66773
v 0.03002 -0.03918 0.67649
v 0.01994 -0.03991 0.66943
v 0.01557 -0.03827 0.67600
v 0.00054 -0.04296 0.67095
v 0.00054 -0.03678 0.67530
v -0.01303 -0.04198 0.67120
v -0.02776 -0.03746 0.67104
v 0.03163 -0.03546 0.62472
v 0.03128 -0.03336 0.62295
v 0.04163 -0.03142 0.62255
v 0.04183 -0.02829 0.62085
v 0.04751 -0.02752 0.62151
v 0.04787 -0.02291 0.61773
v 0.05153 -0.02308 0.61722
v 0.04918 -0.02116 0.61073
v 0.05153 -0.02308 0.61722
v 0.05416 -0.02248 0.62120
v 0.04751 -0.02752 0.62151
v 0.04875 -0.02520 0.62775
v 0.04163 -0.03142 0.62255
v 0.03163 -0.03261 0.63804
v 0.03163 -0.03546 0.62472
v 0.02078 -0.03677 0.62700
v 0.02073 -0.03480 0.64341
v 0.01693 -0.03677 0.64224
v 0.01693 -0.03677 0.64490
v 0.02070 -0.03459 0.65659
v 0.00780 -0.04050 0.64490
v 0.00440 -0.04378 0.66385
v 0.02073 -0.03480 0.66575
v 0.01994 -0.03991 0.66943
v 0.04249 -0.03910 0.66773
v 0.00054 -0.04296 0.67095
v 0.00054 -0.04378 0.66386
v 0.00054 -0.04582 0.64224
v -0.02083 -0.03923 0.63947
v -0.00332 -0.04582 0.62700
v -0.01335 -0.03713 0.62608
v -0.00332 -0.03677 0.61781
v 0.02078 -0.03677 0.61781
v 0.02078 -0.04582 0.62700
v 0.01693 -0.04582 0.64224
v 0.01693 -0.04050 0.64490
v -0.01303 -0.04198 0.67120
v 0.07601 0.01398 0.67751
v 0.07097 0.02709 0.67694
v 0.04798 0.02303 0.68558
v 0.06418 0.03212 0.67644
v -0.00332 -0.03677 0.61781
v 0.01940 -0.03079 0.61339
v 0.03008 -0.03365 0.61689
v 0.03128 -0.03336 0.62295
v 0.03008 -0.03365 0.61689
v 0.04183 -0.02829 0.62085
v 0.04035 -0.02894 0.61472
v 0.04787 -0.02291 0.61773
v 0.03822 -0.02344 0.61043
v 0.02841 -0.02815 0.61218
v 0.02882 -0.02356 0.61019
v 0.01602 -0.01186 0.70121
v -0.00092 -0.01238 0.70278
v -0.01888 -0.01218 0.70010
v 0.02985 0.02344 0.69252
v 0.02723 0.02783 0.68936
v 0.01492 0.02573 0.69663
v 0.01413 0.02961 0.69398
v -0.00092 0.02846 0.69802
v -0.00092 0.03094 0.69580
v -0.01763 0.02934 0.69428
v 0.06311 0.00583 0.61880
v 0.06087 0.00716 0.62674
v 0.06318 0.00981 0.62244
v 0.05915 0.01120 0.62770
v 0.06019 0.01442 0.62342
v 0.04875 0.02458 0.63189
v 0.05292 -0.00857 0.59837
v 0.05487 -0.00882 0.60004
v 0.05487 0.00881 0.60004
v 0.06318 0.00981 0.62244
v 0.03163 0.03261 0.63804
v 0.03975 0.02676 0.63536
v 0.04657 0.02193 0.63273
v 0.05169 0.01557 0.63077
v 0.05485 0.00798 0.62955
v 0.06177 -0.00000 0.62584
v 0.06311 -0.00583 0.61880
v 0.06318 -0.00981 0.62244
v 0.06019 -0.01442 0.62342
v 0.05915 -0.01120 0.62770
v 0.06087 -0.00716 0.62674
v 0.05485 -0.00798 0.62955
v 0.05592 -0.00000 0.62914
v 0.03163 0.03261 0.63804
v 0.04875 0.02458 0.63189
v 0.04875 0.02520 0.62775
v 0.05416 0.02248 0.62120
v 0.04918 -0.02116 0.61073
v 0.05292 -0.00857 0.59837
v 0.03638 -0.01992 0.60476
v 0.03822 -0.02344 0.61043
v 0.02882 -0.02356 0.61019
v -0.00332 0.03677 0.61781
v 0.01940 0.03079 0.61339
v 0.02078 0.03677 0.61781
v 0.03008 0.03365 0.61689
v 0.02078 0.03677 0.62700
v 0.03882 -0.00857 0.59837
v 0.03882 0.00857 0.59837
v 0.05292 0.00857 0.59837
v 0.03638 0.01992 0.60476
v 0.03822 0.02344 0.61043
v 0.02882 0.02356 0.61019
v 0.02070 0.03459 0.65659
v 0.02815 0.02914 0.64601
v 0.02073 0.03480 0.64341
v 0.03163 0.02990 0.63849
v 0.02815 -0.02914 0.64601
v 0.03163 -0.02990 0.63849
v 0.04875 -0.02458 0.63189
v 0.04249 0.03910 0.66773
v 0.01994 0.03991 0.66943
v 0.02073 0.03480 0.66575
v 0.00440 0.04378 0.66385
v 0.00780 0.04050 0.64490
v 0.01693 0.03677 0.64490
v 0.01693 0.03677 0.64224
v 0.03163 0.03546 0.62472
v 0.04163 0.03142 0.62255
v 0.04751 0.02752 0.62151
v 0.05153 0.02308 0.61722
v 0.03128 0.03336 0.62295
v 0.03008 0.03365 0.61689
v 0.04183 0.02829 0.62085
v 0.04035 0.02894 0.61472
v 0.04787 0.02291 0.61773
v 0.03822 0.02344 0.61043
v 0.02841 0.02815 0.61218
v 0.02882 0.02356 0.61019
v 0.00054 0.04296 0.67095
v 0.00054 0.04378 0.66386
v 0.00054 0.04582 0.64224
v -0.02083 0.03923 0.63947
v -0.00332 0.04582 0.62700
v -0.01335 0.03713 0.62608
v -0.00332 0.03677 0.61781
v 0.02078 0.04582 0.62700
v 0.01693 0.04582 0.64224
v 0.01693 0.04050 0.64490
v -0.01303 0.04198 0.67120
v 0.07601 0.01398 0.67751
v 0.07869 0.01398 0.67122
v 0.07097 0.02709 0.67694
v 0.07264 0.02635 0.67063
v 0.06458 0.03227 0.66986
v 0.05322 0.03586 0.67633
v 0.04087 0.02924 0.68227
v 0.02097 0.03358 0.68041
v 0.01017 0.03482 0.68239
v -0.00094 0.03547 0.68253
v -0.01492 0.03473 0.68077
v -0.03010 0.02739 0.68938
v -0.02769 0.03128 0.67685
v -0.04098 0.02158 0.67797
v -0.03842 0.02383 0.67399
v -0.04293 0.01492 0.67399
v -0.04713 0.00941 0.67933
v -0.04291 0.01026 0.68758
v -0.03390 0.01137 0.69468
v 0.01602 0.01186 0.70121
v 0.03198 0.01247 0.69620
v 0.05078 0.01398 0.68632
v 0.06896 0.00981 0.67662
v 0.07063 0.00981 0.67045
v 0.03882 -0.00857 0.59837
v 0.03468 -0.00000 0.60561
v 0.03882 0.00857 0.59837
v 0.02959 0.01585 0.60979
v 0.03638 0.01992 0.60476
v 0.02882 0.02356 0.61019
v 0.02067 0.02346 0.61706
v 0.01940 0.03079 0.61339
v -0.00771 0.02925 0.62740
v -0.00332 0.03677 0.61781
v -0.01335 0.03713 0.62608
v -0.02233 0.02782 0.63163
v -0.02581 0.01662 0.63568
v -0.03497 0.02365 0.63053
v -0.03047 -0.00000 0.63568
v -0.04414 -0.00000 0.63135
v -0.04414 0.01587 0.62988
v -0.04804 -0.00000 0.62911
v 0.00054 0.03678 0.67530
v 0.01557 0.03827 0.67600
v 0.03002 0.03918 0.67649
v 0.04249 0.03910 0.66773
v 0.01994 0.03991 0.66943
v 0.00054 0.04296 0.67095
v -0.01303 0.04198 0.67120
v -0.02776 0.03746 0.67104
v -0.02233 -0.02782 0.63163
v -0.03179 -0.02550 0.64226
v -0.03497 -0.02365 0.63053
v -0.04344 -0.01474 0.64922
v -0.04414 -0.01587 0.62988
v -0.04804 -0.00000 0.62911
v -0.04482 -0.00000 0.65043
v -0.04344 0.01474 0.64922
v -0.04414 0.01587 0.62988
v -0.03497 0.02365 0.63053
v -0.03179 0.02550 0.64226
v -0.02233 0.02782 0.63163
v 0.07869 0.01398 0.67122
v 0.07264 0.02635 0.67063
v 0.07063 0.00981 0.67045
v 0.05364 0.00864 0.66878
v 0.05490 -0.00000 0.66889
v 0.07063 -0.00981 0.67045
v 0.05364 -0.00864 0.66878
v 0.07264 -0.02635 0.67063
v 0.04994 -0.01684 0.66844
v 0.04400 -0.02421 0.66788
v 0.06458 -0.03227 0.66986
v 0.04249 -0.03910 0.66773
v 0.03607 -0.02962 0.66716
v 0.02706 -0.03328 0.66633
v 0.02073 -0.03480 0.66575
v 0.04994 0.01684 0.66844
v 0.04400 0.02421 0.66788
v 0.06458 0.03227 0.66986
v 0.04249 0.03910 0.66773
v 0.03607 0.02962 0.66716
v 0.02706 0.03328 0.66633
v 0.02073 0.03480 0.66575
v -0.04804 -0.00000 0.62911
v -0.04414 -0.01587 0.62988
v -0.04414 -0.00000 0.63135
v -0.03497 -0.02365 0.63053
v -0.03047 -0.00000 0.63568
v -0.02581 -0.01662 0.63568
v -0.02233 -0.02782 0.63163
v -0.00771 -0.02925 0.62740
v -0.01335 -0.03713 0.62608
v -0.00332 -0.03677 0.61781
v 0.01940 -0.03079 0.61339
v 0.02067 -0.02346 0.61706
v 0.02882 -0.02356 0.61019
v 0.02959 -0.01585 0.60979
v 0.03638 -0.01992 0.60476
v 0.03882 -0.00857 0.59837
v 0.03468 -0.00000 0.60561
v 0.04402 0.01030 0.68738
v 0.05249 0.00981 0.68246
v 0.07869 -0.01398 0.67122
v 0.01693 0.03677 0.64490
v 0.01693 0.04050 0.64490
v 0.00780 0.04050 0.64490
v -0.01335 -0.03713 0.62608
v -0.02233 -0.02782 0.63163
v -0.02083 -0.03923 0.63947
v -0.03179 -0.02550 0.64226
v -0.03336 -0.03496 0.64813
v -0.04344 -0.01474 0.64922
v -0.04691 -0.02633 0.65407
v -0.05539 -0.01503 0.65652
v -0.04482 -0.00000 0.65043
v -0.04344 0.01474 0.64922
v -0.04691 0.02633 0.65407
v -0.03336 0.03496 0.64813
v -0.03179 0.02550 0.64226
v -0.02083 0.03923 0.63947
v -0.02233 0.02782 0.63163
v -0.01335 0.03713 0.62608
v 0.01693 -0.03677 0.64490
v 0.00780 -0.04050 0.64490
v 0.01693 -0.04050 0.64490
v 0.05490 -0.00000 0.66889
v 0.05364 -0.00864 0.66878
v 0.06002 -0.00000 0.65594
v 0.05872 -0.00886 0.65592
v 0.06002 -0.00000 0.64102
v 0.05878 -0.00864 0.64114
v 0.05592 -0.00000 0.62914
v 0.05485 -0.00798 0.62955
v 0.05513 -0.01681 0.64196
v 0.05169 -0.01557 0.63077
v 0.04925 -0.02319 0.64348
v 0.04657 -0.02193 0.63273
v 0.04139 -0.02812 0.64513
v 0.03975 -0.02676 0.63536
v 0.03192 -0.03191 0.64654
v 0.03163 -0.02990 0.63849
v 0.06002 -0.00000 0.65594
v 0.05872 0.00886 0.65592
v 0.06002 -0.00000 0.64102
v 0.05878 0.00864 0.64114
v 0.05592 -0.00000 0.62914
v 0.05485 0.00798 0.62955
v 0.05513 0.01681 0.64196
v 0.05169 0.01557 0.63077
v 0.04925 0.02319 0.64348
v 0.04657 0.02193 0.63273
v 0.04139 0.02812 0.64513
v 0.03975 0.02676 0.63536
v 0.03192 0.03191 0.64654
v 0.03163 0.02990 0.63849
v 0.04994 -0.01684 0.66844
v 0.05489 -0.01728 0.65607
v 0.04870 -0.02421 0.65641
v 0.04049 -0.02983 0.65668
v 0.03077 -0.03288 0.65673
v 0.02070 -0.03459 0.65659
v 0.02073 -0.03480 0.66575
v 0.02706 -0.03328 0.66633
v 0.03607 -0.02962 0.66716
v 0.04400 -0.02421 0.66788
v 0.05490 -0.00000 0.66889
v 0.05364 0.00864 0.66878
v 0.06002 -0.00000 0.65594
v 0.04994 0.01684 0.66844
v 0.05489 0.01728 0.65607
v 0.04870 0.02421 0.65641
v 0.04049 0.02983 0.65668
v 0.03077 0.03288 0.65673
v 0.02070 0.03459 0.65659
v 0.02073 0.03480 0.66575
v 0.02706 0.03328 0.66633
v 0.03607 0.02962 0.66716
v 0.04400 0.02421 0.66788
v 0.05647 0.05408 0.02778
v 0.05608 0.04892 0.02432
v 0.06321 0.05682 -0.00021
v 0.06074 0.04557 -0.00021
v 0.04191 0.11585 -0.00021
v 0.02560 0.11324 -0.00021
v 0.03017 0.10966 0.02553
v 0.02199 0.10253 -0.00021
v 0.02898 0.10376 0.02901
v 0.05647 0.05408 0.02778
v 0.05608 0.04892 0.02432
v 0.04350 0.04958 0.02901
v 0.04747 0.04506 0.02553
v 0.03683 0.04715 -0.00021
v 0.04531 0.03967 -0.00021
v 0.04247 0.10634 0.02778
v 0.04968 0.10733 -0.00021
v 0.03955 0.11061 0.02432
v 0.03017 0.10966 0.02553
v 0.02898 0.10376 0.02901
v 0.00059 0.08335 0.06832
v 0.01712 0.04889 0.06914
v 0.00874 0.05296 0.06832
v -0.00419 0.04065 0.06295
v 0.00433 0.05546 0.07132
v -0.00704 0.04126 0.07175
v 0.00546 0.05673 0.07637
v -0.03612 0.02933 0.00000
v -0.00687 0.03110 0.00000
v -0.03384 0.03198 0.02790
v -0.00518 0.03370 0.02623
v -0.02923 0.03570 0.04562
v 0.00686 0.03843 0.04572
v -0.02462 0.03941 0.06334
v -0.02509 0.04119 0.07700
v -0.03706 0.04698 0.07826
v -0.03460 0.04759 0.07284
v -0.03577 0.04726 0.06565
v -0.04035 0.04578 0.06110
v -0.05121 0.05314 0.03023
v -0.05491 0.05219 0.00000
v -0.00991 0.03498 0.18804
v -0.02579 0.04678 0.18491
v -0.01975 0.02839 0.14072
v -0.04092 0.04323 0.13963
v -0.02125 0.04007 0.10202
v -0.03949 0.05672 0.10705
v -0.04178 0.04411 0.08149
v -0.03706 0.04698 0.07826
v -0.04746 0.06531 0.08149
v -0.04208 0.06572 0.07866
v -0.03683 0.08063 0.07925
v -0.03459 0.07663 0.07721
v -0.01892 0.09066 0.07701
v -0.01726 0.08619 0.07425
v 0.01203 0.07906 0.08109
v -0.00032 0.08908 0.08114
v 0.00127 0.07702 0.07766
v -0.01892 0.09066 0.07701
v -0.00151 0.02603 0.25975
v 0.00960 0.01975 0.25896
v 0.04287 0.02508 0.26651
v 0.03225 0.01926 0.26241
v 0.04531 -0.03967 -0.00021
v 0.06074 -0.04557 -0.00021
v 0.03683 -0.04715 -0.00021
v 0.06321 -0.05682 -0.00021
v 0.04968 -0.10733 -0.00021
v 0.06751 -0.09341 0.00106
v 0.06371 -0.10729 0.00106
v 0.07801 -0.09977 0.00288
v 0.07169 -0.07779 0.00106
v 0.07535 -0.06389 0.00106
v 0.08397 -0.07755 0.00288
v 0.02560 -0.11324 -0.00021
v 0.04191 -0.11585 -0.00021
v 0.02199 -0.10253 -0.00021
v 0.01625 -0.05306 -0.00021
v 0.00487 -0.09551 -0.00021
v 0.00132 -0.04856 -0.00021
v -0.02385 -0.09448 0.00000
v -0.00687 -0.03110 0.00000
v -0.03612 -0.02933 0.00000
v -0.05007 -0.08139 0.00000
v -0.05491 -0.05219 0.00000
v -0.02369 0.08112 0.38582
v -0.01046 0.08549 0.39445
v -0.00921 0.08038 0.39588
v 0.01205 0.08500 0.39788
v 0.01048 0.07995 0.39888
v 0.02881 0.07999 0.39383
v 0.02427 0.07277 0.38995
v 0.04612 0.06270 0.38033
v 0.01048 0.07995 0.39888
v -0.01835 0.07368 0.38345
v -0.03399 0.06545 0.37277
v 0.04191 -0.11585 -0.00021
v 0.02560 -0.11324 -0.00021
v 0.03017 -0.10966 0.02553
v 0.02199 -0.10253 -0.00021
v 0.02898 -0.10376 0.02901
v 0.04968 -0.10733 -0.00021
v 0.04247 -0.10634 0.02778
v 0.03955 -0.11061 0.02432
v 0.02898 -0.10376 0.02901
v 0.03017 -0.10966 0.02553
v -0.01676 -0.08755 0.06295
v -0.00364 -0.07922 0.07275
v 0.00059 -0.08335 0.06832
v 0.00433 -0.05546 0.07132
v 0.00874 -0.05296 0.06832
v 0.00059 -0.08335 0.06832
v 0.01712 -0.04889 0.06914
v 0.00874 -0.05296 0.06832
v -0.00419 -0.04065 0.06295
v 0.00433 -0.05546 0.07132
v -0.00704 -0.04126 0.07175
v 0.00546 -0.05673 0.07637
v -0.03612 -0.02933 0.00000
v -0.00687 -0.03110 0.00000
v -0.03384 -0.03198 0.02790
v -0.00518 -0.03370 0.02623
v -0.02923 -0.03570 0.04562
v 0.00686 -0.03843 0.04572
v -0.02462 -0.03942 0.06334
v -0.02509 -0.04119 0.07700
v -0.03706 -0.04698 0.07826
v -0.03460 -0.04759 0.07284
v -0.03577 -0.04726 0.06565
v -0.04035 -0.04578 0.06110
v -0.05121 -0.05314 0.03023
v -0.05491 -0.05219 0.00000
v -0.01726 -0.08619 0.07425
v -0.01892 -0.09066 0.07701
v 0.00127 -0.07702 0.07766
v -0.00032 -0.08908 0.08114
v 0.01203 -0.07906 0.08109
v -0.04178 -0.04411 0.08149
v -0.03706 -0.04698 0.07826
v -0.04746 -0.06531 0.08149
v -0.04208 -0.06572 0.07866
v -0.03683 -0.08063 0.07925
v -0.03459 -0.07663 0.07721
v -0.01892 -0.09066 0.07701
v 0.01203 -0.07906 0.08109
v 0.01311 -0.07902 0.11047
v 0.01652 -0.05771 0.07970
v 0.01799 -0.05474 0.10863
v 0.00878 -0.04579 0.07834
v -0.00228 -0.03493 0.11527
v -0.00760 -0.03681 0.07351
v -0.02125 -0.04007 0.10202
v -0.01975 -0.02839 0.14072
v 0.00611 -0.02491 0.14689
v 0.00853 -0.02350 0.17666
v -0.00991 -0.03498 0.18804
v 0.01520 -0.02982 0.19660
v 0.02469 -0.04072 0.15326
v 0.03216 -0.05561 0.15045
v 0.03413 -0.04511 0.15701
v 0.04594 -0.05264 0.15772
v 0.06580 -0.04744 0.19391
v 0.04802 -0.03986 0.19703
v 0.03245 -0.03600 0.20603
v 0.04675 -0.04323 0.20713
v 0.03801 -0.03971 0.21884
v 0.05195 -0.04449 0.22634
v 0.05895 -0.04891 0.20760
v 0.05906 -0.05398 0.22126
v 0.04396 -0.08430 0.22935
v 0.05426 -0.07788 0.22306
v 0.05176 -0.08471 0.21031
v 0.05895 -0.04891 0.20760
v 0.05738 -0.08937 0.19708
v 0.06580 -0.04744 0.19391
v 0.04594 -0.05264 0.15772
v 0.03997 -0.08238 0.15997
v 0.03216 -0.05561 0.15045
v 0.02776 -0.07752 0.15211
v 0.01523 -0.08783 0.15683
v 0.02582 -0.08651 0.16014
v 0.03770 -0.09125 0.20091
v 0.05738 -0.08937 0.19708
v -0.02369 -0.08112 0.38582
v -0.01046 -0.08549 0.39445
v -0.00921 -0.08038 0.39588
v 0.01205 -0.08500 0.39788
v 0.01048 -0.07995 0.39888
v 0.02881 -0.07999 0.39383
v 0.02427 -0.07277 0.38995
v 0.04612 -0.06270 0.38033
v 0.05176 -0.08471 0.21031
v 0.03811 -0.08622 0.21039
v 0.02210 -0.08749 0.20992
v 0.00354 -0.08786 0.20100
v -0.00562 -0.09395 0.18198
v -0.00817 -0.09604 0.15227
v -0.03088 -0.08383 0.14490
v -0.01299 -0.08825 0.11930
v -0.02924 -0.07990 0.10504
v -0.03683 -0.08063 0.07925
v -0.04746 -0.06531 0.08149
v -0.03949 -0.05672 0.10705
v -0.04518 -0.06445 0.14124
v -0.03879 -0.02615 0.35225
v -0.04624 -0.04041 0.35170
v -0.04320 -0.04029 0.36778
v -0.03399 -0.06545 0.37277
v -0.03672 -0.05879 0.39041
v -0.01835 -0.07368 0.38345
v -0.01196 -0.06793 0.39764
v 0.02427 -0.07277 0.38995
v 0.01451 -0.06589 0.40196
v 0.03640 -0.05543 0.39760
v 0.04612 -0.06270 0.38033
v 0.04691 -0.04119 0.38610
v 0.05454 -0.04267 0.36619
v 0.04381 -0.03153 0.37965
v 0.04469 -0.02835 0.36108
v 0.04395 -0.02395 0.33412
v 0.03426 -0.01895 0.34612
v 0.01049 -0.01271 0.32199
v 0.00781 -0.01142 0.33697
v -0.01910 -0.01896 0.33949
v -0.02187 -0.00868 0.34079
v 0.05140 -0.07479 0.25504
v 0.05589 -0.07530 0.28127
v 0.06472 -0.04773 0.27652
v 0.06183 -0.04569 0.31700
v 0.03491 -0.01996 0.30272
v 0.04287 -0.02508 0.26651
v -0.00151 -0.02603 0.25975
v -0.00491 -0.02081 0.29666
v 0.02199 -0.10253 -0.00021
v 0.02898 -0.10376 0.02901
v 0.00487 -0.09551 -0.00021
v 0.01104 -0.09952 0.02645
v -0.02109 -0.09307 0.02623
v -0.02385 -0.09448 0.00000
v -0.04677 -0.08023 0.02790
v -0.05007 -0.08139 0.00000
v -0.05121 -0.05314 0.03023
v -0.05491 -0.05219 0.00000
v 0.06293 -0.09494 0.03510
v 0.05823 -0.10441 0.02210
v 0.05991 -0.09360 0.03314
v 0.04247 -0.10634 0.02778
v 0.03829 -0.09394 0.03896
v 0.01104 -0.09952 0.02645
v 0.02431 -0.09034 0.04733
v 0.02117 -0.09613 0.04962
v -0.00830 -0.09500 0.04572
v -0.04092 -0.07932 0.04562
v -0.04551 -0.06503 0.06110
v -0.04035 -0.04578 0.06110
v -0.03577 -0.04726 0.06565
v -0.04079 -0.06601 0.06565
v -0.03460 -0.04759 0.07284
v -0.03962 -0.06633 0.07304
v -0.03706 -0.04698 0.07826
v -0.04208 -0.06572 0.07866
v -0.03459 -0.07663 0.07721
v -0.03506 -0.07840 0.06334
v -0.01726 -0.08619 0.07425
v -0.00364 -0.07922 0.07275
v 0.00127 -0.07702 0.07766
v 0.00546 -0.05673 0.07637
v 0.00127 -0.07702 0.07766
v 0.01652 -0.05771 0.07970
v 0.00546 -0.05673 0.07637
v 0.00878 -0.04579 0.07834
v -0.00760 -0.03681 0.07351
v -0.00704 -0.04126 0.07175
v -0.02509 -0.04119 0.07700
v -0.00991 0.03498 0.18804
v 0.00091 0.04230 0.20003
v 0.01520 0.02982 0.19660
v 0.01093 0.03790 0.21163
v 0.02946 0.03212 0.21935
v 0.01323 0.03210 0.22750
v 0.03988 0.03184 0.23007
v 0.00960 0.01975 0.25896
v -0.04178 -0.04411 0.08149
v -0.02511 -0.03690 0.07925
v -0.03706 -0.04698 0.07826
v 0.01520 0.02982 0.19660
v 0.03245 0.03600 0.20603
v 0.02946 0.03212 0.21935
v 0.03801 0.03971 0.21884
v 0.05195 0.04449 0.22634
v 0.05445 0.04461 0.23819
v 0.04287 0.02508 0.26651
v 0.05918 0.05036 0.25160
v 0.06472 0.04773 0.27652
v 0.05140 0.07479 0.25504
v 0.05445 0.04461 0.23819
v 0.04451 0.08270 0.24234
v 0.05195 0.04449 0.22634
v 0.04396 0.08430 0.22935
v 0.02431 0.09034 0.04733
v 0.01104 0.09952 0.02645
v 0.03829 0.09394 0.03896
v 0.02898 0.10376 0.02901
v 0.04247 0.10634 0.02778
v 0.05991 0.09360 0.03314
v 0.05823 0.10441 0.02210
v 0.06293 0.09494 0.03510
v 0.02117 0.09613 0.04962
v 0.03277 0.05877 0.04733
v 0.02431 0.09034 0.04733
v 0.04665 0.06274 0.03896
v 0.06521 0.07383 0.03314
v 0.05991 0.09360 0.03314
v 0.06848 0.07418 0.03510
v 0.02199 0.10253 -0.00021
v 0.00487 0.09551 -0.00021
v 0.01104 0.09952 0.02645
v -0.02109 0.09307 0.02623
v -0.02385 0.09448 0.00000
v -0.04677 0.08023 0.02790
v -0.05007 0.08139 0.00000
v -0.05121 0.05314 0.03023
v -0.05491 0.05219 0.00000
v -0.02509 0.04119 0.07700
v -0.00704 0.04126 0.07175
v -0.00760 0.03681 0.07351
v 0.00546 0.05673 0.07637
v 0.00878 0.04579 0.07834
v 0.01652 0.05771 0.07970
v 0.00127 0.07702 0.07766
v 0.03225 0.01926 0.26241
v -0.04178 0.04411 0.08149
v -0.02125 0.04007 0.10202
v -0.02511 0.03690 0.07925
v -0.00760 0.03681 0.07351
v -0.03706 0.04698 0.07826
v 0.03988 -0.03184 0.23007
v 0.03225 -0.01926 0.26241
v 0.00960 -0.01975 0.25896
v 0.00091 -0.04230 0.20003
v 0.01520 -0.02982 0.19660
v 0.01093 -0.03790 0.21163
v 0.02946 -0.03212 0.21935
v 0.01323 -0.03210 0.22750
v 0.04287 -0.02508 0.26651
v 0.00960 -0.01975 0.25896
v 0.03225 -0.01926 0.26241
v 0.05647 -0.05408 0.02778
v 0.05608 -0.04892 0.02432
v 0.04350 -0.04958 0.02901
v 0.04747 -0.04506 0.02553
v 0.03683 -0.04715 -0.00021
v 0.04531 -0.03967 -0.00021
v 0.05608 -0.04892 0.02432
v 0.06074 -0.04557 -0.00021
v -0.00991 -0.03498 0.18804
v -0.02579 -0.04678 0.18491
v -0.01975 -0.02839 0.14072
v -0.04092 -0.04323 0.13963
v -0.02125 -0.04007 0.10202
v -0.03949 -0.05672 0.10705
v 0.07535 0.06389 0.00106
v 0.07871 0.06410 0.01535
v 0.06321 0.05682 -0.00021
v 0.06915 0.06363 0.02210
v 0.05647 0.05408 0.02778
v 0.04350 0.04958 0.02901
v 0.02587 0.04418 0.02645
v 0.03277 0.05877 0.04733
v -0.02187 0.00868 0.34079
v 0.00781 0.01142 0.33696
v 0.01014 0.00624 0.34187
v 0.03426 0.01895 0.34612
v 0.03856 0.01005 0.34704
v 0.04461 0.01545 0.36001
v 0.04469 0.02835 0.36108
v 0.04381 0.03153 0.37965
v 0.04531 0.03967 -0.00021
v 0.06074 0.04557 -0.00021
v 0.03683 0.04715 -0.00021
v 0.06321 0.05682 -0.00021
v 0.04968 0.10733 -0.00021
v 0.06751 0.09341 0.00106
v 0.06371 0.10729 0.00106
v 0.07801 0.09977 0.00288
v 0.07535 -0.06389 0.00106
v 0.08397 -0.07755 0.00288
v 0.07871 -0.06410 0.01535
v 0.08262 -0.07847 0.01527
v 0.07754 -0.07540 0.02857
v 0.07137 -0.09841 0.02857
v 0.07730 -0.09830 0.01527
v 0.07871 -0.06410 0.01535
v 0.06321 -0.05682 -0.00021
v 0.06915 -0.06363 0.02210
v 0.05647 -0.05408 0.02778
v 0.06521 -0.07383 0.03314
v 0.04665 -0.06274 0.03896
v 0.04350 -0.04958 0.02901
v 0.02587 -0.04418 0.02645
v 0.03277 -0.05877 0.04733
v 0.02117 -0.09613 0.04962
v 0.03277 -0.05877 0.04733
v 0.02431 -0.09034 0.04733
v 0.05991 -0.09360 0.03314
v 0.06848 -0.07418 0.03510
v 0.06848 -0.07418 0.03510
v 0.06293 -0.09494 0.03510
v 0.05823 -0.10441 0.02210
v 0.06674 -0.10878 0.01535
v 0.07730 -0.09830 0.01527
v 0.07801 -0.09977 0.00288
v 0.06371 -0.10729 0.00106
v 0.04968 -0.10733 -0.00021
v 0.01712 -0.04889 0.06914
v 0.00582 -0.09107 0.06914
v 0.03295 -0.05219 0.04962
v 0.02587 -0.04418 0.02645
v -0.01676 -0.08755 0.06295
v 0.02560 0.11324 -0.00021
v 0.04191 0.11585 -0.00021
v 0.02199 0.10253 -0.00021
v 0.01625 0.05306 -0.00021
v 0.00487 0.09551 -0.00021
v 0.00132 0.04856 -0.00021
v -0.02385 0.09448 0.00000
v -0.00687 0.03110 0.00000
v -0.03612 0.02933 0.00000
v -0.05007 0.08139 0.00000
v -0.05491 0.05219 0.00000
v 0.08397 0.07755 0.00288
v 0.07871 0.06410 0.01535
v 0.08262 0.07847 0.01527
v 0.07754 0.07540 0.02857
v 0.07137 0.09841 0.02857
v 0.07730 0.09830 0.01527
v 0.00582 -0.09107 0.06914
v 0.06751 0.09341 0.00106
v 0.07801 0.09977 0.00288
v 0.06321 -0.05682 -0.00021
v 0.05647 -0.05408 0.02778
v 0.00433 0.05546 0.07132
v 0.00546 0.05673 0.07637
v -0.00364 0.07922 0.07275
v 0.00127 0.07702 0.07766
v -0.01726 0.08619 0.07425
v -0.01676 0.08755 0.06295
v -0.03506 0.07840 0.06334
v -0.03459 0.07663 0.07721
v -0.03962 0.06633 0.07304
v -0.04208 0.06572 0.07866
v -0.03706 0.04698 0.07826
v -0.03460 0.04759 0.07284
v -0.04079 0.06601 0.06565
v -0.03577 0.04726 0.06565
v -0.04551 0.06503 0.06110
v -0.04035 0.04578 0.06110
v -0.04092 0.07932 0.04562
v -0.00830 0.09500 0.04572
v 0.02117 0.09613 0.04962
v 0.00582 0.09107 0.06914
v -0.02862 -0.06089 0.18597
v -0.01841 -0.07730 0.19123
v -0.00473 -0.07062 0.20342
v -0.01407 -0.06610 0.18988
v 0.00091 -0.04230 0.20003
v -0.00974 -0.04451 0.18824
v -0.00991 -0.03498 0.18804
v -0.02579 -0.04678 0.18491
v 0.01093 -0.03790 0.21163
v 0.00204 -0.05488 0.21240
v 0.00120 -0.07195 0.21474
v 0.01322 -0.08322 0.22033
v 0.02903 -0.08439 0.22222
v 0.04396 -0.08430 0.22935
v 0.03105 -0.09331 0.28150
v 0.05589 -0.07530 0.28127
v 0.02091 -0.08954 0.27067
v 0.04451 -0.08270 0.24234
v 0.02728 -0.08851 0.23753
v 0.00028 -0.07462 0.23361
v -0.00689 -0.05237 0.23074
v -0.01725 -0.04905 0.26190
v -0.01055 -0.07579 0.26925
v 0.02091 -0.08954 0.27067
v 0.00818 -0.09380 0.27802
v -0.00289 -0.09374 0.32492
v 0.02517 -0.09314 0.32920
v -0.01046 -0.08549 0.39445
v -0.02369 -0.08112 0.38582
v -0.02179 -0.07392 0.31441
v -0.02854 -0.04666 0.30317
v 0.00204 -0.05488 0.21240
v 0.01323 -0.03210 0.22750
v -0.00151 -0.02603 0.25975
v -0.00491 -0.02081 0.29666
v -0.04624 -0.04041 0.35170
v -0.01910 -0.01896 0.33949
v -0.02187 -0.00868 0.34079
v 0.03295 0.05219 0.04962
v 0.00132 0.04856 -0.00021
v 0.01625 0.05306 -0.00021
v 0.03683 0.04715 -0.00021
v 0.05589 0.07530 0.28127
v 0.06183 0.04569 0.31700
v 0.03491 0.01996 0.30272
v -0.00491 0.02081 0.29666
v 0.01049 0.01271 0.32199
v -0.01910 0.01896 0.33949
v -0.00518 0.03370 0.02623
v -0.00687 0.03110 0.00000
v 0.03105 0.09331 0.28150
v 0.05589 0.07530 0.28127
v 0.02091 0.08954 0.27067
v 0.02728 0.08851 0.23753
v 0.04396 0.08430 0.22935
v 0.02903 0.08439 0.22222
v 0.01322 0.08322 0.22033
v 0.00028 0.07462 0.23361
v 0.00120 0.07195 0.21474
v 0.00204 0.05488 0.21240
v -0.00689 0.05237 0.23074
v -0.01725 0.04905 0.26190
v -0.01055 0.07579 0.26925
v 0.02091 0.08954 0.27067
v 0.00818 0.09380 0.27802
v -0.00289 0.09374 0.32492
v 0.02517 0.09314 0.32920
v -0.01046 0.08549 0.39445
v -0.02369 0.08112 0.38582
v -0.02179 0.07392 0.31441
v -0.03399 0.06545 0.37277
v -0.04624 0.04041 0.35170
v -0.02854 0.04666 0.30317
v 0.01093 0.03790 0.21163
v 0.00204 0.05488 0.21240
v 0.01323 0.03210 0.22750
v -0.00151 0.02603 0.25975
v -0.00491 0.02081 0.29666
v -0.04624 0.04041 0.35170
v -0.01910 0.01896 0.33949
v -0.03879 0.02615 0.35225
v -0.02187 0.00868 0.34079
v -0.03949 0.05672 0.10705
v -0.04518 0.06445 0.14124
v -0.02924 0.07990 0.10504
v -0.03088 0.08383 0.14490
v -0.01299 0.08825 0.11930
v 0.05738 0.08937 0.19708
v 0.05176 0.08471 0.21031
v 0.03770 0.09125 0.20091
v 0.03811 0.08622 0.21039
v 0.02210 0.08749 0.20992
v 0.00354 0.08786 0.20100
v 0.01523 0.08783 0.15683
v -0.00562 0.09395 0.18198
v -0.00817 0.09604 0.15227
v 0.01311 0.07902 0.11047
v -0.03683 0.08063 0.07925
v -0.04746 0.06531 0.08149
v 0.01203 0.07906 0.08109
v 0.01652 0.05771 0.07970
v 0.01799 0.05474 0.10863
v 0.00878 0.04579 0.07834
v -0.00228 0.03493 0.11527
v -0.01975 0.02839 0.14072
v 0.00611 0.02491 0.14689
v 0.00853 0.02350 0.17666
v 0.01520 0.02982 0.19660
v 0.02469 0.04072 0.15326
v 0.03216 0.05561 0.15045
v 0.03413 0.04511 0.15701
v 0.04594 0.05264 0.15772
v 0.06580 0.04744 0.19391
v 0.04802 0.03986 0.19703
v 0.04675 0.04323 0.20713
v 0.05895 0.04891 0.20760
v 0.05906 0.05398 0.22126
v 0.05426 0.07788 0.22306
v 0.05176 0.08471 0.21031
v 0.05895 0.04891 0.20760
v 0.06580 0.04744 0.19391
v 0.04594 0.05264 0.15772
v 0.03997 0.08238 0.15997
v 0.03216 0.05561 0.15045
v 0.02776 0.07752 0.15211
v 0.02582 0.08651 0.16014
v 0.05738 0.08937 0.19708
v -0.04320 0.04029 0.36778
v -0.03672 0.05879 0.39041
v -0.01835 0.07368 0.38345
v -0.01196 0.06793 0.39764
v 0.02427 0.07277 0.38995
v 0.01451 0.06589 0.40196
v 0.03640 0.05543 0.39760
v 0.04612 0.06270 0.38033
v 0.04691 0.04119 0.38610
v 0.05454 0.04267 0.36619
v 0.04381 0.03153 0.37965
v 0.04469 0.02835 0.36108
v 0.04395 0.02395 0.33412
v 0.03426 0.01895 0.34612
v 0.00781 0.01142 0.33696
v -0.02187 0.00868 0.34079
v 0.02881 0.07999 0.39383
v 0.05262 0.07104 0.32548
v 0.01205 0.08500 0.39788
v 0.01712 0.04889 0.06914
v 0.00582 0.09107 0.06914
v 0.03295 0.05219 0.04962
v 0.02587 0.04418 0.02645
v 0.01048 -0.07995 0.39888
v -0.01835 -0.07368 0.38345
v -0.03399 -0.06545 0.37277
v -0.01676 0.08755 0.06295
v 0.00059 0.08335 0.06832
v 0.01205 -0.08500 0.39788
v 0.02881 -0.07999 0.39383
v 0.05262 -0.07104 0.32548
v -0.02187 -0.00868 0.34079
v 0.00781 -0.01142 0.33697
v 0.01014 -0.00624 0.34187
v 0.03426 -0.01895 0.34612
v 0.03856 -0.01005 0.34704
v 0.04461 -0.01545 0.36001
v 0.04469 -0.02835 0.36108
v 0.04381 -0.03153 0.37965
v 0.08397 -0.07755 0.00288
v 0.08262 -0.07847 0.01527
v 0.07169 -0.07779 0.00106
v 0.06751 -0.09341 0.00106
v 0.01520 -0.02982 0.19660
v 0.02946 -0.03212 0.21935
v 0.05445 -0.04461 0.23819
v 0.05918 -0.05036 0.25160
v 0.05445 -0.04461 0.23819
v 0.05195 -0.04449 0.22634
v 0.06751 0.09341 0.00106
v 0.07730 0.09830 0.01527
v 0.07169 0.07779 0.00106
v 0.08262 0.07847 0.01527
v 0.08397 0.07755 0.00288
v 0.06848 0.07418 0.03510
v 0.06293 0.09494 0.03510
v 0.05823 0.10441 0.02210
v 0.06674 0.10878 0.01535
v 0.07801 0.09977 0.00288
v 0.06371 0.10729 0.00106
v 0.04968 0.10733 -0.00021
v -0.02862 0.06089 0.18597
v -0.01841 0.07730 0.19123
v -0.00473 0.07062 0.20342
v -0.01407 0.06610 0.18988
v 0.00091 0.04230 0.20003
v -0.00974 0.04451 0.18824
v -0.00991 0.03498 0.18804
v -0.02579 0.04678 0.18491
v -0.00364 0.07922 0.07275
v 0.00874 0.05296 0.06832
v 0.07169 0.07779 0.00106
v 0.07535 0.06389 0.00106
v 0.08397 0.07755 0.00288
v 0.03295 -0.05219 0.04962
v 0.00132 -0.04856 -0.00021
v 0.01625 -0.05306 -0.00021
v 0.03683 -0.04715 -0.00021
v 0.06751 -0.09341 0.00106
v 0.07801 -0.09977 0.00288
v -0.00687 -0.03110 0.00000
v -0.00518 -0.03370 0.02623
v 0.06521 0.07383 0.03314
v 0.06521 -0.07383 0.03314
vt 0.170695 0.841899
vt 0.161339 0.842770
vt 0.160908 0.850412
vt 0.153486 0.850412
vt 0.170695 0.841899
vt 0.161339 0.842770
vt 0.160908 0.850412
vt 0.153486 0.850412
vt 0.161339 0.842770
vt 0.152899 0.842770
vt 0.171799 0.830000
vt 0.157197 0.826178
vt 0.157197 0.803880
vt 0.171799 0.803880
vt 0.171799 0.767626
vt 0.157197 0.767626
vt 0.142594 0.830000
vt 0.152899 0.842770
vt 0.143699 0.841899
vt 0.152899 0.842770
vt 0.157197 0.826178
vt 0.142594 0.830000
vt 0.157197 0.803880
vt 0.142594 0.803880
vt 0.142594 0.767626
vt 0.143699 0.841899
vt 0.157197 0.767626
vt 0.142594 0.767626
vt 0.157197 0.803880
vt 0.142594 0.803880
vt 0.157197 0.826178
vt 0.161339 0.842770
vt 0.152899 0.842770
vt 0.034837 0.983310
vt 0.052822 0.981375
vt 0.043502 0.974531
vt 0.060676 0.967420
vt 0.041378 0.953272
vt 0.171799 0.767626
vt 0.157197 0.803880
vt 0.171799 0.803880
vt 0.171799 0.830000
vt 0.157197 0.826178
vt 0.055290 0.654439
vt 0.064818 0.645708
vt 0.055290 0.696787
vt 0.064818 0.707695
vt 0.055290 0.714854
vt 0.137641 0.645708
vt 0.137641 0.707695
vt 0.153779 0.682494
vt 0.153779 0.711661
vt 0.153779 0.641427
vt 0.108194 0.631390
vt 0.137641 0.645708
vt 0.148239 0.631390
vt 0.072292 0.843882
vt 0.035544 0.844027
vt 0.082597 0.867898
vt 0.025378 0.868091
vt 0.068270 0.888480
vt 0.039860 0.888576
vt 0.276968 0.729849
vt 0.307778 0.724431
vt 0.264506 0.709267
vt 0.302013 0.703608
vt 0.274655 0.686001
vt 0.302496 0.685904
vt 0.330234 0.709630
vt 0.333807 0.698891
vt 0.302013 0.703608
vt 0.336931 0.679519
vt 0.416934 0.675819
vt 0.400519 0.631850
vt 0.391440 0.655745
vt 0.364237 0.633954
vt 0.369899 0.656930
vt 0.368535 0.685324
vt 0.389161 0.684138
vt 0.368535 0.685324
vt 0.402452 0.704115
vt 0.389161 0.684138
vt 0.414258 0.695360
vt 0.455200 0.697029
vt 0.464072 0.716426
vt 0.429240 0.711782
vt 0.402452 0.704115
vt 0.333807 0.698891
vt 0.170695 0.841899
vt 0.160908 0.850412
vt 0.161339 0.842770
vt 0.153486 0.850412
vt 0.170695 0.841899
vt 0.160908 0.850412
vt 0.161339 0.842770
vt 0.153486 0.850412
vt 0.490464 0.723004
vt 0.485682 0.704768
vt 0.475447 0.676883
vt 0.431415 0.563575
vt 0.391733 0.602586
vt 0.373627 0.603771
vt 0.364772 0.545968
vt 0.403574 0.542993
vt 0.016920 0.852347
vt 0.005632 0.849493
vt 0.016920 0.887053
vt 0.005632 0.884223
vt 0.016920 0.912254
vt 0.005632 0.912254
vt 0.104587 0.837884
vt 0.093229 0.843205
vt 0.104259 0.850944
vt 0.092435 0.857136
vt 0.105398 0.861029
vt 0.106520 0.870655
vt 0.116755 0.864899
vt 0.096491 0.876435
vt 0.106503 0.881055
vt 0.095266 0.895252
vt 0.118102 0.884779
vt 0.106278 0.890971
vt 0.105001 0.900862
vt 0.061970 0.901419
vt 0.083995 0.907997
vt 0.063696 0.913511
vt 0.080991 0.923161
vt 0.080042 0.935036
vt 0.090347 0.929957
vt 0.085669 0.946186
vt 0.101618 0.950055
vt 0.094282 0.960141
vt 0.104932 0.966598
vt 0.083891 0.964518
vt 0.071671 0.955666
vt 0.060676 0.967420
vt 0.051493 0.941010
vt 0.041378 0.953272
vt 0.043553 0.912254
vt 0.029469 0.924999
vt 0.052442 0.930828
vt 0.073310 0.944275
vt 0.023945 0.901419
vt 0.064818 0.645708
vt 0.064818 0.707695
vt 0.137641 0.645708
vt 0.137641 0.707695
vt 0.153779 0.682494
vt 0.153779 0.711661
vt 0.153779 0.641427
vt 0.108194 0.631390
vt 0.137641 0.645708
vt 0.148239 0.631390
vt 0.950078 0.906957
vt 0.939756 0.952837
vt 0.956084 0.909908
vt 0.956619 0.957674
vt 0.939756 0.952837
vt 0.953547 0.994822
vt 0.940429 0.995137
vt 0.950078 0.906957
vt 0.956084 0.909908
vt 0.939756 0.952837
vt 0.956619 0.957674
vt 0.953547 0.994822
vt 0.939756 0.952837
vt 0.940429 0.995137
vt 0.957500 0.692434
vt 0.962160 0.670425
vt 0.971153 0.691950
vt 0.974173 0.670401
vt 0.996405 0.693982
vt 0.987205 0.670353
vt 0.039860 0.888576
vt 0.068270 0.888480
vt 0.025378 0.868091
vt 0.082597 0.867898
vt 0.035544 0.844027
vt 0.072292 0.843882
vt 0.397792 0.950466
vt 0.430811 0.950587
vt 0.430932 0.942098
vt 0.470545 0.942171
vt 0.447761 0.884465
vt 0.486028 0.884537
vt 0.458635 0.845019
vt 0.495797 0.845115
vt 0.467818 0.767650
vt 0.495124 0.782621
vt 0.417831 0.725229
vt 0.419316 0.716474
vt 0.400208 0.725229
vt 0.398706 0.716474
vt 0.379288 0.749632
vt 0.398931 0.118349
vt 0.385640 0.066181
vt 0.364669 0.048478
vt 0.349031 0.015247
vt 0.329008 0.032419
vt 0.309003 0.015247
vt 0.293383 0.048550
vt 0.272463 0.066302
vt 0.277969 0.087126
vt 0.259293 0.118494
vt 0.336931 0.679519
vt 0.301616 0.681454
vt 0.302496 0.685904
vt 0.272049 0.681526
vt 0.274655 0.686001
vt 0.253304 0.679205
vt 0.957500 0.692434
vt 0.962160 0.670425
vt 0.971153 0.691950
vt 0.974173 0.670401
vt 0.996405 0.693982
vt 0.987205 0.670353
vt 0.260570 0.942171
vt 0.262452 0.949862
vt 0.232142 0.942171
vt 0.236820 0.949862
vt 0.285546 0.183020
vt 0.294194 0.182730
vt 0.280247 0.187881
vt 0.297232 0.190131
vt 0.294194 0.182730
vt 0.314803 0.165147
vt 0.313111 0.156223
vt 0.345181 0.156199
vt 0.343524 0.165123
vt 0.361147 0.190082
vt 0.490464 0.723004
vt 0.464072 0.716426
vt 0.485682 0.704768
vt 0.455200 0.697029
vt 0.475447 0.676883
vt 0.416934 0.675819
vt 0.431415 0.563575
vt 0.400519 0.631850
vt 0.391733 0.602586
vt 0.364237 0.633954
vt 0.373627 0.603771
vt 0.364772 0.545968
vt 0.403574 0.542993
vt 0.414275 0.695360
vt 0.389161 0.684138
vt 0.402452 0.704115
vt 0.368535 0.685324
vt 0.429240 0.711782
vt 0.402452 0.704115
vt 0.482921 0.582826
vt 0.492431 0.674900
vt 0.272463 0.066302
vt 0.313198 0.023881
vt 0.309003 0.015247
vt 0.344836 0.023833
vt 0.349031 0.015247
vt 0.330234 0.709630
vt 0.333807 0.698891
vt 0.333807 0.698891
vt 0.302013 0.703608
vt 0.307778 0.724431
vt 0.264506 0.709267
vt 0.276968 0.729849
vt 0.210325 0.719788
vt 0.212966 0.691588
vt 0.239150 0.721360
vt 0.235266 0.692942
vt 0.253304 0.679205
vt 0.274655 0.686001
vt 0.302496 0.685904
vt 0.211343 0.639541
vt 0.239737 0.641451
vt 0.262711 0.599563
vt 0.272049 0.681526
vt 0.269339 0.599103
vt 0.301616 0.681454
vt 0.285822 0.574216
vt 0.311696 0.573588
vt 0.328646 0.597628
vt 0.336931 0.679519
vt 0.334445 0.597652
vt 0.344439 0.537141
vt 0.364151 0.491527
vt 0.345095 0.476919
vt 0.364410 0.470413
vt 0.341073 0.464923
vt 0.388333 0.500887
vt 0.344836 0.023833
vt 0.306328 0.067487
vt 0.275725 0.117140
vt 0.259293 0.118494
vt 0.253304 0.679205
vt 0.274655 0.686001
vt 0.272049 0.681526
vt 0.302496 0.685904
vt 0.301616 0.681454
vt 0.336931 0.679519
vt 0.260570 0.942171
vt 0.262452 0.949862
vt 0.232142 0.942171
vt 0.236820 0.949862
vt 0.285546 0.183020
vt 0.294194 0.182730
vt 0.280247 0.187881
vt 0.297232 0.190131
vt 0.294194 0.182730
vt 0.314803 0.165147
vt 0.313111 0.156223
vt 0.345181 0.156199
vt 0.343524 0.165123
vt 0.361147 0.190082
vt 0.398931 0.118349
vt 0.385640 0.066181
vt 0.364669 0.048478
vt 0.349031 0.015247
vt 0.329008 0.032419
vt 0.309003 0.015247
vt 0.293383 0.048550
vt 0.272463 0.066302
vt 0.277969 0.087126
vt 0.259293 0.118494
vt 0.152899 0.842770
vt 0.157197 0.826178
vt 0.161339 0.842770
vt 0.171799 0.830000
vt 0.344836 0.023833
vt 0.313198 0.023881
vt 0.306328 0.067487
vt 0.272463 0.066302
vt 0.275725 0.117140
vt 0.259293 0.118494
vt 0.309003 0.015247
vt 0.344836 0.023833
vt 0.349031 0.015247
vt 0.482921 0.582826
vt 0.492431 0.674900
vt 0.171799 0.830000
vt 0.161339 0.842770
vt 0.157197 0.826178
vt 0.152899 0.842770
vt 0.280247 0.187881
vt 0.285546 0.183020
vt 0.304964 0.115664
vt 0.351741 0.067415
vt 0.385640 0.066181
vt 0.349031 0.015247
vt 0.157197 0.767626
vt 0.171799 0.767626
vt 0.157197 0.803880
vt 0.171799 0.803880
vt 0.353190 0.115616
vt 0.382464 0.117019
vt 0.398931 0.118349
vt 0.372850 0.182923
vt 0.378166 0.187760
vt 0.364185 0.182657
vt 0.313111 0.156223
vt 0.939221 0.770794
vt 0.939083 0.801558
vt 0.956568 0.803275
vt 0.938755 0.837304
vt 0.957638 0.840762
vt 0.943329 0.869833
vt 0.955566 0.872711
vt 0.956084 0.909908
vt 0.118102 0.884779
vt 0.106503 0.881055
vt 0.106278 0.890971
vt 0.095266 0.895252
vt 0.105001 0.900862
vt 0.061970 0.901419
vt 0.083995 0.907997
vt 0.063696 0.913511
vt 0.080991 0.923161
vt 0.080042 0.935036
vt 0.090347 0.929957
vt 0.085669 0.946186
vt 0.101618 0.950055
vt 0.094282 0.960141
vt 0.104932 0.966598
vt 0.083891 0.964518
vt 0.071671 0.955666
vt 0.060676 0.967420
vt 0.051493 0.941010
vt 0.073310 0.944275
vt 0.052442 0.930828
vt 0.043553 0.912254
vt 0.023945 0.901419
vt 0.016920 0.912254
vt 0.016920 0.887053
vt 0.016920 0.852347
vt 0.005632 0.849493
vt 0.005632 0.884223
vt 0.005632 0.912254
vt 0.065008 0.990300
vt 0.092159 0.984084
vt 0.085600 0.980553
vt 0.086032 0.992452
vt 0.080698 0.987252
vt 0.073241 0.976635
vt 0.085600 0.980553
vt 0.099046 0.804799
vt 0.087827 0.810651
vt 0.097199 0.796310
vt 0.062367 0.777905
vt 0.101031 0.778050
vt 0.100979 0.759621
vt 0.106451 0.767045
vt 0.104362 0.747310
vt 0.079058 0.736233
vt 0.077919 0.749656
vt 0.057068 0.747214
vt 0.016920 0.770311
vt 0.016920 0.796552
vt 0.080249 0.823857
vt 0.093643 0.823857
vt 0.090640 0.833265
vt 0.005632 0.816093
vt 0.005632 0.791497
vt 0.005632 0.768110
vt 0.105967 0.786926
vt 0.092435 0.857136
vt 0.106520 0.870655
vt 0.096491 0.876435
vt 0.093229 0.843205
vt 0.078368 0.840835
vt 0.090640 0.833265
vt 0.062143 0.837715
vt 0.080249 0.823857
vt 0.037529 0.823857
vt 0.016920 0.796552
vt 0.016920 0.821317
vt 0.005632 0.816093
vt 0.005632 0.849493
vt 0.016920 0.852347
vt 0.024101 0.837715
vt 0.005632 0.791497
vt 0.016920 0.770311
vt 0.005632 0.768110
vt 0.124281 0.850412
vt 0.114494 0.841899
vt 0.123987 0.835586
vt 0.113389 0.830000
vt 0.113389 0.803880
vt 0.128044 0.809950
vt 0.123780 0.798704
vt 0.132497 0.798704
vt 0.134447 0.767626
vt 0.142594 0.803880
vt 0.121830 0.767626
vt 0.113389 0.767626
vt 0.123987 0.835586
vt 0.132290 0.835586
vt 0.131703 0.850412
vt 0.141507 0.841899
vt 0.128044 0.809950
vt 0.134447 0.767626
vt 0.123780 0.798704
vt 0.121830 0.767626
vt 0.113389 0.803880
vt 0.113389 0.767626
vt 0.124281 0.850412
vt 0.114494 0.841899
vt 0.123987 0.835586
vt 0.113389 0.830000
vt 0.113389 0.803880
vt 0.128044 0.809950
vt 0.123780 0.798704
vt 0.132497 0.798704
vt 0.134447 0.767626
vt 0.142594 0.803880
vt 0.121830 0.767626
vt 0.113389 0.767626
vt 0.123987 0.835586
vt 0.132290 0.835586
vt 0.131703 0.850412
vt 0.141507 0.841899
vt 0.128044 0.809950
vt 0.134447 0.767626
vt 0.123780 0.798704
vt 0.121830 0.767626
vt 0.113389 0.803880
vt 0.113389 0.767626
vt 0.376250 0.942050
vt 0.397792 0.950466
vt 0.396117 0.942050
vt 0.430811 0.942098
vt 0.420196 0.866568
vt 0.447761 0.884465
vt 0.458635 0.845019
vt 0.445914 0.811208
vt 0.467818 0.767650
vt 0.430811 0.950587
vt 0.430811 0.942098
vt 0.470545 0.942171
vt 0.486028 0.884537
vt 0.495797 0.845115
vt 0.495124 0.782621
vt 0.429844 0.797446
vt 0.438647 0.749656
vt 0.417831 0.725229
vt 0.419316 0.716450
vt 0.262452 0.949862
vt 0.285287 0.938737
vt 0.307588 0.942171
vt 0.309280 0.930393
vt 0.348789 0.942074
vt 0.347063 0.930320
vt 0.376250 0.942050
vt 0.385640 0.874984
vt 0.396117 0.942050
vt 0.390594 0.836530
vt 0.409011 0.770939
vt 0.400208 0.725229
vt 0.389558 0.797422
vt 0.379288 0.749632
vt 0.367206 0.811159
vt 0.344025 0.767578
vt 0.326402 0.818149
vt 0.309953 0.782572
vt 0.288705 0.811305
vt 0.284217 0.792658
vt 0.264022 0.808668
vt 0.254581 0.797422
vt 0.236440 0.808693
vt 0.237027 0.797422
vt 0.208720 0.792706
vt 0.206907 0.811353
vt 0.180965 0.782621
vt 0.189405 0.845115
vt 0.236613 0.866713
vt 0.205630 0.884537
vt 0.260570 0.942171
vt 0.274361 0.875129
vt 0.285287 0.938737
vt 0.311696 0.868986
vt 0.346977 0.868914
vt 0.170695 0.841899
vt 0.161339 0.842770
vt 0.160908 0.850412
vt 0.153486 0.850412
vt 0.948749 0.670425
vt 0.957500 0.692434
vt 0.940446 0.695989
vt 0.954686 0.715700
vt 0.938979 0.731929
vt 0.959692 0.746996
vt 0.961642 0.767699
vt 0.980076 0.776574
vt 0.973725 0.807120
vt 0.969858 0.850364
vt 0.963386 0.879047
vt 0.962436 0.913995
vt 0.956619 0.957674
vt 0.967079 0.958230
vt 0.965750 0.994943
vt 0.977971 0.939390
vt 0.978057 0.994967
vt 0.953547 0.994822
vt 0.968115 0.720078
vt 0.988793 0.720803
vt 0.981267 0.751639
vt 0.968011 0.919267
vt 0.973345 0.881321
vt 0.980888 0.840617
vt 0.142594 0.830000
vt 0.152899 0.842770
vt 0.143699 0.841899
vt 0.113389 0.767626
vt 0.121830 0.767626
vt 0.113389 0.803880
vt 0.123780 0.798704
vt 0.128044 0.809950
vt 0.132497 0.798704
vt 0.134447 0.767626
vt 0.142594 0.803880
vt 0.142594 0.767626
vt 0.113389 0.767626
vt 0.121830 0.767626
vt 0.113389 0.803880
vt 0.123780 0.798704
vt 0.128044 0.809950
vt 0.132497 0.798704
vt 0.134447 0.767626
vt 0.142594 0.803880
vt 0.142594 0.767626
vt 0.285546 0.183020
vt 0.304964 0.115664
vt 0.313111 0.156223
vt 0.353190 0.115616
vt 0.364185 0.182657
vt 0.372850 0.182923
vt 0.378166 0.187760
vt 0.398931 0.118349
vt 0.382464 0.117019
vt 0.385640 0.066181
vt 0.351741 0.067415
vt 0.988793 0.720803
vt 0.968115 0.720078
vt 0.981267 0.751639
vt 0.959692 0.746996
vt 0.961642 0.767699
vt 0.980076 0.776574
vt 0.954686 0.715700
vt 0.957500 0.692434
vt 0.161339 0.842770
vt 0.152899 0.842770
vt 0.157197 0.826178
vt 0.142594 0.830000
vt 0.157197 0.803880
vt 0.142594 0.803880
vt 0.142594 0.767626
vt 0.157197 0.767626
vt 0.143699 0.841899
vt 0.153486 0.850412
vt 0.152899 0.842770
vt 0.157197 0.826178
vt 0.161339 0.842770
vt 0.171799 0.830000
vt 0.170695 0.841899
vt 0.170695 0.841899
vt 0.171799 0.830000
vt 0.157197 0.826178
vt 0.157197 0.803880
vt 0.171799 0.803880
vt 0.171799 0.767626
vt 0.153486 0.850412
vt 0.152899 0.842770
vt 0.160908 0.850412
vt 0.161339 0.842770
vt 0.160908 0.850412
vt 0.161339 0.842770
vt 0.005632 0.750406
vt 0.016920 0.750406
vt 0.016920 0.770311
vt 0.031626 0.737032
vt 0.055170 0.728881
vt 0.280247 0.187881
vt 0.344025 0.767578
vt 0.379288 0.749632
vt 0.382654 0.757444
vt 0.398706 0.716474
vt 0.419316 0.716450
vt 0.435316 0.757468
vt 0.438647 0.749656
vt 0.113389 0.767626
vt 0.121830 0.767626
vt 0.113389 0.803880
vt 0.123780 0.798704
vt 0.128044 0.809950
vt 0.132497 0.798704
vt 0.134447 0.767626
vt 0.142594 0.803880
vt 0.142594 0.767626
vt 0.113389 0.767626
vt 0.121830 0.767626
vt 0.113389 0.803880
vt 0.123780 0.798704
vt 0.128044 0.809950
vt 0.132497 0.798704
vt 0.134447 0.767626
vt 0.142594 0.803880
vt 0.142594 0.767626
vt 0.132290 0.835586
vt 0.123987 0.835586
vt 0.113389 0.830000
vt 0.114494 0.841899
vt 0.124281 0.850412
vt 0.131703 0.850412
vt 0.141507 0.841899
vt 0.142594 0.830000
vt 0.128044 0.809950
vt 0.005632 0.750406
vt 0.016920 0.750406
vt 0.016920 0.770311
vt 0.031626 0.737032
vt 0.055170 0.728881
vt 0.057068 0.747214
vt 0.104362 0.747310
vt 0.079058 0.736233
vt 0.100979 0.759621
vt 0.077919 0.749656
vt 0.062367 0.777905
vt 0.087827 0.810651
vt 0.093643 0.823857
vt 0.948749 0.670425
vt 0.940446 0.695989
vt 0.938979 0.731929
vt 0.939221 0.770794
vt 0.956568 0.803275
vt 0.973725 0.807120
vt 0.957638 0.840762
vt 0.969858 0.850364
vt 0.955566 0.872711
vt 0.963386 0.879047
vt 0.956084 0.909908
vt 0.962436 0.913995
vt 0.956619 0.957674
vt 0.967079 0.958230
vt 0.965750 0.994943
vt 0.977971 0.939390
vt 0.978057 0.994967
vt 0.262452 0.949862
vt 0.285287 0.938737
vt 0.307588 0.942171
vt 0.309280 0.930393
vt 0.348789 0.942074
vt 0.347063 0.930320
vt 0.376250 0.942050
vt 0.385640 0.874984
vt 0.396117 0.942050
vt 0.420196 0.866568
vt 0.390594 0.836530
vt 0.429844 0.797446
vt 0.409011 0.770939
vt 0.417831 0.725229
vt 0.400208 0.725229
vt 0.389558 0.797422
vt 0.367206 0.811159
vt 0.344025 0.767578
vt 0.326402 0.818149
vt 0.309953 0.782572
vt 0.288705 0.811305
vt 0.284217 0.792658
vt 0.264022 0.808668
vt 0.254581 0.797422
vt 0.236440 0.808693
vt 0.237027 0.797422
vt 0.208720 0.792706
vt 0.206907 0.811353
vt 0.180965 0.782621
vt 0.189405 0.845115
vt 0.236613 0.866713
vt 0.205630 0.884537
vt 0.260570 0.942171
vt 0.274361 0.875129
vt 0.285287 0.938737
vt 0.311696 0.868986
vt 0.346977 0.868914
vt 0.266750 0.836723
vt 0.259103 0.508989
vt 0.256756 0.539680
vt 0.235007 0.542171
vt 0.237061 0.594556
vt 0.213414 0.593008
vt 0.178652 0.582802
vt 0.195032 0.674900
vt 0.195826 0.704768
vt 0.189785 0.723004
vt 0.214157 0.737902
vt 0.228276 0.740563
vt 0.239150 0.721360
vt 0.247331 0.735605
vt 0.264506 0.709267
vt 0.202696 0.564059
vt 0.302013 0.703608
vt 0.368535 0.685324
vt 0.369899 0.656930
vt 0.391440 0.655745
vt 0.389161 0.684138
vt 0.417831 0.725229
vt 0.419316 0.716450
vt 0.400208 0.725229
vt 0.398706 0.716474
vt 0.253304 0.679205
vt 0.235266 0.692942
vt 0.239150 0.721360
vt 0.212966 0.691588
vt 0.210325 0.719788
vt 0.259103 0.508989
vt 0.256756 0.539680
vt 0.235007 0.542171
vt 0.262711 0.599563
vt 0.237061 0.594556
vt 0.239737 0.641451
vt 0.213414 0.593008
vt 0.211343 0.639541
vt 0.178652 0.582802
vt 0.195032 0.674900
vt 0.195826 0.704768
vt 0.189785 0.723004
vt 0.214157 0.737902
vt 0.228276 0.740563
vt 0.239150 0.721360
vt 0.247331 0.735605
vt 0.264506 0.709267
vt 0.328646 0.597628
vt 0.311696 0.573588
vt 0.301616 0.681454
vt 0.285822 0.574216
vt 0.269339 0.599103
vt 0.272049 0.681526
vt 0.344025 0.767578
vt 0.379288 0.749632
vt 0.382654 0.757444
vt 0.398706 0.716474
vt 0.419316 0.716474
vt 0.435316 0.757468
vt 0.419316 0.716474
vt 0.438647 0.749656
vt 0.438647 0.749656
vt 0.445914 0.811208
vt 0.430932 0.942098
vt 0.396117 0.942050
vt 0.376250 0.942050
vt 0.157197 0.767626
vt 0.171799 0.767626
vt 0.157197 0.803880
vt 0.171799 0.803880
vt 0.157197 0.826178
vt 0.171799 0.830000
vt 0.157197 0.803880
vt 0.171799 0.803880
vt 0.171799 0.767626
vt 0.157197 0.767626
vt 0.034837 0.983310
vt 0.052822 0.981375
vt 0.043502 0.974531
vt 0.060676 0.967420
vt 0.170695 0.841899
vt 0.161339 0.842770
vt 0.152899 0.842770
vt 0.160908 0.850412
vt 0.161339 0.842770
vt 0.153486 0.850412
vt 0.065008 0.990300
vt 0.334445 0.597652
vt 0.344439 0.537141
vt 0.364151 0.491527
vt 0.345095 0.476919
vt 0.364410 0.470413
vt 0.341073 0.464923
vt 0.388333 0.500887
vt 0.103896 0.912955
vt 0.157197 0.767626
vt 0.157197 0.803880
vt 0.142594 0.803880
vt 0.142594 0.830000
vt 0.157197 0.826178
vt 0.143699 0.841899
vt 0.153779 0.682494
vt 0.153779 0.641427
vt 0.159354 0.660582
vt 0.172283 0.642056
vt 0.128044 0.809950
vt 0.132290 0.835586
vt 0.141507 0.841899
vt 0.131703 0.850412
vt 0.124281 0.850412
vt 0.123987 0.835586
vt 0.114494 0.841899
vt 0.113389 0.830000
vt 0.143699 0.841899
vt 0.157197 0.826178
vt 0.157197 0.803880
vt 0.142594 0.803880
vt 0.157197 0.767626
vt 0.157197 0.803880
vt 0.142594 0.803880
vt 0.142594 0.830000
vt 0.157197 0.826178
vt 0.143699 0.841899
vt 0.078368 0.840835
vt 0.062143 0.837715
vt 0.037529 0.823857
vt 0.016920 0.821317
vt 0.005632 0.849493
vt 0.016920 0.852347
vt 0.024101 0.837715
vt 0.153779 0.682494
vt 0.153779 0.641427
vt 0.159354 0.660582
vt 0.172283 0.642056
vt 0.156351 0.704672
vt 0.103896 0.912955
vt 0.124281 0.850412
vt 0.114494 0.841899
vt 0.123987 0.835586
vt 0.113389 0.830000
vt 0.128044 0.809950
vt 0.132497 0.798704
vt 0.142594 0.803880
vt 0.142594 0.767626
vt 0.124281 0.850412
vt 0.114494 0.841899
vt 0.123987 0.835586
vt 0.113389 0.830000
vt 0.128044 0.809950
vt 0.132497 0.798704
vt 0.142594 0.803880
vt 0.266750 0.836723
vt 0.128044 0.809950
vt 0.132290 0.835586
vt 0.141507 0.841899
vt 0.131703 0.850412
vt 0.124281 0.850412
vt 0.123987 0.835586
vt 0.114494 0.841899
vt 0.113389 0.830000
vt 0.143699 0.841899
vt 0.142594 0.830000
vt 0.157197 0.826178
vt 0.157197 0.803880
vt 0.142594 0.803880
vt 0.128044 0.809950
vt 0.132290 0.835586
vt 0.141507 0.841899
vt 0.131703 0.850412
vt 0.124281 0.850412
vt 0.123987 0.835586
vt 0.114494 0.841899
vt 0.113389 0.830000
vt 0.123987 0.835586
vt 0.132290 0.835586
vt 0.131703 0.850412
vt 0.141507 0.841899
vt 0.128044 0.809950
vt 0.123987 0.835586
vt 0.132290 0.835586
vt 0.131703 0.850412
vt 0.141507 0.841899
vt 0.128044 0.809950
vt 0.068857 0.890777
vt 0.083788 0.867874
vt 0.075831 0.867632
vt 0.067321 0.851912
vt 0.053081 0.868043
vt 0.037236 0.851186
vt 0.030280 0.869373
vt 0.032334 0.844027
vt 0.022219 0.870558
vt 0.042086 0.883933
vt 0.038634 0.890801
vt 0.065233 0.883909
vt 0.071377 0.844970
vt 0.068857 0.890777
vt 0.083788 0.867874
vt 0.075831 0.867632
vt 0.067321 0.851912
vt 0.053081 0.868043
vt 0.037236 0.851186
vt 0.030280 0.869373
vt 0.032334 0.844027
vt 0.022219 0.870558
vt 0.042086 0.883933
vt 0.038634 0.890801
vt 0.065233 0.883909
vt 0.071377 0.844970
vt 0.029469 0.924999
vt 0.968011 0.919267
vt 0.973345 0.881321
vt 0.980888 0.840617
vt 0.099046 0.804799
vt 0.097199 0.796310
vt 0.101031 0.778050
vt 0.106451 0.767045
vt 0.092159 0.984084
vt 0.085600 0.980553
vt 0.086032 0.992452
vt 0.080698 0.987252
vt 0.073241 0.976635
vt 0.085600 0.980553
vt 0.105967 0.786926
vt 0.152899 0.842770
vt 0.121830 0.767626
vt 0.104587 0.837884
vt 0.104259 0.850944
vt 0.105398 0.861029
vt 0.116755 0.864899
vt 0.111025 0.958206
vt 0.102567 0.938833
vt 0.171799 0.830000
vt 0.161339 0.842770
vt 0.157197 0.826178
vt 0.157197 0.803880
vt 0.171799 0.803880
vt 0.171799 0.767626
vt 0.157197 0.767626
vt 0.153779 0.711661
vt 0.179031 0.715724
vt 0.156351 0.704672
vt 0.157197 0.803880
vt 0.142594 0.803880
vt 0.157197 0.826178
vt 0.148170 0.722013
vt 0.108125 0.722013
vt 0.064818 0.707695
vt 0.063817 0.722013
vt 0.064818 0.645708
vt 0.055290 0.638549
vt 0.063886 0.631390
vt 0.152899 0.842770
vt 0.152899 0.842770
vt 0.152899 0.842770
vt 0.121830 0.767626
vt 0.152899 0.842770
vt 0.055290 0.654439
vt 0.055290 0.696787
vt 0.055290 0.714854
vt 0.111025 0.958206
vt 0.102567 0.938833
vt 0.064818 0.645708
vt 0.055290 0.638549
vt 0.063886 0.631390
vt 0.178997 0.637316
vt 0.148170 0.722013
vt 0.108125 0.722013
vt 0.064818 0.707695
vt 0.063817 0.722013
vt 0.156351 0.704672
vt 0.153779 0.711661
vt 0.179031 0.715724
vt 0.156351 0.704672
vt 0.953547 0.994822
vt 0.178997 0.637316
vt 0.939083 0.801558
vt 0.938755 0.837304
vt 0.943329 0.869833
vt 0.397792 0.950466
vt 0.419316 0.716474
vt 0.438647 0.749656
vt 0.465557 0.950636
vt 0.438647 0.749656
vt 0.467818 0.767650
vt 0.157197 0.803880
vt 0.171799 0.803880
vt 0.171799 0.767626
vt 0.157197 0.767626
vt 0.202696 0.564059
vt 0.397792 0.950466
vt 0.467818 0.767650
vt 0.465557 0.950636
vt 0.467818 0.767650
vt 0.438647 0.749656
vt 1.001083 -0.112112
vt 0.906650 -0.202976
vt 0.834328 0.096268
vt 0.144200 0.100500
vt 0.093350 -0.197994
vt -0.001083 -0.105969
vt -0.065585 1.202960
vt 0.834328 0.096268
vt 1.065585 1.196043
vt 0.202989 1.146609
vt 0.130219 1.144142
vt 0.282180 0.623143
vt 0.036666 0.609600
vt 0.291035 0.211365
vt 0.077660 0.169476
vt 0.362442 -0.174075
vt 0.699661 0.211172
vt 0.628859 -0.174220
vt 0.915367 0.169041
vt 0.956343 0.609140
vt 0.708913 0.622926
vt 0.865432 1.143779
vt 0.792316 1.146319
vt 0.631931 0.937624
vt 0.361838 0.937769
vt 0.847999 1.275927
vt 0.935303 1.272977
vt 0.752962 0.647764
vt 1.047565 0.631536
vt 0.742330 0.153635
vt 0.998373 0.103378
vt 0.656648 -0.308884
vt 0.251974 0.153393
vt 0.336948 -0.309053
vt -0.006865 0.102870
vt -0.056040 0.630979
vt 0.240893 0.647498
vt 0.053064 1.272541
vt 0.140799 1.275565
vt 0.333254 1.025150
vt 0.657373 1.025320
vt 0.313577 0.446736
vt 0.316805 0.399309
vt 0.278987 0.446736
vt 0.275777 0.399309
vt 0.257826 0.433724
vt 0.262711 0.399454
vt 0.229691 0.401631
vt 0.230054 0.438320
vt 0.191597 0.439867
vt 0.193409 0.457644
vt 0.172421 0.460812
vt 0.176460 0.483812
vt 0.204076 0.459772
vt 0.193720 0.500016
vt 0.164222 0.529087
vt 0.575437 0.033942
vt 0.597669 0.007605
vt 0.597893 0.034039
vt 0.623439 0.017230
vt 0.686405 0.034039
vt 0.692015 0.011837
vt 0.723533 0.034039
vt 0.923410 0.995064
vt 0.940429 0.995137
vt 0.923703 0.964712
vt 0.939756 0.952837
vt 0.918974 0.932884
vt 0.932765 0.907175
vt 0.950078 0.906957
vt 0.939756 0.952837
vt 0.940446 0.695989
vt 0.932058 0.685880
vt 0.948749 0.670425
vt 0.931989 0.670280
vt 0.059295 0.052903
vt 0.067753 0.029976
vt 0.031523 0.051622
vt 0.010793 0.032032
vt 0.010845 0.053242
vt 0.943329 0.869833
vt 0.950078 0.906957
vt 0.204076 0.459772
vt 0.176460 0.483812
vt 0.193720 0.500016
vt 0.164222 0.529087
vt 0.011000 0.013868
vt 0.039946 0.012442
vt 0.067753 0.029976
vt 0.064697 0.008596
vt 0.108211 0.011619
vt 0.108211 0.029637
vt 0.142974 0.011861
vt 0.145028 0.030024
vt 0.170298 0.015078
vt 0.170228 0.032298
vt 0.139125 0.053194
vt 0.170073 0.057305
vt 0.100254 0.047438
vt 0.575437 0.033942
vt 0.597669 0.007605
vt 0.597893 0.034039
vt 0.623439 0.017230
vt 0.686405 0.034039
vt 0.692015 0.011837
vt 0.723533 0.034039
vt 0.923410 0.995064
vt 0.940429 0.995137
vt 0.923703 0.964712
vt 0.939756 0.952837
vt 0.918974 0.932884
vt 0.932765 0.907175
vt 0.950078 0.906957
vt 0.939756 0.952837
vt 0.940446 0.695989
vt 0.932058 0.685880
vt 0.948749 0.670425
vt 0.931989 0.670280
vt 0.943329 0.869833
vt 0.950078 0.906957
vt 0.772000 0.453871
vt 0.813771 0.466350
vt 0.757864 0.467366
vt 0.813771 0.494720
vt 0.762904 0.488964
vt 0.714126 0.472227
vt 0.710967 0.487682
vt 0.669852 0.471744
vt 0.670905 0.497670
vt 0.649934 0.489617
vt 0.645015 0.519123
vt 0.627305 0.524564
vt 0.919129 0.559488
vt 0.889545 0.550031
vt 0.888941 0.531796
vt 0.856370 0.529450
vt 0.868642 0.505603
vt 0.813771 0.494720
vt 0.847049 0.481007
vt 0.813771 0.466350
vt 0.772000 0.453871
vt 0.757864 0.467366
vt 0.762904 0.488964
vt 0.714126 0.472227
vt 0.710967 0.487682
vt 0.669852 0.471744
vt 0.670905 0.497670
vt 0.649934 0.489617
vt 0.645015 0.519123
vt 0.627305 0.524564
vt 0.042431 0.438320
vt 0.079076 0.457644
vt 0.068391 0.459772
vt 0.096025 0.483812
vt 0.919129 0.559488
vt 0.889545 0.550031
vt 0.888941 0.531796
vt 0.856370 0.529450
vt 0.868642 0.505603
vt 0.847049 0.481007
vt 0.153658 0.541373
vt 0.118827 0.541373
vt 0.160114 0.480910
vt 0.112371 0.480910
vt 0.112371 0.445841
vt 0.100064 0.460812
vt 0.109678 0.440037
vt 0.080871 0.439867
vt 0.095974 0.413240
vt 0.043484 0.401631
vt 0.039877 0.370480
vt 0.096785 0.379574
vt 0.084530 0.339523
vt 0.136242 0.339547
vt 0.111525 0.277464
vt 0.160960 0.277464
vt 0.152312 0.257704
vt 0.162910 0.265395
vt 0.156420 0.248611
vt 0.168382 0.250183
vt 0.140350 0.222756
vt 0.168658 0.225248
vt 0.141421 0.191098
vt 0.169780 0.178715
vt 0.158733 0.161544
vt 0.181551 0.133392
vt 0.173836 0.116656
vt 0.188594 0.098323
vt 0.180343 0.067366
vt 0.188283 0.077331
vt 0.194480 0.096945
vt 0.193375 0.074573
vt 0.188231 0.040037
vt 0.193409 0.011692
vt 0.188179 0.005404
vt 0.192201 0.135424
vt 0.220042 0.135544
vt 0.233195 0.178352
vt 0.240928 0.139656
vt 0.241549 0.099170
vt 0.254667 0.090221
vt 0.234731 0.074573
vt 0.254822 0.049397
vt 0.234507 0.011716
vt 0.270478 0.011692
vt 0.233609 0.096437
vt 0.309694 0.392368
vt 0.329871 0.399454
vt 0.313094 0.388401
vt 0.322864 0.369392
vt 0.272256 0.367674
vt 0.268648 0.349342
vt 0.232763 0.370480
vt 0.230830 0.343513
vt 0.187938 0.339523
vt 0.225583 0.302108
vt 0.201539 0.287766
vt 0.225324 0.291491
vt 0.207477 0.277391
vt 0.237493 0.278237
vt 0.213259 0.261767
vt 0.232436 0.254874
vt 0.232902 0.225223
vt 0.260139 0.218016
vt 0.233195 0.178352
vt 0.254339 0.152668
vt 0.723533 0.104007
vt 0.696952 0.104732
vt 0.686405 0.075275
vt 0.635987 0.110634
vt 0.597893 0.075275
vt 0.597876 0.106837
vt 0.579286 0.084320
vt 0.575386 0.075444
vt 0.399311 0.463448
vt 0.404679 0.428428
vt 0.368138 0.444269
vt 0.375405 0.395463
vt 0.334152 0.433724
vt 0.329871 0.399454
vt 0.316805 0.399309
vt 0.313577 0.446736
vt 0.257826 0.433724
vt 0.275777 0.399309
vt 0.278987 0.446736
vt 0.316805 0.399309
vt 0.309694 0.392368
vt 0.313094 0.388401
vt 0.322864 0.369392
vt 0.272256 0.367674
vt 0.268648 0.349342
vt 0.232763 0.370480
vt 0.230830 0.343513
vt 0.247987 0.329946
vt 0.225583 0.302108
vt 0.239098 0.308348
vt 0.225324 0.291491
vt 0.237493 0.278237
vt 0.283820 0.299883
vt 0.269839 0.342353
vt 0.324797 0.299883
vt 0.341194 0.342353
vt 0.341833 0.296860
vt 0.090916 0.133392
vt 0.078005 0.096945
vt 0.080284 0.135424
vt 0.074553 0.105168
vt 0.047178 0.104999
vt 0.343300 0.349342
vt 0.078005 0.096945
vt 0.074553 0.105168
vt 0.038858 0.096437
vt 0.052442 0.135544
vt 0.102705 0.178715
vt 0.113735 0.161544
vt 0.098649 0.116656
vt 0.115702 0.130925
vt 0.136242 0.136923
vt 0.156765 0.130925
vt 0.194480 0.096945
vt 0.188283 0.077331
vt 0.193375 0.074573
vt 0.188231 0.040037
vt 0.193409 0.011692
vt 0.188179 0.005404
vt 0.131064 0.191098
vt 0.132134 0.222756
vt 0.103827 0.225248
vt 0.104103 0.250183
vt 0.059226 0.261767
vt 0.065008 0.277391
vt 0.035562 0.278237
vt 0.047471 0.291491
vt 0.070946 0.287766
vt 0.047282 0.302108
vt 0.041844 0.343513
vt 0.116048 0.248611
vt 0.120173 0.257704
vt 0.109558 0.265395
vt 0.109558 0.265395
vt 0.030919 0.099170
vt 0.031557 0.139656
vt 0.039290 0.178352
vt 0.012346 0.218016
vt 0.040153 0.225223
vt 0.040257 0.254874
vt 0.040153 0.225223
vt 0.018146 0.152668
vt 0.017818 0.090221
vt 0.414206 0.395463
vt 0.381014 0.372705
vt 0.435316 0.372947
vt 0.390162 0.339958
vt 0.430777 0.334275
vt 0.395513 0.307937
vt 0.430690 0.305325
vt 0.416140 0.304430
vt 0.444084 0.226360
vt 0.423009 0.264186
vt 0.434194 0.219975
vt 0.416243 0.215404
vt 0.433469 0.199708
vt 0.405214 0.193154
vt 0.396670 0.237171
vt 0.397757 0.263001
vt 0.365411 0.262831
vt 0.362149 0.287355
vt 0.349652 0.258865
vt 0.341850 0.269289
vt 0.342403 0.208923
vt 0.357816 0.237171
vt 0.398344 0.287259
vt 0.377321 0.315942
vt 0.343300 0.349342
vt 0.322864 0.369392
vt 0.440512 0.215211
vt 0.011000 0.013868
vt 0.010793 0.032032
vt 0.039946 0.012442
vt 0.067753 0.029976
vt 0.064697 0.008596
vt 0.108211 0.011619
vt 0.108211 0.029637
vt 0.142974 0.011861
vt 0.145028 0.030024
vt 0.170298 0.015078
vt 0.170228 0.032298
vt 0.139125 0.053194
vt 0.170073 0.057305
vt 0.059295 0.052903
vt 0.100254 0.047438
vt 0.010845 0.053242
vt 0.031523 0.051622
vt 0.067753 0.029976
vt 0.229691 0.401631
vt 0.262711 0.399454
vt 0.279488 0.388401
vt 0.233609 0.096437
vt 0.234731 0.074573
vt 0.193375 0.074573
vt 0.234507 0.011716
vt 0.241549 0.099170
vt 0.234731 0.074573
vt 0.254667 0.090221
vt 0.254822 0.049397
vt 0.270478 0.011692
vt 0.309694 0.392368
vt 0.282888 0.392368
vt 0.279488 0.388401
vt 0.262711 0.399454
vt 0.275777 0.399309
vt 0.279488 0.388401
vt 0.176494 0.413240
vt 0.162806 0.440037
vt 0.160114 0.445841
vt 0.160114 0.480910
vt 0.153658 0.541373
vt 0.164222 0.529087
vt 0.159769 0.555449
vt 0.112716 0.555449
vt 0.112699 0.588075
vt 0.159786 0.588075
vt 0.112872 0.623917
vt 0.159958 0.624256
vt 0.547544 0.085118
vt 0.570173 0.080886
vt 0.547544 0.033966
vt 0.575386 0.075444
vt 0.575437 0.033942
vt 0.575437 0.033942
vt 0.575386 0.075444
vt 0.597893 0.034039
vt 0.597893 0.075275
vt 0.686405 0.075275
vt 0.686405 0.034039
vt 0.723533 0.034039
vt 0.723533 0.075275
vt 0.309694 0.392368
vt 0.282888 0.392368
vt 0.279488 0.388401
vt 0.262711 0.399454
vt 0.275777 0.399309
vt 0.334152 0.433724
vt 0.316805 0.399309
vt 0.375405 0.395463
vt 0.381014 0.372705
vt 0.414206 0.395463
vt 0.435316 0.372947
vt 0.434384 0.396213
vt 0.496280 0.372947
vt 0.497212 0.396213
vt 0.517373 0.395463
vt 0.526918 0.428428
vt 0.499387 0.478975
vt 0.532269 0.463448
vt 0.520221 0.496533
vt 0.504376 0.527249
vt 0.465798 0.530538
vt 0.479969 0.562172
vt 0.451627 0.562172
vt 0.427204 0.527249
vt 0.432209 0.478975
vt 0.411376 0.496533
vt 0.399311 0.463448
vt 0.404679 0.428428
vt 0.368138 0.444269
vt 0.322864 0.369392
vt 0.343300 0.349342
vt 0.390162 0.339958
vt 0.377321 0.315942
vt 0.395513 0.307937
vt 0.362149 0.287355
vt 0.398344 0.287259
vt 0.397757 0.263001
vt 0.423009 0.264186
vt 0.416243 0.215404
vt 0.434194 0.219975
vt 0.433469 0.199708
vt 0.440512 0.215211
vt 0.491068 0.215211
vt 0.444084 0.226360
vt 0.487495 0.226360
vt 0.430690 0.305325
vt 0.500906 0.305325
vt 0.500820 0.334275
vt 0.430777 0.334275
vt 0.446069 0.138229
vt 0.485510 0.138229
vt 0.498127 0.199708
vt 0.416140 0.304430
vt 0.341194 0.342353
vt 0.341833 0.296860
vt 0.341850 0.269289
vt 0.349652 0.258865
vt 0.342403 0.208923
vt 0.357816 0.237171
vt 0.365411 0.262831
vt 0.396670 0.237171
vt 0.405214 0.193154
vt 0.437146 0.124226
vt 0.405058 0.125024
vt 0.422474 0.110972
vt 0.442548 0.118953
vt 0.324797 0.299883
vt 0.269839 0.342353
vt 0.247987 0.329946
vt 0.239098 0.308348
vt 0.283820 0.299883
vt 0.343300 0.349342
vt 0.160114 0.445841
vt 0.162806 0.440037
vt 0.175683 0.379574
vt 0.232902 0.225223
vt 0.575437 0.033942
vt 0.575386 0.075444
vt 0.597893 0.034039
vt 0.597893 0.075275
vt 0.686405 0.075275
vt 0.686405 0.034039
vt 0.723533 0.034039
vt 0.723533 0.075275
vt 0.528074 0.069882
vt 0.526521 0.125024
vt 0.518736 0.082482
vt 0.509122 0.110972
vt 0.495417 0.104370
vt 0.489031 0.118953
vt 0.436162 0.104370
vt 0.412843 0.082482
vt 0.403505 0.069882
vt 0.420127 0.059990
vt 0.407130 0.034595
vt 0.433348 0.046664
vt 0.414862 0.016190
vt 0.410668 0.006831
vt 0.498231 0.046664
vt 0.493381 0.073074
vt 0.465781 0.058998
vt 0.465781 0.077887
vt 0.438199 0.073074
vt 0.495417 0.104370
vt 0.518736 0.082482
vt 0.511452 0.059990
vt 0.524450 0.034595
vt 0.516717 0.016190
vt 0.520911 0.006831
vt 0.528074 0.069882
vt 0.433469 0.199708
vt 0.437146 0.124226
vt 0.442548 0.118953
vt 0.485510 0.138229
vt 0.494433 0.124226
vt 0.526383 0.193154
vt 0.092142 0.067366
vt 0.083874 0.098323
vt 0.084202 0.077331
vt 0.194480 0.096945
vt 0.197914 0.105168
vt 0.233609 0.096437
vt 0.225307 0.104999
vt 0.220042 0.135544
vt 0.225307 0.104999
vt 0.234731 0.074573
vt 0.193375 0.074573
vt 0.547544 0.085118
vt 0.570173 0.080886
vt 0.547544 0.033966
vt 0.575386 0.075444
vt 0.575437 0.033942
vt 0.597669 0.007605
vt 0.575437 0.033942
vt 0.594838 0.003469
vt 0.575386 0.075444
vt 0.579286 0.084320
vt 0.597893 0.075275
vt 0.597876 0.106837
vt 0.635987 0.110634
vt 0.686405 0.075275
vt 0.696952 0.104732
vt 0.723533 0.104007
vt 0.594838 0.003469
vt 0.575437 0.033942
vt 0.597669 0.007605
vt 0.009774 0.399454
vt 0.014659 0.433724
vt 0.118827 0.541373
vt 0.108246 0.529087
vt 0.112716 0.555449
vt 0.700076 0.462190
vt 0.700076 0.462190
vt 0.741484 0.333404
vt 0.716853 0.344287
vt 0.716853 0.344287
vt 0.698298 0.347286
vt 0.996560 0.535907
vt 0.982890 0.524129
vt 0.963972 0.535907
vt 0.945020 0.524056
vt 0.931367 0.535907
vt 0.939445 0.553998
vt 0.952529 0.553998
vt 0.939445 0.563333
vt 0.971187 0.563333
vt 0.939445 0.618451
vt 0.971187 0.618451
vt 0.939445 0.650690
vt 0.741536 0.306510
vt 0.714074 0.326753
vt 0.723481 0.327817
vt 0.716853 0.344287
vt 0.939445 0.553998
vt 0.952529 0.553998
vt 0.939445 0.563333
vt 0.971187 0.563333
vt 0.939445 0.618451
vt 0.971187 0.618451
vt 0.939445 0.650690
vt 0.719891 0.372995
vt 0.718372 0.377784
vt 0.696883 0.377856
vt 0.696451 0.381871
vt 0.685232 0.380227
vt 0.679950 0.387821
vt 0.673719 0.389030
vt 0.669818 0.402912
vt 0.741536 0.306510
vt 0.714074 0.326753
vt 0.723481 0.327817
vt 0.716853 0.344287
vt 0.698298 0.347286
vt 0.716853 0.344287
vt 0.716853 0.344287
vt 0.741484 0.333404
vt 0.648795 0.376357
vt 0.680105 0.359282
vt 0.643409 0.365861
vt 0.659997 0.354010
vt 0.636937 0.356453
vt 0.679622 0.351204
vt 0.698298 0.347286
vt 0.716853 0.344287
vt 0.551290 0.099605
vt 0.615223 0.116220
vt 0.551186 0.130635
vt 0.597772 0.142921
vt 0.551100 0.167493
vt 0.585811 0.175039
vt 0.550979 0.200748
vt 0.580874 0.202054
vt 0.580874 0.261961
vt 0.550979 0.263267
vt 0.585811 0.288976
vt 0.551152 0.296691
vt 0.597772 0.321094
vt 0.551186 0.333380
vt 0.615223 0.347794
vt 0.551290 0.364409
vt 0.535893 0.168388
vt 0.534046 0.193879
vt 0.550979 0.200748
vt 0.534012 0.232019
vt 0.550979 0.263267
vt 0.534046 0.270135
vt 0.551152 0.296691
vt 0.535997 0.295965
vt 0.984599 0.504974
vt 0.943260 0.504974
vt 0.986843 0.482240
vt 0.941016 0.482240
vt 0.963938 0.448647
vt 0.939445 0.447703
vt 0.963938 0.411522
vt 0.938996 0.411522
vt 0.940032 0.377373
vt 0.963938 0.376599
vt 0.938789 0.345206
vt 0.989069 0.345206
vt 0.984685 0.317297
vt 0.943173 0.317297
vt 0.983684 0.296884
vt 0.944175 0.296884
vt 0.983684 0.263702
vt 0.944175 0.263702
vt 0.983684 0.250570
vt 0.944175 0.250570
vt 0.904631 0.256495
vt 0.901455 0.244112
vt 0.883210 0.267064
vt 0.876082 0.256761
vt 0.859511 0.281382
vt 0.873751 0.281527
vt 0.868660 0.302423
vt 0.902369 0.312992
vt 0.889338 0.327309
vt 0.898141 0.354784
vt 0.875339 0.367408
vt 0.900212 0.381194
vt 0.876392 0.389175
vt 0.901817 0.411498
vt 0.876064 0.411547
vt 0.902715 0.445188
vt 0.874614 0.439722
vt 0.899711 0.475057
vt 0.871369 0.471405
vt 0.886196 0.502580
vt 0.875115 0.499460
vt 0.887146 0.518155
vt 0.909843 0.523694
vt 0.923928 0.504853
vt 0.935613 0.482409
vt 0.939445 0.447703
vt 0.909325 0.411498
vt 0.938996 0.411522
vt 0.912139 0.379598
vt 0.936891 0.377373
vt 0.911069 0.349511
vt 0.930711 0.345206
vt 0.918163 0.307332
vt 0.904631 0.256495
vt 0.918180 0.263799
vt 0.918232 0.250328
vt 0.883210 0.267064
vt 0.930901 0.317611
vt 0.926672 0.296884
vt 0.847222 0.325495
vt 0.865829 0.349149
vt 0.846411 0.368666
vt 0.862860 0.378292
vt 0.849777 0.408572
vt 0.860426 0.408572
vt 0.852728 0.435514
vt 0.855662 0.469156
vt 0.719891 0.372995
vt 0.718372 0.377784
vt 0.696883 0.377856
vt 0.696451 0.381871
vt 0.685232 0.380227
vt 0.679950 0.387821
vt 0.673719 0.389030
vt 0.669818 0.402912
vt 0.673719 0.389030
vt 0.668541 0.380831
vt 0.685232 0.380227
vt 0.680727 0.367626
vt 0.696883 0.377856
vt 0.716853 0.344287
vt 0.719891 0.372995
vt 0.741605 0.369077
vt 0.741484 0.333404
vt 0.749372 0.335871
vt 0.749372 0.330381
vt 0.741536 0.306510
vt 0.767772 0.330381
vt 0.781114 0.291491
vt 0.741484 0.288032
vt 0.748440 0.277875
vt 0.698091 0.284042
vt 0.788536 0.277197
vt 0.788536 0.291491
vt 0.788536 0.338386
vt 0.833552 0.343973
vt 0.796286 0.369077
vt 0.822936 0.370964
vt 0.796286 0.387627
vt 0.741605 0.387627
vt 0.741605 0.369077
vt 0.749372 0.338362
vt 0.749372 0.330332
vt 0.816947 0.276690
vt 0.904631 0.256495
vt 0.883210 0.267064
vt 0.902369 0.312992
vt 0.873751 0.281527
vt 0.783237 0.406250
vt 0.737566 0.405065
vt 0.721807 0.389538
vt 0.718372 0.377784
vt 0.721807 0.389538
vt 0.696451 0.381871
vt 0.699144 0.393891
vt 0.679950 0.387821
vt 0.697331 0.405694
vt 0.719200 0.404049
vt 0.713832 0.412006
vt 0.987844 0.377373
vt 0.988862 0.411522
vt 0.988465 0.447703
vt 0.911069 0.349511
vt 0.898141 0.354784
vt 0.912139 0.379598
vt 0.900212 0.381194
vt 0.909325 0.411498
vt 0.901817 0.411498
vt 0.902715 0.445188
vt 0.632604 0.386684
vt 0.635280 0.369658
vt 0.640596 0.379525
vt 0.643409 0.365861
vt 0.648795 0.376357
vt 0.680105 0.359282
vt 0.600793 0.435708
vt 0.602554 0.427944
vt 0.639146 0.427944
vt 0.640596 0.379525
vt 0.716853 0.344287
vt 0.698298 0.347286
vt 0.679622 0.351204
vt 0.659997 0.354010
vt 0.636937 0.356453
vt 0.620850 0.372245
vt 0.609095 0.386684
vt 0.601086 0.379525
vt 0.593992 0.376357
vt 0.598290 0.365861
vt 0.606420 0.369658
vt 0.604763 0.356453
vt 0.620850 0.358750
vt 0.716853 0.344287
vt 0.680105 0.359282
vt 0.680727 0.367626
vt 0.668541 0.380831
vt 0.571813 0.402937
vt 0.600793 0.435708
vt 0.555242 0.442286
vt 0.551324 0.421729
vt 0.542159 0.442213
vt 0.783237 0.406250
vt 0.737566 0.405065
vt 0.741605 0.387627
vt 0.721807 0.389538
vt 0.741605 0.369077
vt 0.600914 0.461392
vt 0.640786 0.461392
vt 0.640907 0.435708
vt 0.686457 0.442286
vt 0.690375 0.421729
vt 0.699541 0.442213
vt 0.741536 0.306510
vt 0.723481 0.327817
vt 0.741484 0.333404
vt 0.716853 0.344287
vt 0.723481 0.327817
vt 0.716853 0.344287
vt 0.680105 0.359282
vt 0.698091 0.284042
vt 0.748440 0.277875
vt 0.741484 0.288032
vt 0.781114 0.291491
vt 0.767772 0.330381
vt 0.749372 0.330381
vt 0.749372 0.335871
vt 0.719891 0.372995
vt 0.696883 0.377856
vt 0.685232 0.380227
vt 0.673719 0.389030
vt 0.718372 0.377784
vt 0.721807 0.389538
vt 0.696451 0.381871
vt 0.699144 0.393891
vt 0.679950 0.387821
vt 0.697331 0.405694
vt 0.719200 0.404049
vt 0.713832 0.412006
vt 0.788536 0.277197
vt 0.788536 0.291491
vt 0.788536 0.338386
vt 0.833552 0.343973
vt 0.796286 0.369077
vt 0.822936 0.370964
vt 0.796286 0.387627
vt 0.741605 0.369077
vt 0.749372 0.338362
vt 0.749372 0.330332
vt 0.816947 0.276690
vt 0.904631 0.256495
vt 0.901455 0.244112
vt 0.883210 0.267064
vt 0.876082 0.256761
vt 0.859511 0.281382
vt 0.868660 0.302423
vt 0.889338 0.327309
vt 0.875339 0.367408
vt 0.876392 0.389175
vt 0.876064 0.411547
vt 0.874614 0.439722
vt 0.899711 0.475057
vt 0.871369 0.471405
vt 0.886196 0.502531
vt 0.875115 0.499460
vt 0.887146 0.518155
vt 0.909843 0.523694
vt 0.923928 0.504853
vt 0.935613 0.482409
vt 0.936891 0.377373
vt 0.930711 0.345206
vt 0.918163 0.307332
vt 0.918180 0.263799
vt 0.918232 0.250328
vt 0.919941 0.056410
vt 0.933974 0.068769
vt 0.948006 0.056410
vt 0.959916 0.079531
vt 0.966596 0.065697
vt 0.972551 0.080910
vt 0.972396 0.097332
vt 0.984409 0.097235
vt 0.981872 0.146815
vt 0.994196 0.134674
vt 0.994782 0.154748
vt 0.979524 0.171677
vt 0.961193 0.179296
vt 0.972706 0.195983
vt 0.933974 0.186672
vt 0.933974 0.210156
vt 0.959968 0.210761
vt 0.933974 0.217266
vt 0.860426 0.408572
vt 0.862860 0.378292
vt 0.865829 0.349149
vt 0.847222 0.325495
vt 0.846411 0.368666
vt 0.849777 0.408572
vt 0.852728 0.435514
vt 0.855662 0.469156
vt 0.780406 0.263871
vt 0.761368 0.243072
vt 0.754291 0.266000
vt 0.730385 0.229456
vt 0.732318 0.267282
vt 0.700421 0.268805
vt 0.700421 0.227086
vt 0.670457 0.229456
vt 0.668523 0.267282
vt 0.646413 0.266000
vt 0.639474 0.243072
vt 0.620539 0.263871
vt 0.800843 0.105023
vt 0.779543 0.094599
vt 0.808040 0.091140
vt 0.810043 0.061876
vt 0.824921 0.064053
vt 0.841802 0.091140
vt 0.839800 0.061876
vt 0.870299 0.094599
vt 0.853919 0.055515
vt 0.866606 0.045285
vt 0.880483 0.080717
vt 0.892237 0.042673
vt 0.875926 0.031620
vt 0.882209 0.016094
vt 0.884850 0.005210
vt 0.795906 0.055515
vt 0.783220 0.045285
vt 0.769342 0.080717
vt 0.757588 0.042673
vt 0.773899 0.031620
vt 0.767616 0.016094
vt 0.764975 0.005210
vt 0.933974 0.217266
vt 0.959968 0.210761
vt 0.933974 0.210156
vt 0.972706 0.195983
vt 0.933974 0.186672
vt 0.961193 0.179296
vt 0.979524 0.171677
vt 0.981872 0.146815
vt 0.994782 0.154748
vt 0.994196 0.134674
vt 0.984409 0.097235
vt 0.972396 0.097332
vt 0.972551 0.080910
vt 0.959916 0.079531
vt 0.966596 0.065697
vt 0.948006 0.056410
vt 0.933974 0.068769
vt 0.930901 0.317611
vt 0.926672 0.296884
vt 0.849000 0.105023
vt 0.749372 0.338362
vt 0.749372 0.330332
vt 0.767772 0.330381
vt 0.685767 0.157214
vt 0.665054 0.175958
vt 0.658357 0.152982
vt 0.636419 0.180650
vt 0.627771 0.161568
vt 0.609078 0.202296
vt 0.598135 0.178957
vt 0.580874 0.202054
vt 0.605436 0.232019
vt 0.609078 0.261719
vt 0.598135 0.285082
vt 0.627771 0.302447
vt 0.636419 0.283389
vt 0.658357 0.311057
vt 0.665054 0.288057
vt 0.685767 0.306824
vt 0.749372 0.338362
vt 0.767772 0.330381
vt 0.749372 0.330332
vt 0.120104 0.992984
vt 0.120380 0.970226
vt 0.152174 0.992984
vt 0.152208 0.970613
vt 0.189112 0.992984
vt 0.188818 0.971121
vt 0.218524 0.992984
vt 0.217505 0.971653
vt 0.186799 0.950079
vt 0.214502 0.948653
vt 0.183019 0.925918
vt 0.209634 0.924056
vt 0.178945 0.904176
vt 0.203144 0.899847
vt 0.175441 0.882046
vt 0.195394 0.882046
vt 0.152174 0.992984
vt 0.152208 0.970613
vt 0.189112 0.992984
vt 0.188818 0.971121
vt 0.218524 0.992984
vt 0.217505 0.971653
vt 0.186799 0.950079
vt 0.214502 0.948653
vt 0.183019 0.925918
vt 0.209634 0.924056
vt 0.178945 0.904176
vt 0.203144 0.899847
vt 0.175441 0.882046
vt 0.195394 0.882046
vt 0.121226 0.946718
vt 0.151863 0.947080
vt 0.150983 0.925846
vt 0.150327 0.903861
vt 0.150241 0.882312
vt 0.150569 0.860908
vt 0.127871 0.863593
vt 0.126438 0.877862
vt 0.124384 0.900306
vt 0.122607 0.923065
vt 0.120104 0.992984
vt 0.120380 0.970226
vt 0.152174 0.992984
vt 0.121226 0.946718
vt 0.151863 0.947080
vt 0.150983 0.925846
vt 0.150327 0.903861
vt 0.150241 0.882312
vt 0.150569 0.860908
vt 0.127871 0.863593
vt 0.126438 0.877862
vt 0.124384 0.900306
vt 0.122607 0.923065
vt 0.247884 0.458103
vt 0.242930 0.463835
vt 0.260950 0.499363
vt 0.248194 0.499363
vt 0.285667 0.499363
vt 0.309469 0.499363
vt 0.304412 0.462070
vt 0.323778 0.499363
vt 0.309383 0.456168
vt 0.247884 0.458103
vt 0.242930 0.463835
vt 0.224565 0.456168
vt 0.229432 0.462070
vt 0.210273 0.499363
vt 0.224375 0.499363
vt 0.285857 0.458103
vt 0.272704 0.499363
vt 0.290932 0.463835
vt 0.304412 0.462070
vt 0.309383 0.456168
vt 0.848430 0.129643
vt 0.801223 0.137721
vt 0.803932 0.129643
vt 0.775988 0.126475
vt 0.808955 0.124274
vt 0.785757 0.112980
vt 0.810284 0.118300
vt 0.700317 0.156731
vt 0.725414 0.177772
vt 0.723308 0.134456
vt 0.746662 0.156561
vt 0.741035 0.122944
vt 0.772190 0.148943
vt 0.758762 0.111432
vt 0.768773 0.095687
vt 0.754688 0.084054
vt 0.750753 0.088819
vt 0.745488 0.095131
vt 0.742364 0.099267
vt 0.711071 0.118978
vt 0.684300 0.143284
vt 0.906201 0.810603
vt 0.872163 0.817665
vt 0.906201 0.881272
vt 0.877135 0.885239
vt 0.897226 0.937503
vt 0.862066 0.932594
vt 0.884194 0.968823
vt 0.883348 0.981061
vt 0.853004 0.971653
vt 0.850674 0.982971
vt 0.816049 0.976659
vt 0.818966 0.988244
vt 0.773899 0.980867
vt 0.771276 0.992476
vt 0.685318 0.972088
vt 0.719131 0.974120
vt 0.698194 0.982246
vt 0.773899 0.980867
vt 0.506033 0.692555
vt 0.527643 0.697271
vt 0.597600 0.692652
vt 0.571951 0.697271
vt 0.006391 0.520308
vt 0.008342 0.501564
vt 0.017145 0.527442
vt 0.020027 0.495518
vt 0.079680 0.495518
vt 0.059071 0.479967
vt 0.075468 0.480063
vt 0.062971 0.466520
vt 0.040619 0.479967
vt 0.024221 0.480063
vt 0.036718 0.466520
vt 0.093298 0.520308
vt 0.091348 0.501564
vt 0.082545 0.527442
vt 0.029745 0.548362
vt 0.079870 0.548362
vt 0.029193 0.566139
vt 0.087222 0.580335
vt 0.012363 0.580335
vt 0.019043 0.613082
vt 0.080525 0.613082
vt 0.049784 0.627037
vt 0.777127 0.518905
vt 0.753998 0.510150
vt 0.749251 0.521444
vt 0.717440 0.510271
vt 0.720892 0.521493
vt 0.693241 0.519219
vt 0.701457 0.532400
vt 0.667332 0.534456
vt 0.720892 0.521493
vt 0.765390 0.532618
vt 0.805935 0.531699
vt 0.285667 0.499363
vt 0.309469 0.499363
vt 0.304412 0.462070
vt 0.323778 0.499363
vt 0.309383 0.456168
vt 0.272704 0.499363
vt 0.285857 0.458103
vt 0.290932 0.463835
vt 0.309383 0.456168
vt 0.304412 0.462070
vt 0.876271 0.126475
vt 0.844339 0.121880
vt 0.848430 0.129643
vt 0.808955 0.124274
vt 0.803932 0.129643
vt 0.848430 0.129643
vt 0.801223 0.137721
vt 0.803932 0.129643
vt 0.775988 0.126475
vt 0.808955 0.124274
vt 0.785757 0.112980
vt 0.810284 0.118300
vt 0.700317 0.156731
vt 0.725414 0.177772
vt 0.723308 0.134456
vt 0.746662 0.156561
vt 0.741035 0.122944
vt 0.772190 0.148943
vt 0.758762 0.111432
vt 0.768773 0.095687
vt 0.754688 0.084054
vt 0.750753 0.088819
vt 0.745488 0.095131
vt 0.742364 0.099267
vt 0.711071 0.118978
vt 0.684300 0.143284
vt 0.771276 0.992476
vt 0.773899 0.980867
vt 0.698194 0.982246
vt 0.719131 0.974120
vt 0.685318 0.972088
vt 0.884194 0.968823
vt 0.883348 0.981061
vt 0.853004 0.971653
vt 0.850674 0.982971
vt 0.816049 0.976659
vt 0.818966 0.988244
vt 0.773899 0.980867
vt 0.685318 0.972088
vt 0.689340 0.928724
vt 0.633640 0.971895
vt 0.630671 0.928724
vt 0.599240 0.972572
vt 0.546647 0.916849
vt 0.543350 0.978932
vt 0.497592 0.937503
vt 0.508121 0.881272
vt 0.543436 0.871139
vt 0.541451 0.823155
vt 0.505964 0.810942
vt 0.548528 0.794326
vt 0.583135 0.860763
vt 0.635435 0.868019
vt 0.599895 0.853218
vt 0.634158 0.852371
vt 0.628997 0.801509
vt 0.600154 0.792996
vt 0.576507 0.782040
vt 0.602847 0.781025
vt 0.586847 0.763466
vt 0.631551 0.752655
vt 0.633778 0.780759
vt 0.642874 0.761241
vt 0.693810 0.752365
vt 0.679139 0.761048
vt 0.688080 0.780759
vt 0.633778 0.780759
vt 0.695105 0.801509
vt 0.628997 0.801509
vt 0.634158 0.852371
vt 0.686112 0.852395
vt 0.635435 0.868019
vt 0.684403 0.868188
vt 0.734994 0.861707
vt 0.719874 0.854064
vt 0.719977 0.794036
vt 0.695105 0.801509
vt 0.777127 0.518905
vt 0.753998 0.510150
vt 0.749251 0.521444
vt 0.717440 0.510271
vt 0.720892 0.521493
vt 0.693241 0.519219
vt 0.701457 0.532400
vt 0.667332 0.534456
vt 0.688080 0.780759
vt 0.716352 0.781871
vt 0.740621 0.783080
vt 0.768497 0.795487
vt 0.774003 0.824582
vt 0.769808 0.870075
vt 0.807160 0.881151
vt 0.766546 0.917913
vt 0.804623 0.938301
vt 0.816049 0.976659
vt 0.853004 0.971653
vt 0.862066 0.932594
vt 0.844944 0.885190
vt 0.889545 0.550031
vt 0.854627 0.555159
vt 0.856370 0.529450
vt 0.805935 0.531699
vt 0.813771 0.494720
vt 0.772639 0.508747
vt 0.762904 0.488964
vt 0.703390 0.508602
vt 0.710967 0.487682
vt 0.670905 0.497670
vt 0.667332 0.534456
vt 0.645015 0.519123
vt 0.643875 0.550080
vt 0.627305 0.524564
vt 0.617104 0.550805
vt 0.603607 0.588703
vt 0.589039 0.567541
vt 0.545093 0.597459
vt 0.545887 0.574483
vt 0.501510 0.570516
vt 0.508380 0.559657
vt 0.684714 0.718893
vt 0.684489 0.680583
vt 0.643565 0.684864
vt 0.643841 0.625925
vt 0.585517 0.635502
vt 0.597600 0.692652
vt 0.506033 0.692555
vt 0.507983 0.634655
vt 0.889476 0.213663
vt 0.866140 0.193033
vt 0.902525 0.198499
vt 0.876858 0.179949
vt 0.905597 0.156561
vt 0.926845 0.177772
vt 0.928951 0.134456
vt 0.951942 0.156731
vt 0.941188 0.118978
vt 0.967960 0.143284
vt 0.841509 0.219322
vt 0.858683 0.224933
vt 0.840991 0.213735
vt 0.863326 0.205730
vt 0.849500 0.189429
vt 0.876858 0.179949
vt 0.847861 0.171218
vt 0.852072 0.167009
vt 0.880069 0.148943
vt 0.911224 0.122944
vt 0.909826 0.099339
vt 0.927225 0.084731
vt 0.923686 0.080934
vt 0.906736 0.095155
vt 0.918387 0.074646
vt 0.901282 0.088698
vt 0.914383 0.069954
vt 0.897139 0.083836
vt 0.883331 0.095518
vt 0.893498 0.111432
vt 0.864465 0.110319
vt 0.844339 0.121880
vt 0.839541 0.114527
vt 0.810284 0.118300
vt 0.698194 0.982246
vt 0.633640 0.971895
vt 0.621161 0.982318
vt 0.599240 0.972572
vt 0.543350 0.978932
vt 0.553240 0.987978
vt 0.496919 0.980601
vt 0.505964 0.810942
vt 0.506654 0.791327
vt 0.551531 0.794326
vt 0.518443 0.774495
vt 0.563303 0.761918
vt 0.523587 0.750261
vt 0.586191 0.743562
vt 0.527643 0.697271
vt 0.477829 0.968823
vt 0.501148 0.970830
vt 0.480401 0.980118
vt 0.551531 0.794326
vt 0.576507 0.782040
vt 0.563303 0.761918
vt 0.586847 0.763466
vt 0.631551 0.752655
vt 0.632604 0.733863
vt 0.597600 0.692652
vt 0.643012 0.719038
vt 0.643565 0.684864
vt 0.684714 0.718893
vt 0.632604 0.733863
vt 0.694259 0.734057
vt 0.631551 0.752655
vt 0.693810 0.752365
vt 0.847861 0.171218
vt 0.876858 0.179949
vt 0.849500 0.189429
vt 0.866140 0.193033
vt 0.863326 0.205730
vt 0.840991 0.213735
vt 0.858683 0.224933
vt 0.841509 0.219322
vt 0.852072 0.167009
vt 0.804399 0.171218
vt 0.847861 0.171218
vt 0.802862 0.189429
vt 0.811372 0.213735
vt 0.840991 0.213735
vt 0.810854 0.219322
vt 0.889476 0.213663
vt 0.902525 0.198499
vt 0.876858 0.179949
vt 0.905597 0.156561
vt 0.926845 0.177772
vt 0.928951 0.134456
vt 0.951942 0.156731
vt 0.941188 0.118978
vt 0.967960 0.143284
vt 0.496919 0.980601
vt 0.553240 0.987978
vt 0.543350 0.978932
vt 0.621161 0.982318
vt 0.599240 0.972572
vt 0.633640 0.971895
vt 0.698194 0.982246
vt 0.571951 0.697271
vt 0.477829 0.968823
vt 0.497592 0.937503
vt 0.501148 0.970830
vt 0.543350 0.978932
vt 0.480401 0.980118
vt 0.586191 0.743562
vt 0.571951 0.697271
vt 0.527643 0.697271
vt 0.506654 0.791327
vt 0.551531 0.794326
vt 0.518443 0.774495
vt 0.563303 0.761918
vt 0.523587 0.750261
vt 0.597600 0.692652
vt 0.527643 0.697271
vt 0.571951 0.697271
vt 0.247884 0.458103
vt 0.242930 0.463835
vt 0.224565 0.456168
vt 0.229432 0.462070
vt 0.210273 0.499363
vt 0.224375 0.499363
vt 0.242930 0.463835
vt 0.248194 0.499363
vt 0.906201 0.810603
vt 0.872163 0.817665
vt 0.906201 0.881272
vt 0.877135 0.885239
vt 0.897226 0.937503
vt 0.862066 0.932594
vt 0.782547 0.250231
vt 0.792730 0.236590
vt 0.769877 0.239227
vt 0.793680 0.224933
vt 0.789037 0.205730
vt 0.786171 0.193033
vt 0.775401 0.179949
vt 0.804399 0.171218
vt 0.159958 0.624256
vt 0.167432 0.594363
vt 0.159786 0.588075
vt 0.173059 0.561181
vt 0.159769 0.555449
vt 0.164222 0.529087
vt 0.186384 0.528192
vt 0.193720 0.500016
vt 0.006391 0.520308
vt 0.008342 0.501564
vt 0.017145 0.527442
vt 0.020027 0.495518
vt 0.079680 0.495518
vt 0.059071 0.479967
vt 0.075468 0.480063
vt 0.062971 0.466520
vt 0.782547 0.250231
vt 0.809559 0.259010
vt 0.792730 0.236590
vt 0.811769 0.243241
vt 0.809818 0.227932
vt 0.842562 0.227932
vt 0.840594 0.243241
vt 0.792730 0.236590
vt 0.769877 0.239227
vt 0.793680 0.224933
vt 0.789037 0.205730
vt 0.811372 0.213735
vt 0.802862 0.189429
vt 0.786171 0.193033
vt 0.775401 0.179949
vt 0.804399 0.171218
vt 0.852072 0.167009
vt 0.804399 0.171218
vt 0.847861 0.171218
vt 0.840991 0.213735
vt 0.810854 0.219322
vt 0.810854 0.219322
vt 0.841509 0.219322
vt 0.858683 0.224933
vt 0.859632 0.236590
vt 0.840594 0.243241
vt 0.842803 0.259010
vt 0.869816 0.250231
vt 0.882485 0.239227
vt 0.801223 0.137721
vt 0.851037 0.137721
vt 0.800187 0.167009
vt 0.775401 0.179949
vt 0.876271 0.126475
vt 0.093298 0.520308
vt 0.091348 0.501564
vt 0.082545 0.527442
vt 0.029745 0.548362
vt 0.079870 0.548362
vt 0.029193 0.566139
vt 0.087222 0.580335
vt 0.012363 0.580335
vt 0.019043 0.613082
vt 0.080525 0.613082
vt 0.049784 0.627037
vt 0.809559 0.259010
vt 0.792730 0.236590
vt 0.811769 0.243241
vt 0.809818 0.227932
vt 0.842562 0.227932
vt 0.840594 0.243241
vt 0.851037 0.137721
vt 0.836900 0.259179
vt 0.842803 0.259010
vt 0.260950 0.499363
vt 0.247884 0.458103
vt 0.808955 0.124274
vt 0.810284 0.118300
vt 0.844339 0.121880
vt 0.839541 0.114527
vt 0.864465 0.110319
vt 0.876271 0.126475
vt 0.893498 0.111432
vt 0.883331 0.095518
vt 0.901282 0.088698
vt 0.897139 0.083836
vt 0.914383 0.069954
vt 0.918387 0.074646
vt 0.906736 0.095155
vt 0.923686 0.080934
vt 0.909826 0.099339
vt 0.927225 0.084731
vt 0.911224 0.122944
vt 0.880069 0.148943
vt 0.852072 0.167009
vt 0.851037 0.137721
vt 0.848844 0.817665
vt 0.812045 0.810313
vt 0.819709 0.791158
vt 0.842096 0.808402
vt 0.915505 0.791473
vt 0.882917 0.808160
vt 0.915401 0.810603
vt 0.872163 0.817665
vt 0.928951 0.774495
vt 0.858700 0.775728
vt 0.798323 0.773479
vt 0.754999 0.767360
vt 0.730696 0.764361
vt 0.693810 0.752365
vt 0.716922 0.680051
vt 0.684489 0.680583
vt 0.731438 0.692821
vt 0.694259 0.734057
vt 0.729902 0.739958
vt 0.782512 0.745666
vt 0.859598 0.748471
vt 0.861099 0.692652
vt 0.788105 0.685251
vt 0.731438 0.692821
vt 0.752220 0.679906
vt 0.757312 0.609067
vt 0.713919 0.609237
vt 0.753998 0.510150
vt 0.777127 0.518905
vt 0.797529 0.617581
vt 0.856336 0.629214
vt 0.858700 0.775728
vt 0.933956 0.750261
vt 0.916420 0.692555
vt 0.918957 0.635018
vt 0.854627 0.555159
vt 0.911518 0.570347
vt 0.919129 0.559488
vt 0.800187 0.167009
vt 0.736116 0.187083
vt 0.749734 0.198499
vt 0.758261 0.215501
vt 0.684489 0.680583
vt 0.643841 0.625925
vt 0.585517 0.635502
vt 0.507983 0.634655
vt 0.545093 0.597459
vt 0.501510 0.570516
vt 0.746662 0.156561
vt 0.725414 0.177772
vt 0.716922 0.680051
vt 0.684489 0.680583
vt 0.731438 0.692821
vt 0.729902 0.739958
vt 0.693810 0.752365
vt 0.730696 0.764361
vt 0.754999 0.767360
vt 0.782512 0.745666
vt 0.798323 0.773479
vt 0.858700 0.775728
vt 0.859598 0.748471
vt 0.861099 0.692652
vt 0.788105 0.685251
vt 0.731438 0.692821
vt 0.752220 0.679906
vt 0.757312 0.609067
vt 0.713919 0.609237
vt 0.753998 0.510150
vt 0.777127 0.518905
vt 0.797529 0.617581
vt 0.805935 0.531699
vt 0.854627 0.555159
vt 0.856336 0.629214
vt 0.928951 0.774495
vt 0.858700 0.775728
vt 0.933956 0.750261
vt 0.916420 0.692555
vt 0.918957 0.635018
vt 0.854627 0.555159
vt 0.911518 0.570347
vt 0.889545 0.550031
vt 0.919129 0.559488
vt 0.862066 0.932594
vt 0.844944 0.885190
vt 0.804623 0.938301
vt 0.807160 0.881151
vt 0.766546 0.917913
vt 0.695105 0.801509
vt 0.688080 0.780759
vt 0.719977 0.794036
vt 0.716352 0.781871
vt 0.740621 0.783080
vt 0.768497 0.795487
vt 0.734994 0.861707
vt 0.774003 0.824582
vt 0.769808 0.870075
vt 0.689340 0.928724
vt 0.816049 0.976659
vt 0.853004 0.971653
vt 0.685318 0.972088
vt 0.633640 0.971895
vt 0.630671 0.928724
vt 0.599240 0.972572
vt 0.546647 0.916849
vt 0.508121 0.881272
vt 0.543436 0.871139
vt 0.541451 0.823155
vt 0.548528 0.794326
vt 0.583135 0.860763
vt 0.635435 0.868019
vt 0.599895 0.853218
vt 0.634158 0.852371
vt 0.628997 0.801509
vt 0.600154 0.792996
vt 0.602847 0.781025
vt 0.633778 0.780759
vt 0.642874 0.761241
vt 0.679139 0.761048
vt 0.688080 0.780759
vt 0.633778 0.780759
vt 0.628997 0.801509
vt 0.634158 0.852371
vt 0.686112 0.852395
vt 0.635435 0.868019
vt 0.684403 0.868188
vt 0.719874 0.854064
vt 0.695105 0.801509
vt 0.856370 0.529450
vt 0.813771 0.494720
vt 0.772639 0.508747
vt 0.762904 0.488964
vt 0.703390 0.508602
vt 0.710967 0.487682
vt 0.670905 0.497670
vt 0.667332 0.534456
vt 0.645015 0.519123
vt 0.643875 0.550080
vt 0.627305 0.524564
vt 0.617104 0.550805
vt 0.603607 0.588703
vt 0.589039 0.567541
vt 0.545887 0.574483
vt 0.508380 0.559657
vt 0.693241 0.519219
vt 0.677171 0.617242
vt 0.717440 0.510271
vt 0.801223 0.137721
vt 0.851037 0.137721
vt 0.800187 0.167009
vt 0.775401 0.179949
vt 0.720892 0.521493
vt 0.765390 0.532618
vt 0.805935 0.531699
vt 0.876271 0.126475
vt 0.848430 0.129643
vt 0.717440 0.510271
vt 0.693241 0.519219
vt 0.677171 0.617242
vt 0.159958 0.624256
vt 0.167432 0.594363
vt 0.159786 0.588075
vt 0.173059 0.561181
vt 0.159769 0.555449
vt 0.164222 0.529087
vt 0.186384 0.528192
vt 0.193720 0.500016
vt 0.809559 0.259010
vt 0.811769 0.243241
vt 0.815463 0.259179
vt 0.836900 0.259179
vt 0.551531 0.794326
vt 0.563303 0.761918
vt 0.632604 0.733863
vt 0.643012 0.719038
vt 0.632604 0.733863
vt 0.631551 0.752655
vt 0.836900 0.259179
vt 0.840594 0.243241
vt 0.815463 0.259179
vt 0.811769 0.243241
vt 0.809559 0.259010
vt 0.810854 0.219322
vt 0.841509 0.219322
vt 0.858683 0.224933
vt 0.859632 0.236590
vt 0.842803 0.259010
vt 0.869816 0.250231
vt 0.882485 0.239227
vt 0.848844 0.817665
vt 0.812045 0.810313
vt 0.819709 0.791158
vt 0.842096 0.808402
vt 0.915505 0.791473
vt 0.882917 0.808160
vt 0.915401 0.810603
vt 0.872163 0.817665
vt 0.844339 0.121880
vt 0.803932 0.129643
vt 0.040619 0.479967
vt 0.024221 0.480063
vt 0.036718 0.466520
vt 0.800187 0.167009
vt 0.736116 0.187083
vt 0.749734 0.198499
vt 0.758261 0.215501
vt 0.836900 0.259179
vt 0.842803 0.259010
vt 0.725414 0.177772
vt 0.746662 0.156561
vt 0.811372 0.213735
vt 0.811372 0.213735
vn 0.37830 -0.89541 0.23679
vn -0.11535 -0.87390 -0.47554
vn 0.84457 -0.34409 -0.41292
vn 0.48974 0.39785 -0.77691
vn 0.48876 -0.84751 0.20744
vn -0.03910 -0.87879 -0.47945
vn 0.85631 -0.24340 -0.45793
vn 0.40176 0.45552 -0.79648
vn -0.03910 -0.87879 -0.47945
vn -0.52688 -0.12903 -0.84344
vn 0.36266 -0.89443 0.26419
vn -0.70772 -0.62366 -0.33855
vn -0.51808 -0.62854 -0.58317
vn 0.55132 -0.78592 0.27984
vn 0.24633 -0.31965 -0.91781
vn -0.20137 -0.47996 -0.85714
vn -0.51906 0.69404 -0.50098
vn -0.49560 -0.07722 -0.86693
vn -0.39687 0.72825 -0.55969
vn -0.52688 -0.12903 -0.84344
vn -0.70772 -0.62366 -0.33855
vn -0.62463 0.62463 -0.47162
vn -0.51808 -0.62854 -0.58317
vn -0.44966 0.76149 -0.46771
vn 0.30205 -0.18280 -0.93738
vn -0.50538 0.68133 -0.53229
vn -0.21994 -0.53763 -0.81605
vn 0.24633 -0.31965 -0.91781
vn -0.55621 -0.56500 -0.61252
vn -0.34213 0.79863 -0.49706
vn -0.74780 -0.54448 -0.38356
vn -0.11535 -0.87390 -0.47554
vn -0.49560 -0.07722 -0.86693
vn 0.99120 0.07331 0.10763
vn 0.46237 0.81525 -0.34834
vn -0.03324 -0.07625 -0.99804
vn -0.51613 -0.24633 -0.82192
vn -0.46725 -0.51711 -0.72016
vn 0.29326 -0.34506 -0.89432
vn -0.55621 -0.56500 -0.61252
vn 0.44282 -0.84262 0.30724
vn 0.25318 -0.92278 0.29354
vn -0.74780 -0.54448 -0.38356
vn -0.31867 0.68622 0.65362
vn -0.33040 0.75660 0.56360
vn 0.01662 -0.00293 1.00000
vn 0.05963 -0.12317 0.99022
vn -0.03421 -0.64712 0.76321
vn 0.35386 0.87683 0.32485
vn 0.71163 0.12610 0.69080
vn 0.82600 0.51906 0.21918
vn 0.87097 -0.47019 -0.14677
vn 0.37146 0.54057 -0.75538
vn -0.25611 0.96481 -0.05871
vn 0.35386 0.87683 0.32485
vn 0.37146 0.54057 -0.75538
vn 0.82209 -0.56500 -0.07436
vn 0.91887 -0.39492 0.03131
vn 0.67546 -0.29423 -0.67710
vn 0.89541 0.09482 -0.43640
vn 0.63148 -0.04790 -0.77495
vn 0.74487 0.15249 -0.65166
vn 0.14761 -0.24438 0.95890
vn -0.04399 -0.64321 0.76517
vn 0.46237 -0.07038 0.88454
vn 0.12805 -0.66569 0.73581
vn 0.83969 -0.54154 0.04110
vn 0.66080 -0.74780 -0.07632
vn -0.40860 -0.19648 0.89237
vn -0.27273 -0.96383 0.00000
vn 0.12805 -0.66569 0.73581
vn -0.11144 -0.99022 0.09002
vn -0.37439 0.18866 -0.90998
vn -0.54154 -0.30987 -0.78474
vn -0.62072 -0.54448 -0.56751
vn -0.38514 -0.88074 -0.28180
vn -0.54741 -0.76637 -0.33855
vn -0.35484 -0.87781 -0.32681
vn -0.51711 -0.45259 -0.72798
vn -0.35484 -0.87781 -0.32681
vn -0.86804 0.27370 -0.41683
vn -0.51711 -0.45259 -0.72798
vn -0.43402 -0.00196 -0.90411
vn -0.40176 0.73509 -0.54795
vn -0.34311 0.84457 -0.41292
vn -0.69697 0.40371 -0.59491
vn -0.86804 0.27370 -0.41683
vn -0.27273 -0.96383 0.00000
vn 0.24829 0.93060 0.26810
vn 0.82209 0.44966 -0.35029
vn -0.18866 0.85924 -0.47750
vn 0.58749 -0.32551 -0.74364
vn 0.65005 0.73412 0.19765
vn 0.85924 0.09482 -0.50294
vn 0.09873 0.88563 -0.45597
vn 0.26393 -0.49560 -0.82975
vn 0.03324 0.96774 0.24853
vn 0.30303 0.94819 -0.09393
vn 0.02053 0.76051 -0.64971
vn -0.41544 0.38416 -0.82583
vn -0.61584 -0.37928 -0.69276
vn -0.41642 -0.89541 -0.16438
vn -0.71554 -0.65396 -0.25245
vn -0.77322 -0.13001 -0.62231
vn -0.31867 -0.68719 0.65362
vn -0.19355 -0.80450 0.56360
vn 0.01662 0.00196 1.00000
vn 0.31378 -0.11437 0.94325
vn -0.12317 0.78592 0.60470
vn 0.13392 0.79081 0.59687
vn 0.30205 0.18182 -0.93738
vn 0.50831 -0.83187 0.22309
vn 0.27077 -0.94721 0.17808
vn 0.66276 -0.46530 -0.58904
vn 0.79668 -0.43597 0.41683
vn 0.61486 -0.76833 0.18200
vn 0.24633 0.31867 -0.91781
vn 0.82600 -0.52004 0.21918
vn 0.85924 -0.28055 0.42857
vn 0.99413 0.10753 0.03131
vn 0.29326 0.34409 -0.89432
vn 0.71750 -0.63441 0.28963
vn 0.69892 0.04497 0.71233
vn 0.55132 0.45064 0.70254
vn 0.62659 0.48876 0.60665
vn 0.69013 0.20723 0.69276
vn 0.99120 -0.07429 0.10568
vn 0.77713 -0.40469 0.48141
vn 0.46237 -0.81623 -0.34834
vn 0.77224 0.01369 0.63601
vn 0.90127 -0.38514 0.19765
vn 0.65396 0.58749 0.47554
vn 0.63930 0.71848 -0.27593
vn -0.29032 0.95308 0.08219
vn -0.17302 0.95992 0.21918
vn -0.51613 0.24536 -0.82192
vn -0.26686 0.95601 0.12133
vn -0.46725 0.51613 -0.72016
vn 0.33333 0.19159 0.92368
vn -0.30205 0.76149 0.57339
vn 0.36559 0.39589 0.84149
vn 0.51613 0.43793 0.73581
vn -0.03421 0.64614 0.76321
vn -0.33040 -0.75758 0.56360
vn 0.05963 0.12219 0.99022
vn 0.35386 -0.87781 0.32485
vn 0.71163 -0.12708 0.69080
vn 0.82600 -0.52004 0.21918
vn 0.87097 0.46921 -0.14677
vn 0.37146 -0.54154 -0.75538
vn -0.25318 -0.96676 -0.05284
vn 0.35386 -0.87781 0.32485
vn 0.37146 -0.54154 -0.75538
vn 0.57771 0.81623 0.00587
vn 0.28543 0.95797 -0.02348
vn 0.98631 0.11632 -0.11350
vn 0.59824 0.31965 -0.73581
vn 0.28543 0.95797 -0.02348
vn 0.04301 0.39883 -0.91781
vn 0.02639 0.99022 -0.13699
vn 0.57771 -0.81720 0.00587
vn 0.98631 -0.11730 -0.11350
vn 0.28543 -0.95894 -0.02348
vn 0.59629 -0.32160 -0.73777
vn 0.04301 -0.39980 -0.91781
vn 0.28543 -0.95894 -0.02348
vn 0.02639 -0.99120 -0.13699
vn -0.31476 -0.69110 -0.65362
vn 0.04301 -0.39980 -0.91781
vn -0.52688 -0.12610 -0.84344
vn -0.16325 0.36168 -0.91977
vn -0.77419 -0.12805 -0.62231
vn -0.41544 0.38416 -0.82583
vn 0.74487 -0.15347 -0.65166
vn 0.63148 0.04692 -0.77495
vn 0.89541 -0.09580 -0.43640
vn 0.67546 0.29326 -0.67710
vn 0.91887 0.39394 0.03131
vn 0.82209 0.56403 -0.07436
vn 0.67546 0.29326 -0.67710
vn 0.63148 0.04692 -0.77495
vn 0.04985 -0.11535 -0.99413
vn 0.36364 -0.67058 -0.64971
vn -0.19159 -0.30010 -0.93738
vn 0.06647 -0.75660 -0.65362
vn -0.23949 -0.27859 -0.93151
vn 0.05767 -0.78495 -0.61840
vn -0.69697 -0.40469 -0.59491
vn -0.34311 -0.84555 -0.41292
vn -0.91202 0.23949 -0.33855
vn -0.78690 -0.55816 0.26614
vn -0.60117 0.76637 0.22896
vn -0.44086 0.02933 0.89824
vn -0.11339 0.66276 0.73973
vn -0.65885 0.72141 -0.21526
vn -0.91789 0.33431 -0.21526
vn -0.97556 -0.10850 -0.19569
vn -0.93548 -0.35484 0.03131
vn -0.92278 -0.34506 0.17613
vn -0.36364 -0.86119 0.35812
vn 0.28837 -0.57771 0.76321
vn 0.34995 -0.78690 0.50881
vn 0.44868 -0.80254 0.39530
vn 0.68035 -0.52884 0.50881
vn -0.11144 -0.99022 0.09002
vn 0.56403 -0.82307 0.07436
vn 0.66080 -0.74780 -0.07632
vn 0.87586 -0.45161 0.17025
vn 0.83969 -0.54154 0.04110
vn 0.81427 -0.06745 0.57534
vn -0.31476 0.69013 -0.65362
vn 0.04301 0.39883 -0.91781
vn -0.52688 0.12512 -0.84344
vn -0.16325 -0.36266 -0.91977
vn -0.77322 0.12903 -0.62231
vn -0.41544 -0.38514 -0.82583
vn 0.77028 -0.63734 -0.02348
vn 0.89541 -0.09580 -0.43640
vn 0.36364 -0.67058 -0.64971
vn 0.74487 -0.15347 -0.65166
vn 0.95503 0.17791 0.23679
vn 0.50635 0.86119 0.02740
vn 0.81818 0.11730 0.56164
vn 0.47605 0.80547 0.35029
vn 0.50635 0.86119 0.02740
vn 0.39687 0.91691 -0.03131
vn 0.44086 0.89443 0.07241
vn 0.73216 0.63441 0.24658
vn 0.81134 0.54545 0.20744
vn 0.52004 0.79179 0.31898
vn 0.03324 -0.96872 0.24853
vn -0.34311 -0.84555 -0.41292
vn 0.30303 -0.94917 -0.09393
vn -0.40176 -0.73607 -0.54795
vn 0.02053 -0.76149 -0.64971
vn -0.37439 -0.18964 -0.90998
vn -0.41544 -0.38514 -0.82583
vn -0.54154 0.30890 -0.78474
vn -0.61584 0.37830 -0.69276
vn -0.38514 0.87977 -0.28180
vn -0.41642 0.89443 -0.16438
vn -0.71554 0.65200 -0.25245
vn -0.77322 0.12903 -0.62231
vn -0.43402 0.00098 -0.90411
vn -0.51711 0.45161 -0.72798
vn -0.86804 -0.27468 -0.41683
vn -0.35484 0.87683 -0.32681
vn -0.69697 -0.40469 -0.59491
vn -0.86804 -0.27468 -0.41683
vn 0.08309 -0.86901 -0.49119
vn 0.41642 -0.85435 -0.31507
vn 0.34995 -0.78690 0.50881
vn -0.16129 -0.09286 0.98239
vn -0.36364 -0.86119 0.35812
vn -0.61877 0.31183 0.72211
vn -0.93548 -0.35484 0.03131
vn -0.40860 0.19550 0.89237
vn -0.27273 0.96285 0.00000
vn -0.27273 0.96285 0.00000
vn 0.12805 0.66471 0.73581
vn -0.04399 0.64223 0.76517
vn 0.46237 0.06940 0.88454
vn 0.14761 0.24340 0.95890
vn 0.39980 -0.74878 0.52838
vn 0.77908 -0.62072 0.09393
vn 0.35973 -0.65885 0.66145
vn 0.87292 -0.29032 0.39139
vn 0.81427 0.06647 0.57534
vn 0.83969 0.54057 0.04110
vn 0.66080 0.74682 -0.07632
vn 0.60020 -0.80059 -0.01957
vn 0.81036 -0.21212 0.54599
vn 0.81818 0.11730 0.56164
vn 0.87586 0.45064 0.17025
vn 0.47605 0.80547 0.35029
vn 0.56403 0.82209 0.07436
vn 0.38612 0.92180 -0.03523
vn 0.81134 0.54545 0.20744
vn 0.52004 0.79179 0.31898
vn -0.11144 0.98925 0.09002
vn -0.14858 0.98143 -0.12524
vn -0.65885 0.72141 -0.21526
vn -0.92864 0.37243 0.00000
vn -0.97556 -0.10850 -0.19569
vn -0.90616 0.34897 0.24070
vn -0.92278 -0.34506 0.17613
vn -0.90225 0.29912 -0.31507
vn -0.61877 0.31183 0.72211
vn 0.19062 0.28152 0.93933
vn 0.68231 -0.11144 0.72211
vn 0.68035 -0.52884 0.50881
vn 0.81427 0.06647 0.57534
vn 0.83969 0.54057 0.04110
vn 0.87586 0.45064 0.17025
vn 0.66080 0.74682 -0.07632
vn 0.56403 0.82209 0.07436
vn -0.11144 0.98925 0.09002
vn 0.77028 0.63636 -0.02348
vn 0.89541 0.09482 -0.43640
vn 0.36364 0.66960 -0.64971
vn 0.74487 0.15249 -0.65166
vn 0.95503 -0.17889 0.23679
vn 0.50635 -0.86217 0.02740
vn 0.81818 -0.11828 0.56164
vn 0.47605 -0.80645 0.35029
vn 0.50635 -0.86217 0.02740
vn 0.38612 -0.92278 -0.03523
vn 0.44086 -0.89541 0.07241
vn 0.73216 -0.63539 0.24658
vn 0.81134 -0.54643 0.20744
vn 0.52004 -0.79277 0.31898
vn -0.65885 -0.72239 -0.21526
vn -0.91789 -0.33529 -0.21526
vn -0.97556 0.10753 -0.19569
vn -0.93548 0.35386 0.03131
vn -0.92278 0.34409 0.17613
vn -0.36364 0.86022 0.35812
vn 0.28837 0.57674 0.76321
vn 0.34995 0.78592 0.50881
vn 0.44868 0.80156 0.39530
vn 0.68035 0.52786 0.50881
vn -0.54057 0.25220 -0.80431
vn -0.59726 0.75367 -0.27789
vn 0.09873 0.88563 -0.45597
vn 0.53568 0.80254 0.26223
vn -0.61877 -0.31281 0.72211
vn -0.16129 0.09189 0.98239
vn 0.19062 -0.28250 0.93933
vn 0.34995 0.78592 0.50881
vn 0.68231 0.11046 0.72211
vn 0.68035 0.52786 0.50881
vn -0.36364 0.86022 0.35812
vn -0.61877 -0.31281 0.72211
vn -0.93548 0.35386 0.03131
vn 0.07038 0.86999 -0.48924
vn 0.41642 0.85337 -0.31507
vn 0.10068 0.94526 0.30920
vn -0.18866 0.85924 -0.47750
vn -0.79765 0.44770 -0.40705
vn -0.44184 0.02835 -0.89824
vn 0.81818 -0.11828 0.56164
vn 0.95503 -0.17889 0.23679
vn 0.39980 -0.52786 0.74951
vn -0.26393 -0.68426 0.68102
vn -0.91789 -0.33529 -0.21526
vn -0.93548 0.35386 0.03131
vn -0.18964 0.56598 -0.80431
vn 0.34213 0.92669 0.15656
vn -0.61388 0.49169 -0.62035
vn 0.32258 0.87781 0.35225
vn 0.05572 -0.83187 0.55382
vn -0.44966 -0.89150 0.07436
vn -0.65885 -0.72239 -0.21526
vn 0.07234 -0.96188 -0.27006
vn -0.14858 -0.98240 -0.12524
vn 0.72043 -0.67840 0.14481
vn 0.44086 -0.89541 0.07241
vn -0.35288 -0.75269 0.55577
vn 0.10655 -0.81232 0.57339
vn 0.10557 -0.44868 0.88845
vn 0.42326 -0.74682 0.51272
vn 0.61584 -0.34018 0.71037
vn 0.57380 -0.77322 0.27202
vn 0.90714 -0.12219 0.40313
vn 0.98631 -0.11730 -0.11350
vn 0.29326 -0.34506 -0.89432
vn 0.85924 0.27957 0.42857
vn 0.71750 0.63343 0.28963
vn 0.99413 -0.10850 0.03131
vn 0.69892 -0.04594 0.71233
vn 0.55132 -0.45161 0.70254
vn 0.62659 -0.48974 0.60665
vn 0.69013 -0.20821 0.69276
vn 0.99120 0.07331 0.10763
vn 0.77713 0.40371 0.48141
vn 0.46237 0.81525 -0.34834
vn 0.77224 -0.01466 0.63601
vn 0.90127 0.38416 0.19765
vn 0.65396 -0.58847 0.47554
vn 0.63930 -0.71945 -0.27593
vn -0.29032 -0.95406 0.08219
vn -0.17302 -0.96090 0.21918
vn -0.51613 -0.24633 -0.82192
vn -0.26686 -0.95699 0.12133
vn 0.51613 -0.43891 0.73581
vn 0.36559 -0.39687 0.84149
vn 0.33333 -0.19257 0.92368
vn -0.03421 -0.64712 0.76321
vn -0.12317 -0.78690 0.60470
vn 0.01662 -0.00293 1.00000
vn -0.31867 0.68622 0.65362
vn -0.19355 0.80352 0.56360
vn 0.31378 0.11339 0.94325
vn 0.13392 -0.79179 0.59687
vn 0.17693 0.87879 -0.44423
vn 0.63930 -0.71945 -0.27593
vn -0.27273 -0.68426 -0.67906
vn 0.85142 0.11241 -0.51468
vn -0.02444 0.29032 -0.95890
vn -0.71945 -0.01662 -0.69667
vn -0.27273 -0.68426 -0.67906
vn 0.30205 0.18182 -0.93738
vn -0.39394 0.43891 -0.81018
vn -0.20137 0.47898 -0.85714
vn -0.31378 0.45846 -0.83366
vn -0.21994 0.53666 -0.81605
vn -0.18964 0.56598 -0.80431
vn 0.29326 0.34409 -0.89237
vn 0.34213 0.92669 0.15656
vn 0.99120 -0.07429 0.10568
vn -0.03324 0.07527 -0.99804
vn -0.46725 0.51613 -0.72016
vn -0.29814 0.73509 -0.61057
vn -0.54839 0.15543 -0.82387
vn -0.53470 -0.64614 -0.54795
vn -0.63245 -0.53959 -0.55969
vn 0.10850 -0.99022 0.09785
vn -0.81623 -0.49560 -0.30137
vn -0.71359 0.29521 -0.63796
vn -0.33724 0.90811 -0.25049
vn 0.24633 0.31867 -0.91781
vn 0.66276 0.46432 -0.58904
vn 0.61486 0.76735 0.18200
vn 0.82600 0.51906 0.21918
vn 0.50831 0.83089 0.22309
vn -0.01760 0.88172 -0.47162
vn 0.10850 0.98925 0.09785
vn -0.25611 0.96481 -0.05871
vn -0.53470 0.64516 -0.54795
vn -0.60997 0.63441 -0.47750
vn -0.54839 -0.15640 -0.82387
vn -0.74389 0.59433 -0.30920
vn -0.81623 0.49462 -0.30137
vn -0.19355 0.80352 0.56360
vn -0.31867 0.68622 0.65362
vn -0.62952 0.77810 0.00783
vn -0.71359 -0.29619 -0.63796
vn -0.29912 -0.74389 -0.60078
vn -0.33724 -0.90909 -0.25049
vn 0.85631 -0.24340 -0.45793
vn 0.48876 -0.84751 0.20744
vn 0.94819 0.09580 0.30333
vn 0.36266 -0.89443 0.26419
vn 0.55132 -0.78592 0.27984
vn 0.71848 0.61975 0.31507
vn 0.81623 0.12414 0.56360
vn 0.28348 0.94428 0.16830
vn 0.27077 0.94624 0.17808
vn -0.44966 0.76149 -0.46771
vn 0.79668 0.43500 0.41683
vn 0.24633 -0.31965 -0.91781
vn 0.94819 0.09580 0.30333
vn 0.42424 0.90127 -0.08806
vn 0.40176 0.45552 -0.79648
vn -0.50538 0.68133 -0.53229
vn 0.71848 0.61975 0.31507
vn 0.27077 -0.94721 0.17808
vn 0.81623 -0.12512 0.56360
vn 0.79668 -0.43597 0.41683
vn 0.55132 0.78495 0.27984
vn 0.24633 0.31867 -0.91781
vn 0.84457 -0.34409 -0.41292
vn 0.37830 -0.89541 0.23679
vn 0.93060 -0.00293 0.36399
vn 0.25318 -0.92278 0.29354
vn 0.44282 -0.84262 0.30724
vn 0.75562 0.54154 0.36791
vn 0.79081 0.03812 0.61057
vn 0.37439 0.90811 0.18395
vn 0.61486 0.76735 0.18200
vn -0.34213 0.79863 -0.49706
vn 0.85924 0.27957 0.42857
vn 0.29326 -0.34506 -0.89432
vn 0.93060 -0.00293 0.36399
vn 0.52395 0.84946 -0.05479
vn 0.48974 0.39785 -0.77691
vn -0.39687 0.72825 -0.55969
vn 0.75562 0.54154 0.36791
vn 0.61486 -0.76833 0.18200
vn 0.79081 -0.03910 0.61057
vn 0.85924 -0.28055 0.42857
vn 0.44282 0.84164 0.30724
vn 0.29326 0.34409 -0.89237
vn 0.43597 -0.85337 -0.29159
vn 0.67546 -0.29423 -0.67710
vn 0.06843 -0.60508 -0.79452
vn 0.04985 0.11437 -0.99413
vn -0.30010 -0.46139 -0.83757
vn -0.19159 0.29912 -0.93738
vn -0.23949 0.27761 -0.93151
vn -0.50440 -0.05181 -0.86497
vn -0.69697 0.40371 -0.59491
vn 0.63148 -0.04790 -0.77495
vn 0.04985 0.11437 -0.99413
vn 0.36364 0.66960 -0.64971
vn 0.06647 0.75562 -0.65362
vn 0.05767 0.78397 -0.61840
vn -0.34311 0.84457 -0.41292
vn -0.51026 -0.41153 -0.75734
vn -0.79277 0.41740 -0.44618
vn -0.91202 -0.24047 -0.33855
vn -0.78690 0.55718 0.26614
vn 0.89541 0.09482 -0.43640
vn 0.95699 0.06940 0.28180
vn 0.91887 -0.39492 0.03131
vn 0.67840 -0.39785 0.61840
vn 0.82209 -0.56500 -0.07436
vn 0.43304 -0.83187 0.34834
vn 0.43597 -0.85337 -0.29159
vn -0.09286 -0.96188 -0.26027
vn 0.06843 -0.60508 -0.79452
vn -0.17400 -0.91496 -0.36791
vn -0.42522 -0.76637 -0.48532
vn -0.60117 -0.76735 0.22896
vn -0.23363 -0.97067 -0.07632
vn -0.11339 -0.66373 0.73973
vn -0.01075 -0.95992 0.28180
vn -0.04399 -0.64321 0.76517
vn 0.28837 -0.60802 0.73973
vn 0.14761 -0.24438 0.95890
vn 0.44673 0.05865 0.89237
vn 0.09775 0.44575 0.89041
vn 0.14174 0.67253 0.72603
vn -0.25806 0.65982 0.70450
vn 0.09873 0.86315 0.49511
vn -0.21017 0.62952 0.74755
vn 0.03324 0.96774 0.24853
vn 0.11339 0.98338 -0.14090
vn -0.34311 0.84457 -0.41292
vn 0.05767 0.78397 -0.61840
vn 0.46139 0.88759 0.00000
vn 0.06647 0.75562 -0.65362
vn 0.77028 0.63636 -0.02348
vn 0.68622 0.41642 0.59491
vn 0.95699 0.06940 0.28180
vn 0.60704 -0.30303 0.73386
vn 0.27566 -0.88661 0.37378
vn 0.48876 0.84653 0.20744
vn -0.03910 0.87781 -0.47945
vn 0.85631 0.24242 -0.45793
vn 0.40176 -0.45650 -0.79648
vn 0.02639 -0.99120 -0.13699
vn -0.31476 -0.69110 -0.65362
vn -0.33822 -0.85631 -0.39335
vn -0.62561 -0.71163 -0.32485
vn -0.65982 -0.75171 -0.03523
vn -0.76442 -0.62072 0.18200
vn -0.52199 -0.55621 0.64775
vn -0.92278 0.34409 0.17613
vn 0.28837 0.57674 0.76321
vn 0.67449 -0.08602 0.73386
vn 0.86022 0.29717 0.41292
vn 0.80841 0.56598 -0.16047
vn 0.59629 -0.32160 -0.73777
vn 0.21994 0.69795 -0.68297
vn -0.16325 0.36168 -0.91977
vn 0.07038 0.86999 -0.48924
vn -0.41544 0.38416 -0.82583
vn 0.04301 -0.39980 -0.91781
vn -0.82502 -0.46628 -0.32485
vn -0.90225 -0.30010 -0.31507
vn -0.90616 -0.34995 0.24070
vn 0.39492 0.91105 -0.11937
vn 0.73021 0.45161 0.51076
vn 0.44868 0.80156 0.39530
vn -0.62463 -0.62561 -0.47162
vn -0.52688 0.12805 -0.84344
vn -0.50538 -0.68231 -0.53229
vn 0.30205 0.18182 -0.93738
vn 0.50831 -0.83187 0.22309
vn 0.69599 0.67351 0.25049
vn 0.84262 -0.31183 0.44031
vn 0.60411 -0.75464 0.25832
vn 0.14663 -0.98631 0.08611
vn 0.10850 -0.99022 0.09785
vn -0.60997 -0.64125 -0.46771
vn -0.63245 -0.53959 -0.55969
vn 0.34213 0.92669 0.15656
vn 0.69892 0.04497 0.71233
vn 0.32258 0.87781 0.35225
vn 0.74291 0.05279 0.66732
vn 0.80841 -0.44282 0.38748
vn 0.46921 -0.86119 0.19961
vn 0.71750 -0.63441 0.28963
vn -0.20919 -0.83382 -0.51468
vn 0.29326 0.34409 -0.89432
vn 0.95503 0.17791 0.23679
vn 0.39980 0.52688 0.74951
vn 0.44086 0.89443 0.07241
vn 0.05572 0.83089 0.55382
vn 0.72043 0.67742 0.14481
vn 0.07234 0.96090 -0.27006
vn -0.14858 0.98143 -0.12524
vn -0.65885 0.72141 -0.21526
vn -0.44966 0.89052 0.07436
vn -0.91789 0.33431 -0.21526
vn -0.26393 0.68328 0.68102
vn -0.90225 0.29912 -0.31507
vn -0.82502 0.46530 -0.32485
vn -0.91007 0.34018 0.23875
vn -0.76442 0.61975 0.18200
vn -0.52199 0.55523 0.64775
vn -0.92864 -0.33236 0.17025
vn -0.62561 0.71065 -0.32485
vn -0.31476 0.69013 -0.65362
vn -0.11535 0.87292 -0.47554
vn -0.49560 0.07625 -0.86693
vn -0.74780 0.54350 -0.38356
vn -0.51906 -0.69501 -0.50098
vn -0.55621 0.56403 -0.61252
vn -0.34213 -0.79961 -0.49706
vn 0.24633 0.31867 -0.91781
vn -0.21994 0.53666 -0.81605
vn -0.39687 -0.72923 -0.55969
vn 0.48974 -0.39883 -0.77691
vn -0.54057 -0.25318 -0.80431
vn -0.59726 -0.75464 -0.27789
vn 0.09873 -0.88661 -0.45597
vn 0.53568 -0.80352 0.26223
vn 0.65005 -0.73509 0.19765
vn 0.37830 0.89443 0.23679
vn 0.25318 0.92180 0.29354
vn -0.74780 0.54350 -0.38356
vn -0.55621 0.56403 -0.61252
vn 0.44282 0.84164 0.30724
vn 0.29326 0.34409 -0.89237
vn 0.26393 0.49462 -0.82975
vn -0.54057 -0.25318 -0.80431
vn 0.85924 -0.09580 -0.50294
vn 0.09873 -0.88661 -0.45597
vn 0.84457 0.34311 -0.41292
vn -0.11535 0.87292 -0.47554
vn 0.13392 0.79081 0.59687
vn -0.12317 0.78592 0.60470
vn -0.29814 0.73509 -0.61057
vn -0.30205 0.76149 0.57339
vn -0.26686 0.95601 0.12133
vn 0.81818 0.11730 0.56164
vn -0.04399 -0.64321 0.76517
vn -0.11339 -0.66373 0.73973
vn -0.40860 -0.19648 0.89237
vn -0.44086 -0.03030 0.89824
vn -0.78690 0.55718 0.26614
vn -0.86804 0.27370 -0.41683
vn -0.79277 0.41740 -0.44618
vn 0.34213 -0.92766 0.15656
vn 0.69892 -0.04594 0.71233
vn 0.32258 -0.87879 0.35225
vn 0.74291 -0.05376 0.66732
vn 0.80841 0.44184 0.38748
vn 0.46921 0.86022 0.19961
vn 0.71750 0.63343 0.28963
vn -0.20919 0.83284 -0.51468
vn 0.29326 -0.34506 -0.89432
vn 0.30205 -0.18280 -0.93738
vn 0.50831 0.83089 0.22309
vn 0.69599 -0.67449 0.25049
vn 0.84262 0.31085 0.44031
vn 0.60411 0.75367 0.25832
vn 0.14663 0.98534 0.08611
vn 0.10850 0.98925 0.09785
vn -0.60997 0.64027 -0.46771
vn -0.63245 0.53861 -0.55969
vn 0.24145 0.96090 -0.13699
vn 0.92962 0.27859 0.24070
vn 0.53568 -0.80352 0.26223
vn 0.65005 -0.73509 0.19765
vn 0.85924 -0.09580 -0.50294
vn 0.26393 0.49462 -0.82975
vn -0.65298 0.55718 -0.51468
vn -0.75758 0.47898 -0.44618
vn 0.60411 0.75367 0.25832
vn 0.13392 -0.79179 0.59687
vn -0.12317 -0.78690 0.60470
vn -0.29912 -0.74389 -0.60078
vn -0.30205 -0.76246 0.57339
vn -0.26686 -0.95699 0.12133
vn -0.46725 -0.51711 -0.72016
vn 0.34213 -0.92766 0.15656
vn 0.99120 0.07331 0.10763
vn -0.18964 -0.56696 -0.80431
vn -0.03324 -0.07625 -0.99804
vn -0.31378 -0.45943 -0.83366
vn -0.39394 -0.43988 -0.81018
vn -0.63245 0.53861 -0.55969
vn 0.02639 0.99022 -0.13699
vn -0.33822 0.85533 -0.39335
vn -0.65982 0.75073 -0.03523
vn -0.35288 0.75171 0.55577
vn 0.10557 0.44770 0.88845
vn 0.28837 -0.57771 0.76321
vn 0.61584 0.33920 0.71037
vn 0.67449 0.08504 0.73386
vn 0.90714 0.12121 0.40313
vn 0.86022 -0.29814 0.41292
vn 0.98631 0.11632 -0.11350
vn 0.80841 -0.56696 -0.16047
vn 0.59824 0.31965 -0.73581
vn 0.21994 -0.69892 -0.68297
vn -0.16325 -0.36266 -0.91977
vn 0.08309 -0.86901 -0.49119
vn -0.41544 -0.38514 -0.82583
vn 0.89541 -0.09580 -0.43640
vn 0.95699 -0.07038 0.28180
vn 0.91887 0.39394 0.03131
vn 0.67840 0.39687 0.61840
vn 0.82209 0.56403 -0.07436
vn 0.43304 0.83089 0.34834
vn 0.43597 0.85239 -0.29159
vn -0.09286 0.96090 -0.26027
vn 0.06843 0.60411 -0.79452
vn -0.30010 0.46041 -0.83757
vn -0.17400 0.91398 -0.36791
vn -0.51026 0.41056 -0.75734
vn -0.42522 0.76540 -0.48532
vn -0.91202 0.23949 -0.33855
vn -0.60117 0.76637 0.22896
vn -0.23363 0.96970 -0.07632
vn -0.01075 0.95894 0.28180
vn -0.04399 0.64223 0.76517
vn 0.28837 0.60704 0.73973
vn 0.14761 0.24340 0.95890
vn 0.45064 -0.05963 0.89041
vn 0.09775 -0.44673 0.89041
vn 0.14174 -0.67351 0.72603
vn -0.25806 -0.66080 0.70450
vn 0.09873 -0.86413 0.49511
vn -0.21017 -0.63050 0.74755
vn 0.03324 -0.96872 0.24853
vn 0.11339 -0.98436 -0.14090
vn -0.34311 -0.84555 -0.41292
vn 0.05767 -0.78495 -0.61840
vn 0.46139 -0.88856 0.00000
vn 0.06647 -0.75660 -0.65362
vn 0.77028 -0.63734 -0.02348
vn 0.68622 -0.41740 0.59491
vn 0.95699 -0.07038 0.28180
vn 0.60704 0.30205 0.73386
vn 0.27566 0.88563 0.37378
vn 0.62757 -0.53177 0.56751
vn 0.44868 -0.80254 0.39530
vn 0.68328 -0.52493 0.50685
vn 0.73021 -0.45259 0.51076
vn 0.66862 -0.32454 0.66928
vn 0.48680 -0.86413 0.12916
vn 0.08309 -0.86901 -0.49119
vn 0.41642 -0.85435 -0.31507
vn 0.30303 -0.94917 -0.09393
vn 0.03324 -0.96872 0.24853
vn -0.21017 -0.63050 0.74755
vn -0.25806 -0.66080 0.70450
vn 0.35973 -0.65885 0.66145
vn 0.09580 -0.46139 0.88258
vn 0.46237 0.06940 0.88454
vn 0.39492 -0.91202 -0.11937
vn 0.12805 0.66471 0.73581
vn -0.35484 0.87683 -0.32681
vn -0.54741 0.76540 -0.33855
vn -0.62072 0.54350 -0.56751
vn -0.51711 0.45161 -0.72798
vn -0.91202 -0.24047 -0.33855
vn -0.78690 0.55718 0.26614
vn -0.60117 -0.76735 0.22896
vn -0.44086 -0.03030 0.89824
vn 0.81427 -0.06745 0.57534
vn 0.87292 0.28935 0.39139
vn 0.35973 0.65787 0.66145
vn 0.77908 0.61975 0.09393
vn 0.39980 0.74780 0.52838
vn 0.44868 0.80156 0.39530
vn 0.68328 0.52395 0.50685
vn 0.73021 0.45161 0.51076
vn 0.81818 -0.11828 0.56164
vn 0.66862 0.32356 0.66928
vn 0.81036 0.21114 0.54599
vn 0.48680 0.86315 0.12916
vn 0.60020 0.79961 -0.01957
vn 0.07038 0.86999 -0.48924
vn 0.41642 0.85337 -0.31507
vn 0.30303 0.94819 -0.09393
vn 0.03324 0.96774 0.24853
vn -0.21017 0.62952 0.74755
vn -0.25806 0.65982 0.70450
vn 0.35973 0.65787 0.66145
vn 0.09775 0.44575 0.89041
vn 0.46237 -0.07038 0.88454
vn 0.52004 -0.79277 0.31898
vn 0.81134 -0.54643 0.20744
vn 0.56403 -0.82307 0.07436
vn 0.38612 -0.92278 -0.03523
vn 0.47605 -0.80645 0.35029
vn 0.87586 -0.45161 0.17025
vn -0.04399 0.64223 0.76517
vn -0.11339 0.66276 0.73973
vn -0.40860 0.19550 0.89237
vn -0.44086 0.02933 0.89824
vn -0.78690 -0.55816 0.26614
vn -0.86804 -0.27468 -0.41683
vn -0.78690 -0.55816 0.26614
vn -0.79277 -0.41838 -0.44618
vn -0.79277 -0.41838 -0.44618
vn -0.50440 0.05083 -0.86497
vn 0.04985 -0.11535 -0.99413
vn 0.06843 0.60411 -0.79452
vn 0.43597 0.85239 -0.29159
vn -0.39101 -0.43500 -0.81409
vn 0.30205 -0.18280 -0.93738
vn -0.45846 -0.74487 -0.48728
vn 0.69599 -0.67449 0.25049
vn -0.79765 -0.44868 -0.40705
vn 0.10068 -0.94624 0.30920
vn -0.61388 -0.49267 -0.62035
vn 0.32258 -0.87879 0.35225
vn 0.34213 -0.92766 0.15656
vn -0.18964 -0.56696 -0.80431
vn 0.99120 -0.07429 0.10568
vn 0.46237 -0.81623 -0.34834
vn -0.03324 0.07527 -0.99804
vn -0.51613 0.24536 -0.82192
vn 0.24829 -0.93157 0.26810
vn -0.18866 -0.86022 -0.47750
vn -0.44184 -0.02933 -0.89824
vn 0.82209 -0.45064 -0.35029
vn -0.18866 -0.86022 -0.47750
vn 0.58749 0.32454 -0.74364
vn 0.17693 -0.87977 -0.44423
vn -0.14858 -0.98240 -0.12524
vn -0.65885 -0.72239 -0.21526
vn -0.92864 -0.37341 0.00000
vn -0.97556 0.10753 -0.19569
vn -0.90616 -0.34995 0.24070
vn -0.92278 0.34409 0.17613
vn -0.90225 -0.30010 -0.31507
vn 0.34213 0.92669 0.15656
vn -0.39101 0.43402 -0.81409
vn -0.45846 0.74389 -0.48728
vn -0.60997 -0.64125 -0.46771
vn -0.75758 -0.47996 -0.44618
vn -0.59726 0.75367 -0.27789
vn -0.65298 -0.55816 -0.51468
vn 0.82600 -0.52004 0.21918
vn 0.37146 -0.54154 -0.75538
vn 0.66276 -0.46530 -0.58904
vn -0.01760 -0.88270 -0.47162
vn 0.60411 -0.75464 0.25832
vn 0.24145 -0.96188 -0.13699
vn -0.65298 -0.55816 -0.51468
vn 0.26393 -0.49560 -0.82975
vn 0.85924 0.09482 -0.50294
vn 0.92962 -0.27957 0.24070
vn 0.65005 0.73412 0.19765
vn 0.53568 0.80254 0.26223
vn -0.65298 0.55718 -0.51468
vn -0.59726 -0.75464 -0.27789
vn -0.45846 -0.74487 -0.48728
vn -0.60997 0.64027 -0.46771
vn -0.39101 -0.43500 -0.81409
vn -0.61388 -0.49267 -0.62035
vn -0.20919 0.83284 -0.51468
vn -0.40958 0.73412 -0.54403
vn -0.79765 -0.44868 -0.40705
vn -0.26588 0.76246 -0.59100
vn -0.01760 -0.88270 -0.47162
vn -0.25318 -0.96676 -0.05284
vn -0.60997 -0.63539 -0.47750
vn -0.74389 -0.59531 -0.30920
vn -0.19355 -0.80450 0.56360
vn -0.31867 -0.68719 0.65362
vn -0.62952 -0.77908 0.00783
vn 0.82600 0.51906 0.21918
vn 0.37146 0.54057 -0.75538
vn 0.66276 0.46432 -0.58904
vn -0.01760 0.88172 -0.47162
vn 0.99413 -0.10850 0.03131
vn 0.34213 -0.92766 0.15656
vn 0.85631 0.24242 -0.45793
vn 0.48876 0.84653 0.20744
vn 0.94819 -0.09677 0.30333
vn 0.36266 0.89345 0.26419
vn 0.71848 -0.62072 0.31507
vn 0.28348 -0.94526 0.16830
vn -0.44966 -0.76246 -0.46771
vn 0.30205 0.18182 -0.93738
vn 0.84457 0.34311 -0.41292
vn 0.37830 0.89443 0.23679
vn 0.93157 0.00000 0.36399
vn 0.25318 0.92180 0.29354
vn 0.75562 -0.54252 0.36791
vn 0.37439 -0.90909 0.18395
vn -0.34213 -0.79961 -0.49706
vn 0.62757 0.53079 0.56751
vn 0.80841 0.44184 0.38748
vn 0.63245 0.77322 -0.04892
vn -0.26588 0.76246 -0.59100
vn 0.58749 0.32454 -0.74364
vn 0.82209 -0.45064 -0.35029
vn 0.90420 -0.12414 0.40705
vn 0.24829 -0.93157 0.26810
vn 0.10068 -0.94624 0.30920
vn -0.26588 -0.76344 -0.59100
vn -0.40958 -0.73509 -0.54403
vn -0.79765 0.44770 -0.40705
vn -0.61388 0.49169 -0.62035
vn -0.20919 -0.83382 -0.51468
vn 0.80841 -0.44282 0.38748
vn 0.63245 -0.77419 -0.04892
vn -0.26588 -0.76344 -0.59100
vn 0.58749 -0.32551 -0.74364
vn 0.82209 0.44966 -0.35029
vn 0.90420 0.12317 0.40705
vn 0.24829 0.93060 0.26810
vn 0.10068 0.94526 0.30920
vn 0.93157 0.00000 0.36399
vn 0.52590 -0.84946 -0.05479
vn 0.48974 -0.39883 -0.77691
vn -0.39687 -0.72923 -0.55969
vn 0.75562 -0.54252 0.36791
vn 0.94819 -0.09677 0.30333
vn 0.42424 -0.90225 -0.08806
vn 0.40176 -0.45650 -0.79648
vn -0.50538 -0.68231 -0.53229
vn 0.71848 -0.62072 0.31507
vn -0.33724 0.90811 -0.25049
vn 0.13392 0.79081 0.59687
vn -0.36559 0.65591 0.65949
vn -0.31378 0.09189 0.94521
vn -0.82893 0.20235 0.52250
vn -0.66667 -0.41740 0.61840
vn -0.94428 -0.33138 0.02544
vn -0.19355 -0.80450 0.56360
vn -0.81623 -0.49560 -0.30137
vn -0.96579 0.24242 -0.09980
vn -0.71359 0.29521 -0.63796
vn -0.69208 0.70186 0.17221
vn 0.31378 -0.11437 0.94325
vn -0.33724 -0.90909 -0.25049
vn 0.13392 -0.79179 0.59687
vn -0.36559 -0.65689 0.65949
vn -0.31378 -0.09286 0.94521
vn -0.82893 -0.20332 0.52250
vn -0.66667 0.41642 0.61840
vn -0.94428 0.33040 0.02544
vn -0.19746 0.80450 0.55969
vn -0.81623 0.49462 -0.30137
vn -0.96579 -0.24340 -0.09980
vn -0.71359 -0.29619 -0.63796
vn -0.69208 -0.70283 0.17221
vn 0.31378 0.11339 0.94325
vn -0.30205 -0.76246 0.57339
vn 0.39492 -0.91202 -0.11937
vn 0.73021 -0.45259 0.51076
vn 0.44868 -0.80254 0.39530
vn 0.30205 -0.18280 -0.93738
vn -0.20137 -0.47996 -0.85714
vn -0.21994 -0.53763 -0.81605
vn 0.29326 -0.34506 -0.89432
vn 0.63930 0.71848 -0.27593
vn -0.27273 0.68328 -0.67906
vn 0.85142 -0.11339 -0.51468
vn -0.02444 -0.29130 -0.95890
vn -0.71945 0.01564 -0.69667
vn -0.27273 0.68328 -0.67906
vn 0.24633 -0.31965 -0.91781
vn -0.44184 -0.02933 -0.89824
vn 0.50831 0.83089 0.22309
vn 0.30205 -0.18280 -0.93738
vn 0.27077 0.94624 0.17808
vn 0.79668 0.43500 0.41683
vn 0.24633 -0.31965 -0.91781
vn 0.85142 0.11241 -0.51468
vn 0.17693 0.87879 -0.44423
vn 0.36266 0.89345 0.26419
vn -0.03910 0.87781 -0.47945
vn -0.70772 0.62268 -0.33855
vn -0.51808 0.62757 -0.58317
vn 0.55132 0.78495 0.27984
vn 0.24633 0.31867 -0.91781
vn -0.20137 0.47898 -0.85714
vn 0.87097 -0.47019 -0.14677
vn 0.55132 -0.45161 0.70254
vn 0.99413 -0.10850 0.03131
vn -0.51808 0.62757 -0.58317
vn -0.44966 -0.76246 -0.46771
vn -0.70772 0.62268 -0.33855
vn 0.87097 -0.47019 -0.14677
vn 0.55132 -0.45161 0.70254
vn 0.05963 -0.12317 0.99022
vn -0.03421 -0.64712 0.76321
vn -0.33040 0.75660 0.56360
vn -0.62952 0.77810 0.00783
vn -0.62952 0.77810 0.00783
vn -0.49560 0.07625 -0.86693
vn -0.52688 0.12805 -0.84344
vn -0.44184 0.02835 -0.89824
vn 0.50831 -0.83187 0.22309
vn -0.54057 0.25220 -0.80431
vn -0.31867 -0.68719 0.65362
vn 0.01662 0.00196 1.00000
vn -0.03421 0.64614 0.76321
vn 0.85142 -0.11339 -0.51468
vn 0.17693 -0.87977 -0.44423
vn -0.33040 -0.75758 0.56360
vn -0.62952 -0.77908 0.00783
vn -0.62952 -0.77908 0.00783
vn -0.25318 -0.96676 -0.05284
vn 0.87097 0.46921 -0.14677
vn 0.55132 0.45064 0.70254
vn 0.05963 0.12219 0.99022
vn -0.03421 0.64614 0.76321
vn 0.99413 0.10753 0.03131
vn 0.87097 0.46921 -0.14677
vn 0.55132 0.45064 0.70254
vn 0.99413 0.10753 0.03131
vn 0.04301 0.39883 -0.91781
vn -0.25611 0.96481 -0.05871
vn 0.10655 0.81134 0.57339
vn 0.42326 0.74585 0.51272
vn 0.57380 0.77224 0.27202
vn 0.67546 0.29326 -0.67710
vn -0.78690 -0.55816 0.26614
vn -0.79277 -0.41838 -0.44618
vn 0.74487 -0.15347 -0.65166
vn -0.79277 -0.41838 -0.44618
vn -0.69697 -0.40469 -0.59491
vn -0.45846 0.74389 -0.48728
vn 0.69599 0.67351 0.25049
vn 0.30205 0.18182 -0.93738
vn -0.39101 0.43402 -0.81409
vn 0.39492 0.91105 -0.11937
vn 0.67546 -0.29423 -0.67710
vn -0.69697 0.40371 -0.59491
vn 0.74487 0.15249 -0.65166
vn -0.69697 0.40371 -0.59491
vn -0.79277 0.41740 -0.44618
vn -0.71652 0.61095 -0.33855
vn -0.80645 0.20626 -0.55773
vn -0.91496 0.36461 -0.17613
vn -0.91496 -0.36559 -0.17613
vn -0.80645 -0.20723 -0.55773
vn -0.71652 -0.61193 -0.33855
vn -0.97067 -0.14565 0.19374
vn -0.91496 0.36461 -0.17613
vn -0.97067 0.14467 0.19374
vn 0.20039 -0.90127 0.38552
vn 0.07234 -0.94233 0.32877
vn 0.05572 -0.83187 0.55382
vn -0.22678 -0.90127 0.37182
vn -0.26393 -0.68426 0.68102
vn -0.51320 -0.73900 0.43836
vn -0.21994 -0.55914 0.80039
vn 0.19062 -0.28250 0.93933
vn 0.02248 -0.34409 0.93933
vn 0.35484 0.02835 0.93346
vn 0.54154 -0.22092 0.81018
vn 0.39980 -0.52786 0.74951
vn 0.61486 -0.46237 0.63796
vn 0.55718 -0.58553 0.58904
vn 0.39101 -0.80841 0.44031
vn 0.45943 -0.74878 0.47945
vn 0.20039 0.90029 0.38552
vn 0.07234 0.94135 0.32877
vn 0.05572 0.83089 0.55382
vn -0.22678 0.90029 0.37182
vn -0.26393 0.68328 0.68102
vn -0.51320 0.73803 0.43836
vn -0.21994 0.55816 0.80039
vn 0.19062 0.28152 0.93933
vn 0.02248 0.34311 0.93933
vn 0.35484 -0.02933 0.93346
vn 0.54154 0.21994 0.81018
vn 0.39980 0.52688 0.74951
vn 0.61486 0.46139 0.63796
vn 0.55718 0.58456 0.58904
vn 0.39101 0.80743 0.44031
vn 0.45943 0.74780 0.47945
vn -0.20332 0.97752 0.06067
vn -0.51124 0.81427 0.27593
vn 0.21896 0.96970 0.10176
vn 0.54839 0.78886 0.27789
vn 0.52688 0.84946 -0.02348
vn 0.60508 0.74096 0.28963
vn 0.59531 0.79961 0.07436
vn 0.64516 0.75660 0.10176
vn 0.80645 0.59140 -0.00391
vn 0.69892 0.63734 -0.32485
vn 0.68622 0.71750 -0.12329
vn 0.63930 0.72532 -0.25440
vn 0.84066 0.52493 -0.12916
vn 0.99609 -0.07234 0.05088
vn 0.64125 0.64809 -0.41096
vn -0.21799 -0.95894 0.18591
vn -0.20137 -0.94819 0.24853
vn -0.30792 -0.92180 0.23875
vn -0.45357 -0.86901 0.20352
vn -0.49365 -0.87097 -0.00587
vn -0.48094 -0.87683 -0.04110
vn -0.49169 -0.86022 -0.14286
vn -0.08016 0.98729 -0.13503
vn 0.02639 0.99022 -0.13699
vn 0.16618 0.97947 -0.11742
vn 0.28543 0.95797 -0.02348
vn 0.55034 0.82796 -0.10959
vn 0.24829 0.96872 -0.01957
vn 0.57771 0.81623 0.00587
vn 0.28543 0.95797 -0.02348
vn -0.33822 0.85533 -0.39335
vn -0.32454 0.88465 -0.33659
vn 0.02639 0.99022 -0.13699
vn -0.08016 0.98729 -0.13503
vn 0.64125 -0.13978 0.75538
vn 0.42913 -0.89247 -0.14481
vn 0.74585 -0.23754 0.62231
vn 0.89345 -0.00098 -0.45205
vn 0.79863 -0.00098 0.60274
vn 0.57380 0.77224 0.27202
vn 0.57771 0.81623 0.00587
vn 0.84066 -0.52590 -0.12916
vn 0.63930 -0.72630 -0.25440
vn 0.99609 0.06647 0.05284
vn 0.64125 -0.64907 -0.41096
vn -0.37928 -0.00098 -0.92759
vn -0.26686 -0.32160 -0.90998
vn 0.42913 -0.89247 -0.14481
vn -0.27370 -0.30792 -0.91389
vn -0.51711 -0.23656 -0.82583
vn -0.14663 -0.98045 0.13503
vn -0.38025 -0.24633 -0.89432
vn -0.68719 -0.61877 0.38160
vn -0.62659 -0.00098 -0.78082
vn -0.85239 -0.00098 0.52446
vn 0.02933 -0.22776 0.97260
vn -0.02933 -0.00098 1.00000
vn 0.29912 -0.30694 0.90411
vn -0.21799 0.95797 0.18591
vn -0.20137 0.94721 0.24853
vn -0.30792 0.92082 0.23875
vn -0.45357 0.86804 0.20352
vn -0.49365 0.86999 -0.00587
vn -0.48094 0.87586 -0.04110
vn -0.49169 0.85924 -0.14286
vn -0.08016 -0.98827 -0.13503
vn 0.02639 -0.99120 -0.13699
vn 0.16618 -0.98045 -0.11742
vn 0.28543 -0.95894 -0.02348
vn 0.55034 -0.82893 -0.10959
vn 0.25318 -0.96774 -0.01761
vn 0.57771 -0.81720 0.00587
vn 0.28543 -0.95894 -0.02348
vn -0.33822 -0.85631 -0.39335
vn -0.32454 -0.88563 -0.33659
vn 0.02639 -0.99120 -0.13699
vn -0.08016 -0.98827 -0.13503
vn 0.57380 -0.77322 0.27202
vn 0.57771 -0.81720 0.00587
vn -0.59335 0.80547 0.00000
vn -0.61193 0.74194 0.27593
vn -0.20332 0.97752 0.06067
vn -0.70772 0.68915 0.15851
vn -0.19453 0.91300 0.35812
vn 0.21896 0.96970 0.10176
vn 0.19257 0.87781 0.43640
vn 0.64516 0.75660 0.10176
vn 0.73021 0.53959 0.41879
vn 0.84066 0.52493 -0.12916
vn 0.91691 -0.12903 0.37769
vn 0.99609 -0.07234 0.05088
vn -0.32942 0.02933 -0.94521
vn -0.72923 0.17009 -0.66536
vn -0.80450 -0.26784 -0.53229
vn -0.94037 -0.32649 -0.10959
vn -0.86901 -0.45455 -0.20157
vn -0.70772 -0.69013 0.15851
vn -0.84555 -0.51711 0.13894
vn -0.61193 -0.74291 0.27593
vn -0.59335 -0.80645 0.00000
vn -0.20332 -0.97849 0.06067
vn -0.19453 -0.91398 0.35812
vn 0.21896 -0.97067 0.10176
vn 0.19257 -0.87879 0.43640
vn 0.64516 -0.75758 0.10176
vn 0.73021 -0.54057 0.41879
vn 0.84066 -0.52590 -0.12916
vn 0.91691 0.12805 0.37769
vn 0.99609 0.06647 0.05284
vn 0.64516 -0.75758 0.10176
vn 0.69892 -0.63832 -0.32485
vn 0.84066 -0.52590 -0.12916
vn 0.63930 -0.72630 -0.25440
vn -0.32942 -0.03030 -0.94521
vn -0.72923 -0.17107 -0.66536
vn -0.80254 0.26100 -0.54012
vn -0.94037 0.32551 -0.10959
vn -0.86901 0.45357 -0.20157
vn -0.84555 0.51613 0.13894
vn 0.55034 0.50831 -0.66341
vn 0.55034 -0.50929 -0.66341
vn 0.83773 0.52102 -0.16634
vn 0.83773 -0.52199 -0.16634
vn 0.77810 -0.47703 0.40900
vn 0.68622 -0.71848 -0.12329
vn 0.88856 -0.34213 0.30724
vn 0.80645 -0.59238 -0.00391
vn 0.92278 -0.37732 0.08415
vn 0.59531 -0.80059 0.07436
vn 0.55230 -0.83284 -0.05284
vn 0.92962 -0.36755 -0.03327
vn 0.88270 -0.45064 -0.13699
vn 0.99609 -0.00098 -0.08611
vn 0.97752 0.02542 -0.20939
vn 0.97752 -0.02639 -0.20939
vn 0.90909 -0.28055 -0.30920
vn 0.95210 -0.21212 -0.21918
vn 0.99902 0.00880 -0.03327
vn 0.98729 0.15640 0.00196
vn 0.95992 -0.05083 0.27397
vn 0.98436 -0.00684 0.17417
vn 0.74780 -0.02542 0.66341
vn 0.68426 0.00684 0.72798
vn 0.50929 -0.08895 0.85519
vn 0.42815 -0.21017 0.87867
vn 0.64125 0.13881 0.75538
vn 0.37146 -0.40762 0.83562
vn 0.29912 0.30596 0.90411
vn 0.24536 -0.79277 0.55969
vn 0.68719 -0.18866 0.70254
vn 0.45259 -0.53372 0.71429
vn 0.23265 -0.56500 0.79256
vn 0.45064 -0.47410 0.75538
vn 0.20137 -0.42229 0.88454
vn 0.49071 0.03617 0.87084
vn 0.53470 0.19257 0.82192
vn 0.57185 0.66373 0.47945
vn 0.42717 0.77810 0.45988
vn 0.56012 0.64516 0.51859
vn 0.42326 0.74585 0.51272
vn 0.53959 0.48192 0.68885
vn 0.10655 0.81134 0.57339
vn 0.52590 0.46921 0.70841
vn -0.35288 0.75171 0.55577
vn 0.78788 -0.01369 0.61448
vn -0.25513 0.52884 0.81018
vn -0.75758 0.58358 0.29354
vn -0.19941 0.73803 0.64384
vn -0.25904 0.96579 -0.01174
vn 0.14956 0.98827 -0.00587
vn 0.26784 0.80254 -0.53425
vn 0.55230 0.83187 -0.05284
vn 0.56500 0.78886 -0.24266
vn 0.88270 0.44966 -0.13699
vn 0.81232 0.42229 -0.40313
vn 0.92669 0.19355 -0.32290
vn 0.81134 0.49462 -0.31311
vn 0.92082 0.30890 -0.23679
vn 0.55034 0.82796 -0.10959
vn 0.89834 0.39785 -0.18787
vn 0.60606 0.76833 -0.20548
vn 0.79277 0.60899 0.01370
vn 0.24829 0.96872 -0.01566
vn 0.57185 0.66373 0.47945
vn 0.57380 0.77224 0.27202
vn -0.20723 -0.93451 -0.29354
vn -0.11437 -0.98436 -0.14677
vn -0.03715 -1.00000 -0.01370
vn 0.02248 -0.99707 0.08611
vn 0.00978 -0.99413 0.11742
vn 0.05181 -0.99609 0.08611
vn -0.08504 -0.96285 0.25832
vn -0.20626 -0.85924 0.46967
vn -0.84555 -0.51711 0.13894
vn -0.82405 -0.45064 0.34442
vn -0.61193 -0.74291 0.27593
vn -0.77028 -0.61388 0.18004
vn -0.59335 -0.80645 0.00000
vn -0.75758 -0.58456 0.29354
vn -0.51124 -0.81525 0.27593
vn -0.20332 -0.97849 0.06067
vn 0.52493 -0.85142 -0.02544
vn 0.54839 -0.78983 0.27789
vn 0.21896 -0.97067 0.10176
vn -0.51124 -0.81525 0.27593
vn -0.25513 -0.52981 0.81018
vn -0.19941 -0.73900 0.64384
vn -0.25513 -0.96774 -0.00783
vn 0.14956 -0.98925 -0.00587
vn 0.26784 -0.80352 -0.53425
vn 0.55523 -0.83089 -0.05284
vn 0.56500 -0.78983 -0.24266
vn 0.53666 -0.65885 -0.53033
vn 0.81232 -0.42326 -0.40313
vn 0.62561 -0.58749 -0.51468
vn 0.81134 -0.49560 -0.31311
vn 0.55034 -0.82893 -0.10959
vn 0.16618 -0.98045 -0.11742
vn 0.28348 -0.66178 -0.69667
vn -0.08016 -0.98827 -0.13503
vn -0.32356 -0.63832 -0.70059
vn -0.32454 -0.88563 -0.33659
vn 0.42815 0.20919 0.87867
vn 0.68719 0.18768 0.70254
vn 0.49071 -0.03715 0.87084
vn 0.69892 -0.34311 0.62818
vn 0.56598 0.40469 0.71820
vn -0.49853 -0.58162 -0.64579
vn 0.68719 0.18768 0.70254
vn 0.69892 -0.34311 0.62818
vn 0.78788 0.01271 0.61448
vn 0.53470 -0.19355 0.82192
vn 0.68524 0.00000 0.72798
vn 0.50929 0.08798 0.85519
vn 0.64125 -0.13978 0.75538
vn 0.74585 -0.23754 0.62231
vn 0.79863 -0.00098 0.60274
vn 0.74585 0.23656 0.62231
vn 0.68719 0.18768 0.70254
vn 0.24536 0.79179 0.55969
vn 0.45259 0.53275 0.71429
vn 0.23265 0.56403 0.79256
vn 0.45064 0.47312 0.75538
vn 0.20137 0.42131 0.88454
vn 0.74780 0.02444 0.66341
vn 0.95992 0.04985 0.27397
vn 0.98436 0.00489 0.17417
vn 0.98729 -0.15738 0.00196
vn 0.89834 -0.39980 -0.18591
vn 0.92082 -0.30987 -0.23679
vn 0.55034 -0.82893 -0.10959
vn 0.81134 -0.49560 -0.31311
vn 0.92669 -0.19453 -0.32290
vn 0.81232 -0.42326 -0.40313
vn 0.56500 -0.78983 -0.24266
vn 0.99902 -0.00978 -0.03327
vn 0.90909 0.27957 -0.30920
vn 0.95210 0.21114 -0.21918
vn 0.95210 0.21114 -0.21918
vn 0.56012 -0.64614 0.51859
vn 0.42717 -0.77908 0.45988
vn 0.57283 -0.66569 0.47945
vn 0.25318 -0.96872 -0.01370
vn 0.79765 -0.60411 0.01566
vn 0.60899 -0.76833 -0.19961
vn 0.79765 -0.60411 0.01566
vn 0.57380 -0.77322 0.27202
vn 0.42326 -0.74682 0.51272
vn -0.86119 -0.38807 0.33072
vn -0.84066 -0.53372 -0.10176
vn -0.98925 -0.15152 0.02348
vn -0.81916 -0.25904 -0.51468
vn -0.89150 -0.07722 -0.45010
vn -0.81818 -0.21505 -0.53620
vn -0.85337 0.11046 -0.51272
vn -0.74585 0.05474 -0.66536
vn -0.84262 0.22385 -0.49315
vn -0.88954 0.26197 -0.37769
vn -0.95308 0.07625 -0.29746
vn -0.94526 -0.32942 0.01761
vn -0.98534 -0.16227 0.07241
vn -0.87390 -0.47605 0.10763
vn -0.93744 -0.29228 -0.19569
vn -0.91789 -0.20235 -0.34638
vn -0.84946 -0.37048 -0.37965
vn -0.67155 -0.53275 -0.51859
vn -0.55327 -0.78592 -0.28180
vn -0.33822 -0.85631 -0.39335
vn -0.65982 -0.75171 -0.03523
vn -0.86999 -0.44086 -0.22701
vn -0.85924 -0.29521 -0.42074
vn -0.74194 -0.37243 -0.56164
vn -0.49853 -0.58162 -0.64579
vn -0.25513 -0.96774 -0.00783
vn -0.95112 0.01662 -0.31311
vn -0.37928 -0.00098 -0.92759
vn 0.89345 -0.00098 -0.45205
vn -0.26686 0.32063 -0.90998
vn 0.42913 0.89150 -0.14481
vn -0.27370 0.30694 -0.91389
vn -0.51711 0.23558 -0.82583
vn -0.14663 0.97947 0.13503
vn -0.38025 0.24536 -0.89432
vn -0.68719 0.61779 0.38160
vn -0.62659 -0.00098 -0.78082
vn -0.85239 -0.00098 0.52446
vn 0.02933 0.22678 0.97260
vn -0.02933 -0.00098 1.00000
vn 0.64125 0.13881 0.75538
vn 0.29912 0.30596 0.90411
vn 0.79863 -0.00098 0.60274
vn 0.74585 0.23656 0.62231
vn 0.42913 0.89150 -0.14481
vn 0.59531 -0.80059 0.07436
vn 0.60508 -0.74194 0.28963
vn 0.24047 -0.76735 0.59491
vn 0.78788 0.01271 0.61448
vn 0.53959 -0.48289 0.68885
vn 0.45259 0.53275 0.71429
vn 0.52590 -0.47019 0.70841
vn 0.56012 -0.64614 0.51859
vn 0.53959 -0.48289 0.68885
vn 0.42326 -0.74682 0.51272
vn 0.10655 -0.81232 0.57339
vn -0.35288 -0.75269 0.55577
vn -0.25513 -0.52981 0.81018
vn 0.30010 -0.48778 0.81996
vn 0.24047 -0.76735 0.59491
vn 0.60508 -0.74194 0.28963
vn 0.54839 -0.78983 0.27789
vn 0.24047 0.76637 0.59491
vn 0.92278 0.37634 0.08415
vn 0.88856 0.34115 0.30724
vn 0.77810 0.47605 0.40900
vn 0.83773 0.52102 -0.16634
vn 0.55034 0.50831 -0.66341
vn 0.64125 0.64809 -0.41096
vn 0.38123 0.20821 -0.90215
vn 0.38123 -0.20919 -0.90215
vn 0.17302 0.27566 -0.94716
vn 0.17302 -0.27664 -0.94716
vn -0.32942 0.02933 -0.94521
vn -0.32942 -0.03030 -0.94521
vn 0.52590 -0.47019 0.70841
vn 0.86999 0.07038 0.48728
vn 0.45064 0.47312 0.75538
vn 0.35093 -0.05181 0.93542
vn 0.23851 0.05767 0.96869
vn 0.23851 -0.05865 0.96869
vn 0.35093 0.05083 0.93542
vn -0.79179 0.20919 0.57339
vn -0.79863 0.23558 0.55382
vn -0.96970 0.23265 -0.08611
vn -0.97361 0.21114 -0.09198
vn -0.93744 0.29130 -0.19569
vn -0.86999 0.43988 -0.22701
vn -0.25513 0.52884 0.81018
vn 0.30010 0.48680 0.81996
vn 0.24047 0.76637 0.59491
vn 0.60508 0.74096 0.28963
vn 0.54839 0.78886 0.27789
vn -0.59335 0.80547 0.00000
vn -0.51124 0.81427 0.27593
vn -0.77028 0.61290 0.18004
vn -0.84066 0.53275 -0.10176
vn -0.86119 0.38710 0.33072
vn -0.98925 0.15054 0.02348
vn -0.92571 0.15347 0.34638
vn -0.98925 -0.15152 0.02348
vn -0.92571 -0.15445 0.34638
vn -0.86119 -0.38807 0.33072
vn -0.82405 -0.45064 0.34442
vn -0.97947 -0.20626 0.02935
vn -0.84555 -0.51711 0.13894
vn -0.86901 -0.45455 -0.20157
vn -0.80450 -0.26784 -0.53229
vn -0.81329 -0.00098 -0.58513
vn -0.32942 0.02933 -0.94521
vn -0.32942 -0.03030 -0.94521
vn -0.80254 0.26100 -0.54012
vn -0.97752 0.21017 0.03327
vn -0.86901 0.45357 -0.20157
vn -0.84555 0.51613 0.13894
vn -0.82405 0.44966 0.34442
vn -0.61193 0.74194 0.27593
vn -0.25904 0.96579 -0.01174
vn -0.49853 0.58065 -0.64579
vn -0.81916 0.25806 -0.51468
vn -0.74194 0.37146 -0.56164
vn -0.81818 0.21408 -0.53620
vn -0.67155 0.53177 -0.51859
vn -0.85924 0.29423 -0.42074
vn -0.91789 0.20137 -0.34638
vn -0.88954 -0.26295 -0.37769
vn -0.94526 0.32845 0.01761
vn -0.95308 -0.07722 -0.29746
vn -0.98534 0.16129 0.07241
vn -0.95112 -0.01760 -0.31311
vn -0.95112 0.01662 -0.31311
vn -0.84262 -0.22483 -0.49315
vn -0.84262 0.22385 -0.49315
vn -0.85337 -0.11144 -0.51272
vn -0.84751 0.10362 -0.52250
vn -0.89150 -0.07722 -0.45010
vn -0.89150 0.07625 -0.45010
vn -0.91496 -0.36559 -0.17613
vn -0.91496 0.36461 -0.17613
vn -0.98534 -0.16227 0.07241
vn -0.74585 -0.05572 -0.66536
vn -0.32356 0.63734 -0.70059
vn -0.32454 0.88465 -0.33659
vn -0.33822 0.85533 -0.39335
vn -0.55327 0.78495 -0.28180
vn -0.65982 0.75073 -0.03523
vn -0.86999 0.43988 -0.22701
vn -0.84946 0.36950 -0.37965
vn -0.93744 0.29130 -0.19569
vn -0.87390 0.47507 0.10763
vn -0.99902 0.06452 0.01370
vn -0.66178 0.66960 0.33855
vn -0.56891 0.59922 0.56360
vn -0.99511 0.05376 0.08806
vn -0.08016 0.98729 -0.13503
vn 0.28348 0.66080 -0.69667
vn 0.53666 0.65787 -0.53033
vn 0.62561 0.58651 -0.51468
vn 0.16618 0.97947 -0.11742
vn -0.49853 0.58065 -0.64579
vn 0.77810 0.47605 0.40900
vn 0.88856 0.34115 0.30724
vn 0.93353 0.35679 -0.03523
vn 0.79277 0.60899 0.01370
vn 0.23851 0.05767 0.96869
vn 0.35093 -0.05181 0.93542
vn -0.79179 -0.21017 0.57339
vn -0.79863 -0.23656 0.55382
vn -0.96970 -0.23363 -0.08611
vn -0.97361 -0.21212 -0.09198
vn -0.93744 -0.29228 -0.19569
vn -0.86999 -0.44086 -0.22701
vn 0.20137 0.42131 0.88454
vn -0.66178 -0.67058 0.33855
vn -0.19550 -0.35582 0.91389
vn -0.56891 -0.60020 0.56360
vn -0.50733 -0.24145 0.82779
vn -0.99511 -0.05474 0.08806
vn -0.50733 0.24047 0.82779
vn -0.19550 0.35484 0.91389
vn 0.20137 -0.42229 0.88454
vn 0.31769 -0.08211 0.94521
vn 0.23265 -0.56500 0.79256
vn 0.02933 0.22678 0.97260
vn 0.29912 0.30596 0.90411
vn 0.24536 -0.79277 0.55969
vn 0.02933 -0.22776 0.97260
vn 0.27957 -0.00098 0.96086
vn -0.02933 -0.00098 1.00000
vn 0.31476 0.00000 0.94912
vn 0.27957 0.00000 0.96086
vn -0.50733 -0.24145 0.82779
vn -0.19550 -0.35582 0.91389
vn 0.31769 0.08113 0.94521
vn 0.23265 0.56403 0.79256
vn 0.29912 -0.30694 0.90411
vn 0.24536 0.79179 0.55969
vn 0.20137 0.42131 0.88454
vn -0.98534 0.16129 0.07241
vn -0.99902 0.06452 0.01370
vn -0.99511 0.05376 0.08806
vn -0.91496 0.36461 -0.17613
vn -0.99902 -0.06549 0.01370
vn -0.87390 -0.47605 0.10763
vn 0.29912 -0.30694 0.90411
vn 0.37146 0.40665 0.83562
vn 0.24536 0.79179 0.55969
vn 0.68719 -0.18866 0.70254
vn 0.69892 0.34213 0.62818
vn 0.78788 -0.01369 0.61448
vn 0.56598 -0.40567 0.71820
vn 0.53470 0.19257 0.82192
vn 0.56598 -0.40567 0.71820
vn 0.53959 0.48192 0.68885
vn 0.45259 -0.53372 0.71429
vn 0.52590 0.46921 0.70841
vn 0.86999 -0.07136 0.48728
vn 0.45064 -0.47410 0.75538
vn 0.35093 0.05083 0.93542
vn 0.23851 -0.05865 0.96869
vn 0.20137 -0.42229 0.88454
vn 0.23851 -0.05865 0.96869
vn 0.45064 -0.47410 0.75538
vn -0.20626 0.85826 0.46967
vn -0.08504 0.96188 0.25832
vn 0.00978 0.99316 0.11742
vn 0.05181 0.99511 0.08611
vn 0.02248 0.99609 0.08611
vn -0.03715 0.99902 -0.01370
vn -0.11437 0.98338 -0.14677
vn -0.20723 0.93353 -0.29354
vn 0.45064 0.47312 0.75538
vn 0.23851 0.05767 0.96869
vn 0.20137 0.42131 0.88454
vn 0.60508 -0.74194 0.28963
vn 0.52493 -0.85142 -0.02544
vn 0.55034 -0.50929 -0.66341
vn 0.64125 -0.64907 -0.41096
vn 0.38123 -0.20919 -0.90215
vn 0.52493 0.85044 -0.02544
vn 0.52493 -0.85142 -0.02544
vn 0.46530 0.87781 0.11350
vn 0.39394 0.43988 0.80626
vn 0.43988 0.66569 0.60274
vn 0.37830 0.09580 0.91977
vn -0.80841 -0.35484 0.47162
vn -0.97654 -0.21799 0.01761
vn -0.88270 -0.00098 0.47162
vn -0.97654 0.21701 0.01761
vn -0.80841 0.35386 0.47162
vn 0.62757 0.74389 0.22701
vn 0.65885 0.17302 0.73190
vn 0.85435 0.50733 0.10763
vn 0.54057 0.68622 0.48728
vn 0.74096 0.65689 0.14090
vn 0.67253 0.70968 -0.20939
vn 0.21603 0.75758 -0.61644
vn 0.43891 0.89638 -0.06458
vn -0.50538 0.76344 -0.40509
vn 0.01760 0.98436 -0.17613
vn 0.39394 0.43988 0.80626
vn 0.62757 -0.74487 0.22701
vn 0.65885 -0.17400 0.73190
vn 0.85435 -0.50831 0.10763
vn 0.54057 -0.68719 0.48728
vn 0.74096 -0.65787 0.14090
vn 0.67253 -0.71065 -0.20939
vn 0.21603 -0.75855 -0.61644
vn 0.35093 0.92766 -0.12916
vn 0.67840 0.58260 -0.44814
vn 0.37341 0.83969 -0.39530
vn 0.35973 0.75562 -0.54795
vn 0.44575 0.83578 -0.32290
vn 0.23656 0.85924 -0.45401
vn 0.47214 0.75367 -0.45793
vn 0.47996 0.73998 -0.47162
vn 0.43891 -0.89736 -0.06458
vn -0.50538 -0.76442 -0.40509
vn 0.01760 -0.98534 -0.17613
vn 0.39394 -0.44086 0.80626
vn 0.37830 -0.09677 0.91977
vn 0.43988 -0.66667 0.60274
vn 0.39394 -0.44086 0.80626
vn 0.46530 -0.87879 0.11350
vn 0.82698 -0.55230 0.10763
vn 0.58553 -0.52786 0.61644
vn 0.63734 -0.19648 0.74560
vn 0.38319 -0.01075 0.92368
vn 0.41935 0.00978 0.90802
vn 0.35875 -0.00098 0.93346
vn 0.37830 -0.09677 0.91977
vn 0.43988 -0.66667 0.60274
vn -0.14174 -0.93451 0.32877
vn -0.53763 -0.79374 -0.28767
vn -0.40665 -0.84164 0.35616
vn -0.57478 -0.72043 -0.39139
vn -0.56109 -0.64321 0.52250
vn -0.69697 -0.57185 -0.43640
vn -0.76246 -0.27273 0.58708
vn -0.88759 -0.25024 -0.39139
vn -0.88759 0.24927 -0.39139
vn -0.76246 0.27175 0.58708
vn -0.69697 0.57087 -0.43640
vn -0.56109 0.64223 0.52250
vn -0.57478 0.71945 -0.39139
vn -0.40665 0.84066 0.35616
vn -0.54741 0.78495 -0.29354
vn -0.14174 0.93353 0.32877
vn -0.59140 -0.58162 0.55969
vn -0.80841 -0.35484 0.47162
vn -0.76246 -0.27273 0.58708
vn -0.88270 -0.00098 0.47162
vn -0.76246 0.27175 0.58708
vn -0.80841 0.35386 0.47162
vn -0.56109 0.64223 0.52250
vn -0.59140 0.58065 0.55969
vn -0.77224 -0.22581 0.59491
vn -0.77224 0.22483 0.59491
vn -0.50244 -0.19257 0.84344
vn -0.50244 0.19159 0.84344
vn -0.26002 -0.00098 0.96477
vn -0.25122 0.19159 0.94912
vn -0.02737 0.00000 1.00000
vn -0.02151 0.18182 0.98239
vn 0.19648 0.19355 0.96086
vn 0.21017 0.00000 0.97847
vn 0.39980 0.14956 0.90411
vn 0.39980 -0.15054 0.90411
vn 0.50733 0.28055 0.81409
vn 0.50733 -0.28152 0.81409
vn 0.38514 0.29130 0.87476
vn 0.38514 -0.29228 0.87476
vn 0.57185 0.46921 0.67123
vn 0.57087 -0.46823 0.67319
vn 0.56794 0.32063 -0.75930
vn 0.56794 -0.32160 -0.75930
vn 0.70577 0.28543 0.64775
vn 0.88074 0.25709 -0.39922
vn 0.61779 -0.54154 0.56947
vn 0.66373 -0.47996 -0.57534
vn 0.39883 -0.65982 -0.63992
vn 0.39687 -0.77713 0.48924
vn 0.22874 -0.85142 0.47358
vn 0.29326 -0.39980 0.86888
vn 0.15543 -0.64027 0.75147
vn 0.25122 -0.77517 0.57926
vn 0.07820 -0.79961 0.59687
vn 0.22092 -0.76931 0.60078
vn 0.12219 -0.96383 0.24070
vn -0.00196 -0.82796 0.56164
vn -0.02053 -0.96676 0.25636
vn -0.25220 -0.69013 0.67906
vn -0.16227 -0.88563 0.43640
vn -0.50538 -0.68622 0.52446
vn -0.48192 -0.75660 0.44227
vn -0.80450 -0.59140 0.07045
vn -0.59140 -0.58162 0.55969
vn -0.80841 -0.35484 0.47162
vn -0.97654 -0.21799 0.01761
vn -0.77224 -0.22581 0.59491
vn -0.50244 -0.19257 0.84344
vn -0.25122 -0.19257 0.94912
vn -0.00489 -0.48778 0.87280
vn -0.02933 -0.17595 0.98434
vn 0.23069 -0.45455 0.86106
vn 0.19648 -0.19453 0.96086
vn 0.30205 -0.50831 0.80626
vn 0.39980 -0.15054 0.90411
vn 0.39883 0.19355 0.89628
vn 0.70577 0.28543 0.64775
vn 0.57087 0.46725 0.67319
vn 0.56794 0.32063 -0.75930
vn 0.61779 -0.54154 0.56947
vn 0.50733 0.28055 0.81409
vn 0.38514 0.29130 0.87476
vn 0.17107 -0.76149 -0.62818
vn 0.03617 -0.86413 0.50294
vn 0.13978 -0.95015 -0.28376
vn -0.01466 -0.80254 0.59687
vn -0.00391 -0.87488 0.48532
vn -0.01271 -0.82502 0.56556
vn -0.14174 -0.93451 0.32877
vn -0.40665 -0.84164 0.35616
vn 0.35093 -0.92864 -0.12916
vn 0.67840 -0.58358 -0.44814
vn 0.37341 -0.84066 -0.39530
vn 0.35973 -0.75660 -0.54795
vn 0.44575 -0.83675 -0.32290
vn 0.23656 -0.86022 -0.45401
vn 0.47214 -0.75464 -0.45793
vn 0.47996 -0.74096 -0.47162
vn 0.47214 -0.75464 -0.45793
vn 0.74878 -0.65885 -0.08023
vn 0.44575 -0.83675 -0.32290
vn 0.60117 -0.77908 0.18004
vn 0.37341 -0.84066 -0.39530
vn 0.43988 -0.66667 0.60274
vn 0.35093 -0.92864 -0.12916
vn 0.74096 -0.65787 0.14090
vn 0.46530 -0.87879 0.11350
vn 0.85435 -0.50831 0.10763
vn 0.62757 -0.74487 0.22701
vn 0.43891 -0.89736 -0.06458
vn 0.34702 -0.79765 0.49315
vn 0.22385 -0.97458 0.04305
vn 0.29228 -0.71750 -0.63405
vn 0.13978 -0.95015 -0.28376
vn 0.17107 -0.76149 -0.62818
vn -0.00391 -0.87488 0.48532
vn -0.08211 -0.99511 0.07241
vn -0.04790 -0.99218 0.12720
vn -0.54741 -0.78592 -0.29354
vn -0.24340 -0.89834 -0.36986
vn -0.61975 -0.24731 -0.74755
vn -0.37537 -0.07625 -0.92564
vn 0.21603 -0.75855 -0.61644
vn 0.67253 -0.71065 -0.20939
vn 0.54057 -0.68719 0.48728
vn 0.65885 -0.17400 0.73190
vn -0.14174 -0.93451 0.32877
vn 0.70577 -0.28641 0.64775
vn 0.61779 0.54057 0.56947
vn 0.29326 0.39883 0.86888
vn 0.39687 0.77615 0.48924
vn -0.37537 -0.07625 -0.92564
vn -0.21603 -0.11828 -0.97065
vn 0.29326 -0.81818 -0.49706
vn 0.67840 -0.58358 -0.44814
vn 0.29326 -0.81818 -0.49706
vn 0.35973 -0.75660 -0.54795
vn 0.38905 -0.81134 -0.44031
vn 0.23656 -0.86022 -0.45401
vn 0.12121 -0.69697 -0.70841
vn 0.05865 -0.52004 -0.85519
vn -0.35777 -0.20919 -0.91194
vn 0.19648 -0.19453 0.96086
vn -0.02933 -0.17595 0.98434
vn -0.25122 -0.19257 0.94912
vn 0.30205 0.50733 0.80626
vn 0.25122 0.77419 0.57926
vn 0.23069 0.45357 0.86106
vn 0.22092 0.76833 0.60078
vn -0.00489 0.48680 0.87280
vn -0.00196 0.82698 0.56164
vn -0.25220 0.68915 0.67906
vn 0.98631 0.08309 -0.14090
vn 0.72825 0.00978 0.68493
vn 0.96676 0.22678 0.11937
vn 0.63734 0.19550 0.74560
vn 0.82698 0.55132 0.10763
vn 0.58162 0.53372 0.61448
vn 0.33724 -0.32551 -0.88650
vn 0.73118 -0.35875 -0.58121
vn 0.73118 0.35777 -0.58121
vn 0.96676 0.22678 0.11937
vn 0.43988 0.66569 0.60274
vn 0.37830 0.09580 0.91977
vn 0.37048 -0.00293 0.92955
vn 0.38319 0.00978 0.92368
vn 0.41935 -0.01075 0.90802
vn 0.81623 -0.00098 0.57730
vn 0.98631 -0.08407 -0.14090
vn 0.96676 -0.22776 0.11937
vn 0.82698 -0.55230 0.10763
vn 0.63734 -0.19648 0.74560
vn 0.72825 -0.01075 0.68493
vn 0.41935 0.00978 0.90802
vn 0.49169 -0.00098 0.87084
vn 0.43988 0.66569 0.60274
vn 0.58162 0.53372 0.61448
vn 0.60117 0.77810 0.18004
vn 0.74878 0.65787 -0.08023
vn 0.47996 -0.74096 -0.47162
vn 0.33724 -0.32551 -0.88650
vn -0.21017 -0.58749 -0.78474
vn 0.12121 -0.69697 -0.70841
vn -0.35777 -0.20919 -0.91194
vn -0.37537 0.07527 -0.92564
vn -0.21603 0.11730 -0.97065
vn 0.21603 0.75758 -0.61644
vn 0.29326 0.81720 -0.49706
vn 0.74096 0.65689 0.14090
vn -0.40567 -0.17107 -0.90020
vn -0.40567 0.17009 -0.90020
vn 0.33724 0.32454 -0.88650
vn -0.21017 0.58651 -0.78474
vn 0.12121 0.69599 -0.70841
vn -0.35777 0.20821 -0.91194
vn 0.43891 0.89638 -0.06458
vn 0.01760 0.98436 -0.17613
vn 0.46530 0.87781 0.11350
vn 0.39394 0.43988 0.80626
vn 0.01760 -0.98534 -0.17613
vn 0.39394 -0.44086 0.80626
vn 0.58553 -0.52786 0.61644
vn 0.17107 0.76051 -0.62818
vn 0.13978 0.94917 -0.28376
vn 0.29228 0.71652 -0.63405
vn 0.22385 0.97361 0.04305
vn 0.34702 0.79668 0.49315
vn 0.62757 0.74389 0.22701
vn 0.85435 0.50733 0.10763
vn 0.35093 0.92766 -0.12916
vn 0.37341 0.83969 -0.39530
vn 0.44575 0.83578 -0.32290
vn 0.47214 0.75367 -0.45793
vn 0.67840 0.58260 -0.44814
vn 0.29326 0.81720 -0.49706
vn 0.35973 0.75562 -0.54795
vn 0.38905 0.81036 -0.44031
vn 0.23656 0.85924 -0.45401
vn 0.12121 0.69599 -0.70841
vn 0.05865 0.51906 -0.85519
vn -0.35777 0.20821 -0.91194
vn -0.00391 0.87390 0.48532
vn -0.08211 0.99413 0.07241
vn -0.04790 0.99120 0.12720
vn -0.53763 0.79277 -0.28767
vn -0.24340 0.89736 -0.36986
vn -0.61975 0.24633 -0.74755
vn -0.37537 0.07527 -0.92564
vn 0.67253 0.70968 -0.20939
vn 0.54057 0.68622 0.48728
vn 0.65885 0.17302 0.73190
vn -0.14174 0.93353 0.32877
vn 0.70577 -0.28641 0.64775
vn 0.88074 -0.25806 -0.39922
vn 0.61779 0.54057 0.56947
vn 0.66373 0.47898 -0.57534
vn 0.39883 0.65885 -0.63992
vn 0.22874 0.85044 0.47358
vn 0.15543 0.63930 0.75147
vn 0.07429 0.79668 0.59883
vn 0.12219 0.96285 0.24070
vn -0.02053 0.96579 0.25636
vn -0.16227 0.88465 0.43640
vn -0.50538 0.68524 0.52446
vn -0.48192 0.75562 0.44227
vn -0.80450 0.59042 0.07045
vn -0.59140 0.58065 0.55969
vn -0.80841 0.35386 0.47162
vn -0.97654 0.21701 0.01761
vn -0.77224 0.22483 0.59491
vn -0.50244 0.19159 0.84344
vn 0.19648 0.19355 0.96086
vn 0.39980 0.14956 0.90411
vn 0.39883 -0.19453 0.89628
vn 0.57087 -0.46823 0.67319
vn 0.56794 -0.32160 -0.75930
vn -0.40567 -0.17107 -0.90020
vn -0.37928 -0.00098 -0.92759
vn -0.40567 0.17009 -0.90020
vn -0.26686 0.32063 -0.90998
vn -0.21017 0.58651 -0.78474
vn -0.35777 0.20821 -0.91194
vn -0.27370 0.30694 -0.91389
vn -0.21603 0.11730 -0.97065
vn -0.51711 0.23558 -0.82583
vn -0.37537 0.07527 -0.92564
vn -0.61975 0.24633 -0.74755
vn -0.46823 0.15543 -0.87280
vn -0.38025 0.24536 -0.89432
vn -0.26100 0.59335 -0.76321
vn -0.62659 -0.00098 -0.78082
vn 0.38319 -0.00098 -0.92564
vn -0.61388 0.39003 -0.68885
vn -0.61388 -0.00098 -0.79256
vn -0.01271 0.82405 0.56556
vn -0.01466 0.80156 0.59687
vn 0.03617 0.86315 0.50294
vn 0.17107 0.76051 -0.62818
vn 0.13978 0.94917 -0.28376
vn -0.00391 0.87390 0.48532
vn -0.14174 0.93353 0.32877
vn -0.40665 0.84066 0.35616
vn -0.46823 -0.15640 -0.87280
vn -0.67546 -0.61388 -0.41292
vn -0.26100 -0.59433 -0.76321
vn -0.79863 -0.29228 -0.52838
vn -0.61388 -0.39101 -0.68885
vn -0.61388 -0.00098 -0.79256
vn -0.88563 -0.00098 -0.46771
vn -0.79863 0.29130 -0.52838
vn -0.61388 0.39003 -0.68885
vn -0.26100 0.59335 -0.76321
vn -0.67546 0.61290 -0.41292
vn -0.46823 0.15543 -0.87280
vn 0.88074 -0.25806 -0.39922
vn 0.66373 0.47898 -0.57534
vn 0.56794 -0.32160 -0.75930
vn 0.09677 0.00000 -0.99804
vn 0.09775 0.00000 -0.99804
vn 0.56794 0.32063 -0.75930
vn 0.09677 -0.00196 -0.99804
vn 0.66373 -0.47996 -0.57534
vn 0.09482 -0.00196 -0.99804
vn 0.09384 -0.00098 -0.99804
vn 0.39883 -0.65982 -0.63992
vn 0.17107 -0.76149 -0.62818
vn 0.08993 0.00098 -0.99804
vn 0.09091 0.00098 -0.99804
vn 0.29228 -0.71750 -0.63405
vn 0.09482 0.00098 -0.99804
vn 0.09384 0.00000 -0.99804
vn 0.39883 0.65885 -0.63992
vn 0.17107 0.76051 -0.62818
vn 0.08993 -0.00196 -0.99804
vn 0.09091 -0.00196 -0.99804
vn 0.29228 0.71652 -0.63405
vn -0.61388 -0.00098 -0.79256
vn -0.61388 -0.39101 -0.68885
vn 0.38319 -0.00098 -0.92564
vn -0.26100 -0.59433 -0.76321
vn -0.62659 -0.00098 -0.78082
vn -0.38025 -0.24633 -0.89432
vn -0.46823 -0.15640 -0.87280
vn -0.51711 -0.23656 -0.82583
vn -0.61975 -0.24731 -0.74755
vn -0.37537 -0.07625 -0.92564
vn -0.20528 -0.11632 -0.97456
vn -0.27370 -0.30792 -0.91389
vn -0.35777 -0.20919 -0.91194
vn -0.26686 -0.32160 -0.90998
vn -0.21017 -0.58749 -0.78474
vn -0.40567 -0.17107 -0.90020
vn -0.37928 -0.00098 -0.92759
vn 0.50733 -0.28152 0.81409
vn 0.38514 -0.29228 0.87476
vn 0.88074 0.25709 -0.39922
vn 0.62757 0.74389 0.22701
vn 0.65885 0.17302 0.73190
vn 0.34702 0.79668 0.49315
vn -0.61975 -0.24731 -0.74755
vn -0.46823 -0.15640 -0.87280
vn -0.53763 -0.79374 -0.28767
vn -0.67546 -0.61388 -0.41292
vn -0.57478 -0.72043 -0.39139
vn -0.79863 -0.29228 -0.52838
vn -0.69697 -0.57185 -0.43640
vn -0.88759 -0.25024 -0.39139
vn -0.88563 -0.00098 -0.46771
vn -0.79863 0.29130 -0.52838
vn -0.69697 0.57087 -0.43640
vn -0.57478 0.71945 -0.39139
vn -0.67546 0.61290 -0.41292
vn -0.54741 0.78495 -0.29354
vn -0.46823 0.15543 -0.87280
vn -0.61975 0.24633 -0.74755
vn 0.62757 -0.74487 0.22701
vn 0.34702 -0.79765 0.49315
vn 0.65885 -0.17400 0.73190
vn 0.92962 -0.00098 0.36595
vn 0.89247 -0.27566 0.35616
vn 0.98240 -0.00098 0.18395
vn 0.94428 -0.27566 0.17808
vn 0.98631 -0.00098 -0.16438
vn 0.94526 -0.28152 -0.16438
vn 0.94526 -0.00098 -0.32877
vn 0.90714 -0.27370 -0.32290
vn 0.81818 -0.55425 -0.15851
vn 0.79277 -0.53470 -0.29354
vn 0.62659 -0.76735 -0.14481
vn 0.60997 -0.75562 -0.24070
vn 0.43109 -0.89247 -0.14286
vn 0.42913 -0.87977 -0.20744
vn 0.30987 -0.94526 -0.11155
vn 0.26686 -0.93353 -0.24266
vn 0.98240 -0.00098 0.18395
vn 0.94428 0.27468 0.17808
vn 0.98631 -0.00098 -0.16438
vn 0.94526 0.28055 -0.16438
vn 0.94526 -0.00098 -0.32877
vn 0.90714 0.27273 -0.32290
vn 0.81818 0.55327 -0.15851
vn 0.79277 0.53372 -0.29354
vn 0.62659 0.76637 -0.14481
vn 0.62366 0.74389 -0.23875
vn 0.43109 0.89150 -0.14286
vn 0.42913 0.87879 -0.20744
vn 0.30987 0.94428 -0.11155
vn 0.26686 0.93255 -0.24266
vn 0.79081 -0.51417 0.33072
vn 0.83675 -0.52786 0.14873
vn 0.66080 -0.74096 0.12133
vn 0.44673 -0.89345 0.05479
vn 0.25024 -0.96872 -0.01566
vn 0.16716 -0.98631 -0.04110
vn 0.19844 -0.98143 0.01174
vn 0.27175 -0.95992 0.08023
vn 0.43695 -0.87879 0.19569
vn 0.62366 -0.73803 0.25832
vn 0.92962 -0.00098 0.36595
vn 0.89247 0.27468 0.35616
vn 0.98240 -0.00098 0.18395
vn 0.79081 0.51320 0.33072
vn 0.83675 0.52688 0.14873
vn 0.66080 0.73998 0.12133
vn 0.44673 0.89247 0.05479
vn 0.25024 0.96774 -0.01566
vn 0.16716 0.98534 -0.04110
vn 0.19844 0.98045 0.01174
vn 0.27175 0.95894 0.08023
vn 0.43695 0.87781 0.19569
vn 0.62366 0.73705 0.25832
vn 0.57674 -0.55425 0.60078
vn 0.66178 -0.60020 0.45010
vn 0.49951 -0.38807 -0.77691
vn 0.64712 -0.55132 -0.52838
vn 0.29032 0.79570 -0.53229
vn -0.55914 0.64223 -0.52642
vn -0.46237 0.70870 0.53229
vn -0.43793 0.45650 -0.77691
vn -0.33529 0.70186 0.62818
vn 0.57674 -0.55425 0.60078
vn 0.66178 -0.60020 0.45010
vn 0.03128 -0.79472 0.60665
vn -0.03812 -0.85142 0.52446
vn -0.32942 -0.63441 -0.70059
vn -0.15640 -0.84066 -0.52250
vn 0.22190 0.76833 0.60078
vn 0.23851 0.58553 -0.77691
vn 0.28250 0.84262 0.45793
vn -0.46237 0.70870 0.53229
vn -0.33529 0.70186 0.62818
vn -0.01466 0.21212 0.97652
vn 0.42424 -0.42522 0.79843
vn 0.04106 -0.19159 0.98043
vn 0.24927 -0.91984 0.30333
vn 0.85239 -0.25415 0.45597
vn 0.46628 -0.79570 -0.38943
vn 0.63441 -0.01955 -0.77495
vn -0.33431 -0.74976 -0.57534
vn 0.43011 -0.68524 -0.59100
vn -0.39198 -0.89932 0.19569
vn 0.25220 -0.96872 0.00978
vn -0.28935 -0.93548 0.20548
vn 0.26979 -0.94819 0.17025
vn -0.19844 -0.95894 0.20548
vn -0.35582 -0.77126 -0.53229
vn -0.56696 -0.41349 -0.71429
vn -0.78104 -0.61779 -0.10763
vn -0.69110 -0.55816 0.45988
vn -0.69795 -0.56598 0.44031
vn -0.95210 -0.25611 0.17417
vn -0.78983 -0.21212 -0.57926
vn -0.53568 -0.61584 0.57926
vn -0.63441 -0.40958 0.65558
vn -0.37243 -0.92766 -0.05871
vn -0.83382 -0.55327 0.03718
vn -0.38123 -0.92571 -0.00978
vn -0.98143 -0.18964 0.04501
vn -0.73509 -0.60997 -0.29941
vn -0.56696 -0.41349 -0.71429
vn -0.93842 0.15543 -0.31311
vn -0.67937 0.08211 -0.73190
vn -0.65005 0.64321 -0.40705
vn -0.65103 0.52688 -0.54795
vn -0.17009 0.86315 -0.47750
vn 0.04008 0.89932 -0.43836
vn 0.71554 0.44868 -0.53620
vn 0.35582 0.80938 -0.46771
vn 0.45455 0.30890 -0.83757
vn -0.17009 0.86315 -0.47750
vn -0.56207 -0.80352 -0.20352
vn -0.26491 -0.91593 0.30528
vn 0.52102 -0.85337 -0.03523
vn 0.11632 -0.92375 0.36791
vn -0.15640 0.83969 -0.52250
vn 0.64712 0.55034 -0.52838
vn -0.32942 0.63343 -0.70059
vn 0.49951 0.38710 -0.77691
vn 0.23851 -0.58651 -0.77691
vn 0.36950 0.02933 -0.93151
vn 0.21114 -0.68915 -0.69667
vn 0.86510 -0.01369 -0.50294
vn 0.30499 -0.21114 -0.93151
vn 0.52688 0.48974 -0.69667
vn 0.75562 -0.42229 -0.50294
vn -0.55914 -0.64321 -0.52642
vn 0.29032 -0.79668 -0.53229
vn -0.43793 -0.45650 -0.77691
vn 0.07429 0.52297 -0.85127
vn -0.14076 -0.64223 -0.75538
vn 0.26100 0.39003 -0.88454
vn -0.20235 -0.74878 -0.63405
vn 0.43011 0.68426 -0.59100
vn -0.33431 0.74878 -0.57534
vn -0.66373 -0.48192 -0.57534
vn -0.78983 0.21114 -0.57926
vn -0.43402 -0.46530 0.77104
vn -0.39101 0.15836 0.90607
vn -0.29521 -0.34702 0.89041
vn 0.08309 0.16813 0.98239
vn -0.01075 -0.34995 0.93738
vn 0.18671 -0.48974 0.85127
vn 0.11632 -0.62268 0.77495
vn 0.12512 -0.52981 0.83953
vn -0.01075 -0.34995 0.93738
vn -0.33529 -0.61193 0.71820
vn -0.30792 -0.48289 0.81996
vn 0.29032 -0.79668 -0.53229
vn -0.55914 -0.64321 -0.52642
vn -0.46237 -0.70968 0.53229
vn -0.43793 -0.45748 -0.77691
vn -0.33529 -0.70283 0.62818
vn 0.23851 -0.58651 -0.77691
vn 0.22190 -0.76931 0.60078
vn 0.28250 -0.84360 0.45793
vn -0.33529 -0.70283 0.62818
vn -0.46237 -0.70968 0.53229
vn -0.25220 -0.92962 0.27202
vn 0.59140 -0.74976 0.29746
vn -0.01466 -0.21310 0.97652
vn 0.85239 0.25318 0.45597
vn 0.04106 0.19062 0.98043
vn -0.01466 -0.21310 0.97652
vn 0.42424 0.42424 0.79843
vn 0.04106 0.19062 0.98043
vn 0.24927 0.91887 0.30333
vn 0.85239 0.25318 0.45597
vn 0.46628 0.79472 -0.38943
vn 0.63441 0.01857 -0.77495
vn -0.33431 0.74878 -0.57534
vn 0.43011 0.68426 -0.59100
vn -0.39198 0.89834 0.19569
vn 0.25220 0.96774 0.00978
vn -0.28935 0.93451 0.20548
vn 0.26979 0.94721 0.17025
vn -0.19844 0.95797 0.20548
vn -0.35582 0.77028 -0.53229
vn -0.56696 0.41251 -0.71429
vn -0.78104 0.61681 -0.10763
vn -0.69110 0.55718 0.45988
vn -0.69795 0.56500 0.44031
vn -0.95210 0.25513 0.17417
vn -0.78983 0.21114 -0.57926
vn 0.05279 -0.89541 -0.44618
vn -0.17009 -0.86413 -0.47750
vn 0.45455 -0.30987 -0.83757
vn 0.35582 -0.81036 -0.46771
vn 0.71554 -0.44966 -0.53620
vn -0.73509 0.60899 -0.29941
vn -0.56696 0.41251 -0.71429
vn -0.93842 -0.15640 -0.31311
vn -0.67937 -0.08309 -0.73190
vn -0.65005 -0.64418 -0.40705
vn -0.65103 -0.52786 -0.54795
vn -0.17009 -0.86413 -0.47750
vn 0.71554 -0.44966 -0.53620
vn 0.74682 -0.65494 -0.11546
vn 0.82014 0.09677 -0.56556
vn 0.93646 0.29619 -0.18982
vn 0.62268 0.53568 -0.57143
vn 0.28152 0.93060 -0.23288
vn 0.14761 0.78397 -0.60470
vn -0.38123 0.92473 -0.00978
vn -0.37243 0.92669 -0.05871
vn 0.32454 0.92082 -0.21722
vn 0.17302 0.97654 0.12720
vn -0.53568 0.61486 0.57926
vn -0.03617 0.97947 0.19961
vn 0.64321 0.69795 -0.31507
vn 0.73705 0.13881 -0.66341
vn 0.48192 0.67449 -0.55969
vn 0.69795 0.26295 -0.66732
vn 0.90323 0.42620 -0.03718
vn 0.37439 0.92571 0.05088
vn 0.41642 0.90909 0.01957
vn 0.40665 0.89834 0.16243
vn 0.52199 0.81818 -0.24266
vn 0.84360 0.53763 -0.00587
vn 0.84555 0.47312 0.24658
vn 0.91300 0.07527 0.40117
vn 0.54350 -0.82111 0.17613
vn 0.83480 -0.33920 0.43249
vn 0.63343 -0.70870 0.31115
vn 0.84555 0.47312 0.24658
vn 0.71163 -0.70283 0.03523
vn 0.90323 0.42620 -0.03718
vn 0.69795 0.26295 -0.66732
vn 0.55327 -0.56989 -0.61057
vn 0.73705 0.13881 -0.66341
vn 0.61388 -0.51808 -0.59883
vn 0.32258 -0.92864 -0.18787
vn 0.22385 -0.87195 -0.43836
vn 0.04399 -0.98436 0.17417
vn 0.71163 -0.70283 0.03523
vn -0.43402 0.46432 0.77104
vn -0.39101 -0.15934 0.90607
vn -0.29521 0.34604 0.89041
vn 0.08309 -0.16911 0.98239
vn -0.01075 0.34897 0.93738
vn 0.18671 0.48876 0.85127
vn 0.11632 0.62170 0.77495
vn 0.12512 0.52884 0.83953
vn 0.63343 -0.70870 0.31115
vn 0.06549 -0.95308 0.29746
vn -0.06158 -0.95894 0.27789
vn -0.36364 -0.85337 0.37573
vn -0.18182 -0.95112 0.25245
vn -0.05963 -0.99707 -0.07241
vn -0.67546 -0.73509 0.06849
vn -0.08016 -0.99511 -0.07241
vn -0.69501 -0.71652 0.07632
vn -0.65005 -0.64418 -0.40705
vn -0.93842 -0.15640 -0.31311
vn -0.98143 0.18866 0.04501
vn -0.97556 -0.20332 0.09589
vn -0.72923 0.17009 -0.66536
vn -0.98925 0.07527 -0.13112
vn -0.94037 -0.32649 -0.10959
vn -0.82698 -0.56403 0.01174
vn -0.70772 -0.69013 0.15851
vn -0.35288 -0.84555 0.40313
vn -0.19453 -0.91398 0.35812
vn 0.31867 -0.73412 0.60078
vn 0.19257 -0.87879 0.43640
vn 0.73021 -0.54057 0.41879
vn 0.83284 -0.43304 0.34247
vn 0.91691 0.12805 0.37769
vn 0.96383 0.17400 0.19961
vn 0.99609 0.06647 0.05284
vn 0.92082 0.39003 -0.02153
vn 0.61388 0.78983 0.00391
vn 0.64516 0.57380 -0.50489
vn 0.01760 0.99022 -0.13699
vn 0.06647 0.87683 -0.47750
vn -0.53177 0.50147 -0.68493
vn -0.32942 0.02933 -0.94521
vn 0.79570 -0.59042 -0.13699
vn 0.78592 -0.61779 -0.04305
vn 0.97361 0.21505 -0.07241
vn 0.97361 0.21701 0.06458
vn 0.37048 0.92473 -0.08806
vn 0.52102 0.85239 -0.03523
vn -0.57380 0.79472 -0.20352
vn -0.40665 0.88661 -0.22114
vn -0.43793 -0.45748 -0.77691
vn -0.33529 -0.70283 0.62818
vn -0.13587 -0.64516 -0.75342
vn -0.13294 -0.98925 0.07436
vn -0.31574 -0.94624 0.08611
vn -0.20235 -0.74878 -0.63405
vn -0.78983 -0.58260 0.19569
vn -0.66373 -0.48192 -0.57534
vn -0.95210 0.25513 0.17417
vn -0.78983 0.21114 -0.57926
vn -0.08504 -0.37439 0.92368
vn 0.05865 -0.89638 0.44031
vn -0.17595 -0.32551 0.92955
vn 0.22190 -0.76931 0.60078
vn 0.19844 -0.48778 0.84932
vn -0.13294 -0.98925 0.07436
vn 0.67840 -0.50244 0.53620
vn 0.59629 -0.75660 0.27006
vn -0.24047 -0.95699 0.17025
vn -0.71848 -0.66569 0.20548
vn -0.88759 -0.14076 0.44031
vn -0.69795 0.56500 0.44031
vn -0.69110 0.55718 0.45988
vn -0.87879 -0.13587 0.45988
vn -0.78104 0.61681 -0.10763
vn -0.98436 -0.14467 -0.10763
vn -0.56696 0.41251 -0.71429
vn -0.67937 -0.08309 -0.73190
vn -0.65103 -0.52786 -0.54795
vn -0.65103 -0.73216 0.20548
vn 0.05279 -0.89541 -0.44618
vn 0.59140 -0.74976 0.29746
vn 0.45455 -0.30987 -0.83757
vn 0.63441 0.01857 -0.77495
vn 0.45455 -0.30987 -0.83757
vn 0.82014 0.09677 -0.56556
vn 0.63441 0.01857 -0.77495
vn 0.62268 0.53568 -0.57143
vn 0.14761 0.78397 -0.60470
vn 0.46628 0.79472 -0.38943
vn -0.35582 0.77028 -0.53229
vn -0.53568 -0.61584 0.57926
vn -0.69599 -0.44673 0.56360
vn -0.03617 -0.98045 0.19961
vn -0.65982 -0.73705 0.15460
vn 0.21603 -0.96579 -0.15264
vn -0.39003 -0.85728 -0.34051
vn 0.43304 -0.83773 -0.33659
vn -0.26491 -0.91593 0.30528
vn -0.73509 0.60899 -0.29941
vn -0.26784 0.89150 -0.36791
vn -0.56696 0.41251 -0.71429
vn -0.03617 -0.98045 0.19961
vn 0.41642 -0.91007 0.01957
vn 0.21603 -0.96579 -0.15264
vn 0.52199 -0.81916 -0.24266
vn 0.84360 -0.53861 -0.00587
vn 0.93646 -0.26882 -0.22701
vn 0.52102 -0.85337 -0.03523
vn 0.95992 -0.07722 -0.27006
vn 0.97361 -0.21603 -0.07241
vn 0.79570 0.58944 -0.13699
vn 0.93646 -0.26882 -0.22701
vn 0.70381 0.71065 0.00783
vn 0.84360 -0.53861 -0.00587
vn 0.54350 0.82014 0.17613
vn 0.68524 0.49462 0.53425
vn -0.13294 0.98827 0.07436
vn 0.19844 0.48680 0.84932
vn -0.33529 0.70186 0.62818
vn 0.22190 0.76833 0.60078
vn -0.17595 0.32454 0.92955
vn 0.05865 0.89541 0.44031
vn -0.08504 0.37341 0.92368
vn 0.59629 0.75562 0.27006
vn 0.84164 -0.08602 0.53229
vn 0.68524 0.49462 0.53425
vn 0.41740 -0.32160 0.84932
vn 0.01075 -0.36950 0.92955
vn -0.17595 0.32454 0.92955
vn 0.11339 -0.36657 0.92368
vn -0.43793 0.45650 -0.77691
vn -0.13587 0.64418 -0.75342
vn -0.13294 0.98827 0.07436
vn -0.31574 0.94526 0.08611
vn -0.20235 0.74780 -0.63405
vn -0.78983 0.58162 0.19569
vn -0.66373 0.48094 -0.57534
vn -0.95210 -0.25611 0.17417
vn -0.78983 -0.21212 -0.57926
vn -0.35582 -0.77126 -0.53229
vn 0.46628 -0.79570 -0.38943
vn 0.14761 -0.78495 -0.60470
vn 0.63441 -0.01955 -0.77495
vn 0.62268 -0.53666 -0.57143
vn 0.82014 -0.09775 -0.56556
vn 0.45455 0.30890 -0.83757
vn 0.11632 -0.92375 0.36791
vn -0.73509 -0.60997 -0.29941
vn -0.38123 -0.92571 -0.00978
vn -0.26784 -0.89247 -0.36791
vn 0.14761 -0.78495 -0.60470
vn -0.56696 -0.41349 -0.71429
vn 0.43304 0.83675 -0.33659
vn 0.11632 0.92278 0.36791
vn -0.26491 0.91496 0.30528
vn -0.69599 0.44575 0.56360
vn -0.03617 0.97947 0.19961
vn -0.65982 0.73607 0.15460
vn 0.21603 0.96481 -0.15264
vn -0.39003 0.85631 -0.34051
vn 0.52102 0.85239 -0.03523
vn -0.26491 0.91496 0.30528
vn 0.11632 0.92278 0.36791
vn 0.57674 0.55327 0.60078
vn 0.66178 0.59922 0.45010
vn 0.03128 0.79374 0.60665
vn -0.03812 0.85044 0.52446
vn -0.32942 0.63343 -0.70059
vn -0.15640 0.83969 -0.52250
vn 0.66178 0.59922 0.45010
vn 0.64712 0.55034 -0.52838
vn -0.53568 0.61486 0.57926
vn -0.63441 0.40860 0.65558
vn -0.37243 0.92669 -0.05871
vn -0.83382 0.55230 0.03718
vn -0.38123 0.92473 -0.00978
vn -0.98143 0.18866 0.04501
vn 0.52688 -0.49071 -0.69667
vn 0.68817 -0.69306 0.21526
vn 0.49951 -0.38807 -0.77691
vn 0.49853 -0.74682 0.44031
vn 0.57674 -0.55425 0.60078
vn 0.03128 -0.79472 0.60665
vn 0.39589 -0.91496 -0.09198
vn 0.84164 -0.08602 0.53229
vn -0.32942 -0.03030 -0.94521
vn 0.06647 -0.87781 -0.47750
vn 0.17302 -0.27664 -0.94716
vn 0.64516 -0.57478 -0.50489
vn 0.38123 0.20821 -0.90215
vn 0.64125 0.64809 -0.41096
vn 0.92082 -0.39101 -0.02153
vn 0.99609 -0.07234 0.05088
vn -0.15640 -0.84066 -0.52250
vn 0.64712 -0.55132 -0.52838
vn -0.32942 -0.63441 -0.70059
vn 0.49951 -0.38807 -0.77691
vn 0.23851 0.58553 -0.77691
vn 0.36950 -0.03030 -0.93151
vn 0.21114 0.68817 -0.69667
vn 0.86510 0.01271 -0.50294
vn 0.52688 0.48974 -0.69667
vn 0.75562 -0.42229 -0.50294
vn 0.68817 0.69208 0.21526
vn 0.98827 -0.14076 0.05479
vn 0.76344 0.19159 0.61644
vn 0.56500 -0.54839 0.61644
vn 0.92571 -0.37439 0.05479
vn 0.68817 0.69208 0.21526
vn 0.49951 0.38710 -0.77691
vn 0.49853 0.74585 0.44031
vn 0.57674 0.55327 0.60078
vn 0.01075 0.36852 0.92955
vn 0.41740 0.32063 0.84932
vn 0.03128 0.79374 0.60665
vn 0.39589 0.91398 -0.09198
vn 0.84164 0.08504 0.53229
vn 0.59629 -0.75660 0.27006
vn 0.84164 0.08504 0.53229
vn 0.67840 -0.50244 0.53620
vn -0.17595 -0.32551 0.92955
vn 0.11339 0.36559 0.92368
vn 0.11339 0.36559 0.92368
vn -0.08504 -0.37439 0.92368
vn 0.05865 -0.89638 0.44031
vn 0.25024 -0.94428 0.21526
vn 0.92571 -0.37439 0.05479
vn 0.86510 -0.01369 -0.50294
vn 0.21114 -0.68915 -0.69667
vn 0.23851 -0.58651 -0.77691
vn 0.42424 0.42424 0.79843
vn 0.15543 -0.58065 0.79843
vn 0.89443 0.35582 0.27006
vn 0.39589 0.91398 -0.09198
vn -0.25220 -0.92962 0.27202
vn -0.55914 0.64223 -0.52642
vn 0.29032 0.79570 -0.53229
vn -0.43793 0.45650 -0.77691
vn 0.07429 -0.52395 -0.85127
vn -0.14076 0.64125 -0.75538
vn 0.26100 -0.39101 -0.88454
vn -0.20235 0.74780 -0.63405
vn 0.42424 -0.69306 -0.58513
vn -0.33431 -0.74976 -0.57534
vn -0.66373 0.48094 -0.57534
vn -0.78983 -0.21212 -0.57926
vn 0.75562 0.42131 -0.50294
vn 0.68817 -0.69306 0.21526
vn 0.98827 0.13978 0.05479
vn 0.76344 -0.19257 0.61644
vn 0.56500 0.54741 0.61644
vn 0.92571 0.37341 0.05479
vn 0.15543 -0.58065 0.79843
vn 0.36950 -0.03030 -0.93151
vn 0.86510 0.01271 -0.50294
vn 0.49951 0.38710 -0.77691
vn 0.57674 0.55327 0.60078
vn 0.85239 -0.25415 0.45597
vn 0.63441 -0.01955 -0.77495
vn 0.59140 0.74878 0.29746
vn 0.45455 0.30890 -0.83757
vn 0.04008 0.89932 -0.43836
vn -0.25806 0.92962 0.26419
vn -0.65103 0.73118 0.20548
vn -0.65103 0.52688 -0.54795
vn -0.98436 0.14370 -0.10763
vn -0.67937 0.08211 -0.73190
vn -0.56696 -0.41349 -0.71429
vn -0.78104 -0.61779 -0.10763
vn -0.87879 0.13490 0.45988
vn -0.69110 -0.55816 0.45988
vn -0.88759 0.13978 0.44031
vn -0.69795 -0.56598 0.44031
vn -0.71848 0.66471 0.20548
vn -0.24438 0.95699 0.15264
vn 0.59629 0.75562 0.27006
vn 0.15543 0.57967 0.79843
vn -0.72825 -0.04497 0.68493
vn -0.70968 -0.33333 0.62231
vn -0.80743 -0.06061 0.58708
vn -0.51026 0.23069 0.82779
vn -0.69599 0.44575 0.56360
vn -0.51906 0.08993 0.85127
vn -0.53568 0.61486 0.57926
vn -0.63441 0.40860 0.65558
vn -0.65982 0.73607 0.15460
vn -0.96383 0.25904 0.07436
vn -0.92766 -0.29717 0.23092
vn -0.40371 -0.90127 0.16047
vn 0.00000 -1.00098 -0.00783
vn 0.54350 -0.82111 0.17613
vn 0.36852 -0.89541 -0.25245
vn 0.78592 -0.61779 -0.04305
vn 0.04888 -0.94428 -0.33072
vn 0.70381 -0.71163 0.00783
vn -0.03812 -0.99707 -0.07828
vn -0.75855 -0.62659 -0.18591
vn -0.90616 0.14956 -0.39922
vn -0.94721 0.12414 -0.29941
vn -0.75953 -0.60117 -0.25636
vn 0.04888 -0.94428 -0.33072
vn -0.28055 -0.89150 -0.36008
vn -0.36070 -0.93353 -0.02740
vn 0.32942 -0.94037 0.08806
vn -0.14858 -0.98436 0.09980
vn -0.55230 -0.83480 0.00391
vn -0.81427 -0.55523 -0.17613
vn -0.94135 0.14370 -0.30724
vn -0.96383 0.25904 0.07436
vn -0.39003 0.85631 -0.34051
vn -0.57380 0.79472 -0.20352
vn -0.39785 0.89345 -0.21135
vn -0.98925 0.07527 -0.13112
vn -0.53177 0.50147 -0.68493
vn -0.32942 0.02933 -0.94521
vn 0.89443 -0.35679 0.27006
vn 0.26100 -0.39101 -0.88454
vn 0.07429 -0.52395 -0.85127
vn -0.32942 -0.63441 -0.70059
vn 0.78592 0.61681 -0.04305
vn 0.97361 -0.21799 0.06458
vn 0.37928 -0.92180 -0.08806
vn -0.40665 -0.88759 -0.22114
vn 0.01760 -0.99120 -0.13699
vn -0.53177 -0.50244 -0.68493
vn 0.25220 -0.96872 0.00978
vn 0.43011 -0.68524 -0.59100
vn 0.36852 0.89443 -0.25245
vn 0.78592 0.61681 -0.04305
vn 0.04888 0.94330 -0.33072
vn -0.03812 0.99609 -0.07828
vn 0.54350 0.82014 0.17613
vn 0.00000 1.00000 -0.00783
vn -0.40371 0.90029 0.16047
vn -0.76051 0.62366 -0.18395
vn -0.92766 0.29619 0.23092
vn -0.96383 -0.26002 0.07436
vn -0.90616 -0.15054 -0.39922
vn -0.94721 -0.12512 -0.29941
vn -0.75953 0.60020 -0.25636
vn 0.04888 0.94330 -0.33072
vn -0.28055 0.89052 -0.36008
vn -0.36070 0.93255 -0.02740
vn 0.32942 0.93939 0.08806
vn -0.14858 0.98338 0.09980
vn -0.55230 0.83382 0.00391
vn -0.81427 0.55425 -0.17613
vn -0.82698 0.56305 0.01174
vn -0.98925 -0.07625 -0.13112
vn -0.94330 -0.14467 -0.30333
vn -0.65982 -0.73705 0.15460
vn -0.96383 -0.26002 0.07436
vn -0.39003 -0.85728 -0.34051
vn -0.57380 -0.79570 -0.20352
vn -0.40665 -0.88759 -0.22114
vn -0.98925 -0.07625 -0.13112
vn -0.53177 -0.50244 -0.68493
vn -0.72923 -0.17107 -0.66536
vn -0.32942 -0.03030 -0.94521
vn -0.98143 -0.18964 0.04501
vn -0.97556 0.20235 0.09589
vn -0.69501 0.71554 0.07632
vn -0.67546 0.73412 0.06849
vn -0.08016 0.99413 -0.07241
vn 0.71163 0.70186 0.03523
vn 0.63343 0.70772 0.31115
vn 0.04399 0.98338 0.17417
vn 0.06549 0.95210 0.29746
vn -0.06158 0.95797 0.27789
vn -0.36364 0.85239 0.37573
vn 0.31769 0.93060 -0.18200
vn -0.18182 0.95015 0.25245
vn -0.05963 0.99609 -0.07241
vn 0.74682 0.65396 -0.11546
vn -0.65005 0.64321 -0.40705
vn -0.93842 0.15543 -0.31311
vn 0.71554 0.44868 -0.53620
vn 0.82014 -0.09775 -0.56556
vn 0.93646 -0.29717 -0.18982
vn 0.62268 -0.53666 -0.57143
vn 0.28152 -0.93157 -0.23288
vn -0.37243 -0.92766 -0.05871
vn 0.32454 -0.92180 -0.21722
vn 0.17302 -0.97752 0.12720
vn -0.03617 -0.98045 0.19961
vn 0.64321 -0.69892 -0.31507
vn 0.73705 -0.13978 -0.66341
vn 0.48192 -0.67546 -0.55969
vn 0.69795 -0.26393 -0.66732
vn 0.90518 -0.42424 -0.03131
vn 0.37439 -0.92669 0.05088
vn 0.40665 -0.89932 0.16243
vn 0.84555 -0.47410 0.24658
vn 0.91300 -0.07625 0.40117
vn 0.83480 0.33822 0.43249
vn 0.63343 0.70772 0.31115
vn 0.84555 -0.47410 0.24658
vn 0.90518 -0.42424 -0.03131
vn 0.69795 -0.26393 -0.66732
vn 0.55327 0.56891 -0.61057
vn 0.73705 -0.13978 -0.66341
vn 0.61388 0.51711 -0.59883
vn 0.22385 0.87097 -0.43836
vn 0.71163 0.70186 0.03523
vn -0.94037 0.32551 -0.10959
vn -0.70772 0.68915 0.15851
vn -0.35288 0.84457 0.40313
vn -0.19453 0.91300 0.35812
vn 0.31867 0.73314 0.60078
vn 0.19257 0.87781 0.43640
vn 0.73021 0.53959 0.41879
vn 0.83382 0.43988 0.33268
vn 0.91691 -0.12903 0.37769
vn 0.96383 -0.17498 0.19961
vn 0.99609 -0.07234 0.05088
vn 0.92082 -0.39101 -0.02153
vn 0.61584 -0.78886 0.00000
vn 0.64516 -0.57478 -0.50489
vn 0.06647 -0.87781 -0.47750
vn -0.32942 -0.03030 -0.94521
vn 0.50147 0.84848 0.17025
vn 0.82307 0.55327 0.12720
vn 0.13978 0.97947 0.14286
vn 0.42424 -0.42522 0.79843
vn 0.15543 0.57967 0.79843
vn 0.89443 -0.35679 0.27006
vn 0.39589 -0.91496 -0.09198
vn -0.01075 0.34897 0.93738
vn -0.33529 0.61095 0.71820
vn -0.30792 0.48192 0.81996
vn -0.25806 0.92962 0.26419
vn -0.01466 0.21212 0.97652
vn 0.13978 -0.98045 0.14286
vn 0.50147 -0.84946 0.17025
vn 0.82307 -0.55425 0.12720
vn -0.32942 0.02933 -0.94521
vn 0.06647 0.87683 -0.47750
vn 0.17302 0.27566 -0.94716
vn 0.64516 0.57380 -0.50489
vn 0.38123 -0.20919 -0.90215
vn 0.64125 -0.64907 -0.41096
vn 0.92082 0.39003 -0.02153
vn 0.99609 0.06647 0.05284
vn 0.75562 -0.42229 -0.50294
vn 0.98827 -0.14076 0.05479
vn 0.30499 -0.21114 -0.93151
vn 0.36950 0.02933 -0.93151
vn -0.03617 0.97947 0.19961
vn 0.21603 0.96481 -0.15264
vn 0.93646 0.26784 -0.22701
vn 0.95992 0.07625 -0.27006
vn 0.93646 0.26784 -0.22701
vn 0.84360 0.53763 -0.00587
vn 0.36950 -0.03030 -0.93151
vn 0.92571 0.37341 0.05479
vn 0.31183 0.19941 -0.93151
vn 0.98827 0.13978 0.05479
vn 0.75562 0.42131 -0.50294
vn 0.11339 -0.36657 0.92368
vn -0.08504 0.37341 0.92368
vn 0.05865 0.89541 0.44031
vn 0.25024 0.94330 0.21526
vn 0.86510 0.01271 -0.50294
vn 0.21114 0.68817 -0.69667
vn 0.23851 0.58553 -0.77691
vn -0.72825 0.04399 0.68493
vn -0.70968 0.33236 0.62231
vn -0.80743 0.05963 0.58708
vn -0.51026 -0.23167 0.82779
vn -0.69599 -0.44673 0.56360
vn -0.51906 -0.09091 0.85127
vn -0.53568 -0.61584 0.57926
vn -0.63441 -0.40958 0.65558
vn 0.59140 0.74878 0.29746
vn 0.04106 -0.19159 0.98043
vn 0.31183 0.19941 -0.93151
vn 0.52688 -0.49071 -0.69667
vn 0.75562 0.42131 -0.50294
vn 0.89443 0.35582 0.27006
vn 0.26100 0.39003 -0.88454
vn 0.07429 0.52297 -0.85127
vn -0.32942 0.63343 -0.70059
vn 0.36950 0.02933 -0.93151
vn 0.86510 -0.01369 -0.50294
vn 0.43011 0.68426 -0.59100
vn 0.25220 0.96774 0.00978
vn 0.01075 -0.36950 0.92955
vn 0.01075 0.36852 0.92955
f 1/1/1 2/2/2 3/3/3
f 2/2/2 4/4/4 3/3/3
f 5/5/5 6/6/6 7/7/7
f 6/6/6 8/8/8 7/7/7
f 8/8/8 9/9/9 10/10/10
f 5/5/5 11/11/11 9/9/9
f 9/9/9 11/11/11 12/12/12
f 12/12/12 11/11/11 13/13/13
f 11/11/11 14/14/14 13/13/13
f 14/14/14 15/15/15 13/13/13
f 13/13/13 15/15/15 16/16/16
f 17/17/17 19/19/19 18/18/18
f 18/18/18 19/19/19 4/4/4
f 9/9/9 21/21/21 20/20/20
f 20/20/20 21/21/21 22/22/22
f 21/21/21 23/23/23 22/22/22
f 22/22/22 23/23/23 24/24/24
f 24/24/24 23/23/23 25/25/25
f 23/23/23 16/16/16 25/25/25
f 22/22/22 26/26/26 20/20/20
f 26/26/26 8/8/8 20/20/20
f 27/27/27 28/28/28 29/29/29
f 28/28/28 30/30/30 29/29/29
f 30/30/30 17/17/17 29/29/29
f 29/29/29 17/17/17 31/31/31
f 17/17/17 18/18/18 31/31/31
f 31/31/31 18/18/18 32/32/32
f 32/32/32 33/33/33 4/4/4
f 34/34/34 35/35/35 36/36/36
f 35/35/35 37/37/37 36/36/36
f 36/36/36 37/37/37 38/38/38
f 27/27/27 40/40/40 39/39/39
f 39/39/39 40/40/40 41/41/41
f 41/41/41 40/40/40 42/42/42
f 40/40/40 43/43/43 42/42/42
f 43/43/43 32/32/32 42/42/42
f 42/42/42 32/32/32 1/1/1
f 44/44/44 46/46/46 45/45/45
f 45/45/45 46/46/46 47/47/47
f 46/46/46 48/48/48 47/47/47
f 45/45/45 47/47/47 49/49/49
f 47/47/47 50/50/50 49/49/49
f 49/49/49 50/50/50 51/51/51
f 50/50/50 52/52/52 51/51/51
f 51/51/51 53/53/53 49/49/49
f 45/45/45 55/55/55 54/54/54
f 54/54/54 55/55/55 56/56/56
f 57/57/57 59/59/59 58/58/58
f 58/58/58 59/59/59 60/60/60
f 59/59/59 61/61/61 60/60/60
f 60/60/60 61/61/61 62/62/62
f 63/63/63 65/65/65 64/64/64
f 64/64/64 65/65/65 66/66/66
f 65/65/65 67/67/67 66/66/66
f 66/66/66 67/67/67 68/68/68
f 64/64/64 66/66/66 69/69/69
f 69/69/69 66/66/66 70/70/70
f 68/68/68 72/72/72 71/71/71
f 71/71/71 72/72/72 70/70/70
f 73/73/73 75/75/75 74/74/74
f 74/74/74 75/75/75 76/76/76
f 75/75/75 77/77/77 76/76/76
f 76/76/76 77/77/77 72/72/72
f 72/72/72 77/77/77 78/78/78
f 78/78/78 77/77/77 79/79/79
f 77/77/77 75/75/75 79/79/79
f 79/79/79 75/75/75 73/73/73
f 80/80/80 82/82/82 81/81/81
f 81/81/81 82/82/82 83/83/83
f 82/82/82 73/73/73 83/83/83
f 83/83/83 73/73/73 84/84/84
f 85/85/85 86/86/86 84/84/84
f 84/84/84 86/86/86 83/83/83
f 86/86/86 87/87/87 83/83/83
f 80/80/80 87/87/87 88/88/88
f 87/87/87 69/69/69 88/88/88
f 89/89/89 90/90/90 91/91/91
f 90/90/90 92/92/92 91/91/91
f 93/93/93 94/94/94 95/95/95
f 94/94/94 96/96/96 95/95/95
f 97/97/97 85/85/85 98/98/98
f 85/85/85 84/84/84 98/98/98
f 98/98/98 84/84/84 99/99/99
f 84/84/84 73/73/73 99/99/99
f 99/99/99 73/73/73 100/100/100
f 73/73/73 74/74/74 100/100/100
f 100/100/100 74/74/74 101/101/101
f 74/74/74 76/76/76 101/101/101
f 101/101/101 76/76/76 102/102/102
f 76/76/76 103/103/103 102/102/102
f 102/102/102 103/103/103 101/101/101
f 103/103/103 104/104/104 101/101/101
f 101/101/101 104/104/104 100/100/100
f 105/105/105 107/107/107 106/106/106
f 106/106/106 107/107/107 108/108/108
f 107/107/107 109/109/109 108/108/108
f 108/108/108 109/109/109 110/110/110
f 111/111/111 113/113/113 112/112/112
f 112/112/112 113/113/113 114/114/114
f 113/113/113 115/115/115 114/114/114
f 114/114/114 115/115/115 116/116/116
f 115/115/115 117/117/117 116/116/116
f 114/114/114 116/116/116 118/118/118
f 116/116/116 119/119/119 118/118/118
f 118/118/118 119/119/119 120/120/120
f 121/121/121 122/122/122 119/119/119
f 119/119/119 122/122/122 120/120/120
f 122/122/122 123/123/123 120/120/120
f 120/120/120 123/123/123 124/124/124
f 123/123/123 125/125/125 124/124/124
f 124/124/124 125/125/125 126/126/126
f 125/125/125 127/127/127 126/126/126
f 126/126/126 127/127/127 128/128/128
f 127/127/127 129/129/129 128/128/128
f 128/128/128 129/129/129 130/130/130
f 129/129/129 131/131/131 130/130/130
f 130/130/130 131/131/131 132/132/132
f 131/131/131 133/133/133 132/132/132
f 133/133/133 134/134/134 132/132/132
f 132/132/132 134/134/134 135/135/135
f 134/134/134 136/136/136 135/135/135
f 135/135/135 136/136/136 137/137/137
f 136/136/136 138/138/138 137/137/137
f 109/109/109 139/139/139 140/140/140
f 139/139/139 141/141/141 140/140/140
f 140/140/140 141/141/141 137/137/137
f 137/137/137 141/141/141 135/135/135
f 141/141/141 142/142/142 135/135/135
f 132/132/132 135/135/135 130/130/130
f 135/135/135 142/142/142 130/130/130
f 130/130/130 142/142/142 128/128/128
f 142/142/142 141/141/141 128/128/128
f 128/128/128 141/141/141 126/126/126
f 141/141/141 139/139/139 126/126/126
f 126/126/126 139/139/139 124/124/124
f 124/124/124 139/139/139 143/143/143
f 139/139/139 109/109/109 143/143/143
f 143/143/143 109/109/109 107/107/107
f 144/144/144 146/146/146 145/145/145
f 145/145/145 146/146/146 147/147/147
f 146/146/146 148/148/148 147/147/147
f 147/147/147 148/148/148 149/149/149
f 148/148/148 146/146/146 150/150/150
f 144/144/144 151/151/151 152/152/152
f 151/151/151 153/153/153 152/152/152
f 154/154/154 155/155/155 156/156/156
f 155/155/155 157/157/157 156/156/156
f 157/157/157 158/158/158 159/159/159
f 158/158/158 160/160/160 159/159/159
f 161/161/161 162/162/162 163/163/163
f 162/162/162 164/164/164 163/163/163
f 164/164/164 165/165/165 166/166/166
f 165/165/165 167/167/167 166/166/166
f 168/168/168 169/169/169 170/170/170
f 169/169/169 171/171/171 170/170/170
f 170/170/170 171/171/171 172/172/172
f 171/171/171 173/173/173 172/172/172
f 174/174/174 175/175/175 176/176/176
f 175/175/175 177/177/177 176/176/176
f 176/176/176 177/177/177 178/178/178
f 177/177/177 179/179/179 178/178/178
f 180/180/180 181/181/181 182/182/182
f 181/181/181 183/183/183 182/182/182
f 182/182/182 183/183/183 184/184/184
f 183/183/183 185/185/185 184/184/184
f 184/184/184 185/185/185 186/186/186
f 185/185/185 187/187/187 186/186/186
f 186/186/186 187/187/187 188/188/188
f 187/187/187 189/189/189 188/188/188
f 190/190/190 191/191/191 192/192/192
f 191/191/191 193/193/193 192/192/192
f 192/192/192 193/193/193 194/194/194
f 195/195/195 197/197/197 196/196/196
f 196/196/196 197/197/197 198/198/198
f 197/197/197 199/199/199 198/198/198
f 198/198/198 199/199/199 200/200/200
f 199/199/199 201/201/201 200/200/200
f 200/200/200 201/201/201 202/202/202
f 201/201/201 203/203/203 202/202/202
f 202/202/202 203/203/203 204/204/204
f 205/205/205 207/207/207 206/206/206
f 206/206/206 207/207/207 208/208/208
f 207/207/207 209/209/209 208/208/208
f 208/208/208 209/209/209 210/210/210
f 211/211/211 213/213/213 212/212/212
f 212/212/212 213/213/213 214/214/214
f 213/213/213 215/215/215 214/214/214
f 214/214/214 215/215/215 216/216/216
f 217/217/217 219/219/219 218/218/218
f 218/218/218 219/219/219 220/220/220
f 221/221/221 223/223/223 222/222/222
f 222/222/222 223/223/223 224/224/224
f 224/224/224 226/226/226 225/225/225
f 225/225/225 226/226/226 227/227/227
f 227/227/227 226/226/226 228/228/228
f 226/226/226 229/229/229 228/228/228
f 228/228/228 229/229/229 230/230/230
f 231/231/231 233/233/233 232/232/232
f 232/232/232 233/233/233 234/234/234
f 233/233/233 235/235/235 234/234/234
f 234/234/234 235/235/235 236/236/236
f 235/235/235 237/237/237 236/236/236
f 236/236/236 237/237/237 238/238/238
f 237/237/237 239/239/239 238/238/238
f 238/238/238 239/239/239 240/240/240
f 239/239/239 241/241/241 240/240/240
f 240/240/240 241/241/241 242/242/242
f 241/241/241 239/239/239 242/242/242
f 242/242/242 239/239/239 243/243/243
f 239/239/239 237/237/237 243/243/243
f 234/234/234 236/236/236 244/244/244
f 236/236/236 245/245/245 244/244/244
f 244/244/244 245/245/245 246/246/246
f 245/245/245 247/247/247 246/246/246
f 232/232/232 234/234/234 248/248/248
f 234/234/234 244/244/244 248/248/248
f 248/248/248 244/244/244 249/249/249
f 237/237/237 235/235/235 250/250/250
f 250/250/250 235/235/235 251/251/251
f 235/235/235 233/233/233 251/251/251
f 252/252/252 253/253/253 254/254/254
f 253/253/253 255/255/255 254/254/254
f 254/254/254 255/255/255 256/256/256
f 257/257/257 249/249/249 258/258/258
f 258/258/258 249/249/249 247/247/247
f 259/259/259 260/260/260 257/257/257
f 257/257/257 260/260/260 261/261/261
f 260/260/260 262/262/262 261/261/261
f 261/261/261 262/262/262 263/263/263
f 264/264/264 266/266/266 265/265/265
f 265/265/265 266/266/266 267/267/267
f 266/266/266 262/262/262 267/267/267
f 267/267/267 262/262/262 268/268/268
f 268/268/268 262/262/262 269/269/269
f 262/262/262 260/260/260 269/269/269
f 269/269/269 260/260/260 270/270/270
f 265/265/265 267/267/267 271/271/271
f 271/271/271 267/267/267 272/272/272
f 267/267/267 268/268/268 272/272/272
f 272/272/272 268/268/268 273/273/273
f 268/268/268 274/274/274 273/273/273
f 273/273/273 274/274/274 275/275/275
f 274/274/274 276/276/276 275/275/275
f 275/275/275 276/276/276 277/277/277
f 277/277/277 276/276/276 278/278/278
f 278/278/278 276/276/276 279/279/279
f 276/276/276 280/280/280 279/279/279
f 279/279/279 280/280/280 281/281/281
f 280/280/280 240/240/240 281/281/281
f 240/240/240 242/242/242 281/281/281
f 281/281/281 242/242/242 282/282/282
f 242/242/242 283/283/283 282/282/282
f 282/282/282 283/283/283 284/284/284
f 283/283/283 285/285/285 284/284/284
f 284/284/284 285/285/285 286/286/286
f 285/285/285 283/283/283 287/287/287
f 287/287/287 283/283/283 243/243/243
f 283/283/283 242/242/242 243/243/243
f 288/288/288 253/253/253 289/289/289
f 253/253/253 252/252/252 289/289/289
f 289/289/289 252/252/252 290/290/290
f 252/252/252 291/291/291 290/290/290
f 292/292/292 293/293/293 294/294/294
f 293/293/293 295/295/295 294/294/294
f 294/294/294 295/295/295 296/296/296
f 295/295/295 297/297/297 296/296/296
f 298/298/298 299/299/299 300/300/300
f 299/299/299 301/301/301 300/300/300
f 302/302/302 303/303/303 304/304/304
f 303/303/303 305/305/305 304/304/304
f 305/305/305 306/306/306 307/307/307
f 306/306/306 308/308/308 307/307/307
f 308/308/308 309/309/309 307/307/307
f 307/307/307 309/309/309 310/310/310
f 309/309/309 311/311/311 310/310/310
f 312/312/312 313/313/313 314/314/314
f 313/313/313 315/315/315 314/314/314
f 314/314/314 315/315/315 316/316/316
f 315/315/315 317/317/317 316/316/316
f 316/316/316 317/317/317 318/318/318
f 317/317/317 319/319/319 318/318/318
f 318/318/318 319/319/319 320/320/320
f 319/319/319 321/321/321 320/320/320
f 322/322/322 323/323/323 324/324/324
f 323/323/323 325/325/325 324/324/324
f 324/324/324 325/325/325 93/93/93
f 326/326/326 328/328/328 327/327/327
f 327/327/327 328/328/328 329/329/329
f 328/328/328 330/330/330 329/329/329
f 329/329/329 330/330/330 331/331/331
f 329/329/329 332/332/332 327/327/327
f 327/327/327 332/332/332 333/333/333
f 332/332/332 334/334/334 333/333/333
f 100/100/100 335/335/335 99/99/99
f 335/335/335 336/336/336 99/99/99
f 99/99/99 336/336/336 98/98/98
f 89/89/89 338/338/338 337/337/337
f 337/337/337 338/338/338 339/339/339
f 338/338/338 340/340/340 339/339/339
f 341/341/341 331/331/331 342/342/342
f 331/331/331 330/330/330 342/342/342
f 342/342/342 330/330/330 343/343/343
f 330/330/330 328/328/328 343/343/343
f 343/343/343 328/328/328 344/344/344
f 328/328/328 326/326/326 344/344/344
f 344/344/344 326/326/326 345/345/345
f 326/326/326 346/346/346 345/345/345
f 347/347/347 348/348/348 349/349/349
f 348/348/348 350/350/350 349/349/349
f 350/350/350 337/337/337 349/349/349
f 349/349/349 337/337/337 339/339/339
f 343/343/343 344/344/344 351/351/351
f 351/351/351 344/344/344 352/352/352
f 344/344/344 345/345/345 352/352/352
f 345/345/345 353/353/353 352/352/352
f 352/352/352 353/353/353 354/354/354
f 353/353/353 355/355/355 354/354/354
f 355/355/355 311/311/311 354/354/354
f 354/354/354 311/311/311 356/356/356
f 311/311/311 309/309/309 356/356/356
f 356/356/356 309/309/309 351/351/351
f 309/309/309 357/357/357 351/351/351
f 351/351/351 357/357/357 343/343/343
f 357/357/357 303/303/303 343/343/343
f 343/343/343 303/303/303 342/342/342
f 356/356/356 351/351/351 354/354/354
f 354/354/354 351/351/351 352/352/352
f 358/358/358 360/360/360 359/359/359
f 359/359/359 360/360/360 361/361/361
f 360/360/360 362/362/362 361/361/361
f 361/361/361 362/362/362 363/363/363
f 362/362/362 364/364/364 363/363/363
f 363/363/363 364/364/364 161/161/161
f 364/364/364 365/365/365 161/161/161
f 366/366/366 367/367/367 368/368/368
f 367/367/367 369/369/369 368/368/368
f 368/368/368 369/369/369 370/370/370
f 369/369/369 371/371/371 370/370/370
f 370/370/370 371/371/371 372/372/372
f 371/371/371 373/373/373 372/372/372
f 372/372/372 373/373/373 374/374/374
f 373/373/373 375/375/375 374/374/374
f 374/374/374 375/375/375 376/376/376
f 375/375/375 377/377/377 376/376/376
f 376/376/376 377/377/377 378/378/378
f 377/377/377 379/379/379 378/378/378
f 378/378/378 379/379/379 380/380/380
f 380/380/380 379/379/379 381/381/381
f 379/379/379 382/382/382 381/381/381
f 381/381/381 382/382/382 383/383/383
f 382/382/382 384/384/384 383/383/383
f 383/383/383 384/384/384 38/38/38
f 379/379/379 377/377/377 382/382/382
f 382/382/382 377/377/377 385/385/385
f 377/377/377 375/375/375 385/385/385
f 385/385/385 375/375/375 386/386/386
f 375/375/375 373/373/373 386/386/386
f 386/386/386 373/373/373 387/387/387
f 373/373/373 371/371/371 387/387/387
f 371/371/371 388/388/388 387/387/387
f 387/387/387 388/388/388 389/389/389
f 388/388/388 390/390/390 389/389/389
f 391/391/391 392/392/392 390/390/390
f 392/392/392 393/393/393 390/390/390
f 390/390/390 393/393/393 389/389/389
f 393/393/393 394/394/394 389/389/389
f 383/383/383 35/35/35 395/395/395
f 381/381/381 397/397/397 396/396/396
f 396/396/396 397/397/397 398/398/398
f 397/397/397 399/399/399 398/398/398
f 398/398/398 399/399/399 395/395/395
f 399/399/399 400/400/400 395/395/395
f 395/395/395 400/400/400 383/383/383
f 383/383/383 400/400/400 381/381/381
f 381/381/381 400/400/400 401/401/401
f 400/400/400 399/399/399 401/401/401
f 402/402/402 403/403/403 404/404/404
f 403/403/403 405/405/405 404/404/404
f 404/404/404 405/405/405 406/406/406
f 405/405/405 407/407/407 406/406/406
f 406/406/406 407/407/407 408/408/408
f 409/409/409 407/407/407 410/410/410
f 410/410/410 407/407/407 411/411/411
f 407/407/407 405/405/405 411/411/411
f 411/411/411 405/405/405 412/412/412
f 412/412/412 405/405/405 413/413/413
f 413/413/413 405/405/405 414/414/414
f 405/405/405 403/403/403 414/414/414
f 414/414/414 403/403/403 415/415/415
f 403/403/403 416/416/416 415/415/415
f 415/415/415 416/416/416 417/417/417
f 418/418/418 419/419/419 414/414/414
f 414/414/414 419/419/419 413/413/413
f 419/419/419 420/420/420 413/413/413
f 404/404/404 406/406/406 421/421/421
f 422/422/422 424/424/424 423/423/423
f 423/423/423 424/424/424 367/367/367
f 424/424/424 369/369/369 367/367/367
f 422/422/422 425/425/425 426/426/426
f 425/425/425 427/427/427 426/426/426
f 426/426/426 427/427/427 428/428/428
f 427/427/427 429/429/429 428/428/428
f 428/428/428 429/429/429 430/430/430
f 429/429/429 431/431/431 430/430/430
f 430/430/430 431/431/431 432/432/432
f 431/431/431 433/433/433 432/432/432
f 433/433/433 434/434/434 432/432/432
f 434/434/434 435/435/435 432/432/432
f 435/435/435 436/436/436 432/432/432
f 432/432/432 436/436/436 430/430/430
f 436/436/436 428/428/428 430/430/430
f 433/433/433 431/431/431 437/437/437
f 431/431/431 438/438/438 437/437/437
f 437/437/437 438/438/438 439/439/439
f 440/440/440 442/442/442 441/441/441
f 441/441/441 442/442/442 443/443/443
f 443/443/443 442/442/442 444/444/444
f 442/442/442 445/445/445 444/444/444
f 444/444/444 445/445/445 446/446/446
f 445/445/445 447/447/447 446/446/446
f 446/446/446 447/447/447 448/448/448
f 447/447/447 449/449/449 448/448/448
f 448/448/448 449/449/449 25/25/25
f 448/448/448 450/450/450 446/446/446
f 446/446/446 450/450/450 444/444/444
f 450/450/450 451/451/451 444/444/444
f 445/445/445 452/452/452 453/453/453
f 452/452/452 440/440/440 453/453/453
f 440/440/440 454/454/454 453/453/453
f 454/454/454 455/455/455 453/453/453
f 455/455/455 22/22/22 453/453/453
f 22/22/22 449/449/449 453/453/453
f 453/453/453 449/449/449 456/456/456
f 449/449/449 447/447/447 456/456/456
f 457/457/457 458/458/458 459/459/459
f 458/458/458 460/460/460 459/459/459
f 459/459/459 460/460/460 461/461/461
f 462/462/462 464/464/464 463/463/463
f 463/463/463 464/464/464 465/465/465
f 465/465/465 464/464/464 466/466/466
f 464/464/464 467/467/467 466/466/466
f 466/466/466 467/467/467 468/468/468
f 467/467/467 469/469/469 468/468/468
f 468/468/468 469/469/469 470/470/470
f 469/469/469 471/471/471 470/470/470
f 470/470/470 471/471/471 28/28/28
f 470/470/470 472/472/472 468/468/468
f 468/468/468 472/472/472 466/466/466
f 472/472/472 473/473/473 466/466/466
f 467/467/467 474/474/474 475/475/475
f 474/474/474 462/462/462 475/475/475
f 462/462/462 476/476/476 475/475/475
f 476/476/476 477/477/477 475/475/475
f 477/477/477 17/17/17 475/475/475
f 17/17/17 471/471/471 475/475/475
f 475/475/475 471/471/471 478/478/478
f 471/471/471 469/469/469 478/478/478
f 479/479/479 480/480/480 481/481/481
f 480/480/480 482/482/482 481/481/481
f 481/481/481 482/482/482 483/483/483
f 484/484/484 486/486/486 485/485/485
f 485/485/485 486/486/486 487/487/487
f 486/486/486 488/488/488 487/487/487
f 487/487/487 488/488/488 489/489/489
f 489/489/489 488/488/488 490/490/490
f 488/488/488 491/491/491 490/490/490
f 490/490/490 491/491/491 492/492/492
f 485/485/485 494/494/494 493/493/493
f 493/493/493 494/494/494 495/495/495
f 494/494/494 489/489/489 495/495/495
f 495/495/495 489/489/489 496/496/496
f 489/489/489 490/490/490 496/496/496
f 496/496/496 490/490/490 497/497/497
f 490/490/490 492/492/492 497/497/497
f 497/497/497 492/492/492 498/498/498
f 488/488/488 499/499/499 491/491/491
f 491/491/491 499/499/499 500/500/500
f 499/499/499 501/501/501 500/500/500
f 500/500/500 501/501/501 502/502/502
f 298/298/298 504/504/504 503/503/503
f 503/503/503 504/504/504 505/505/505
f 504/504/504 506/506/506 505/505/505
f 505/505/505 506/506/506 507/507/507
f 506/506/506 508/508/508 507/507/507
f 507/507/507 508/508/508 509/509/509
f 508/508/508 510/510/510 509/509/509
f 509/509/509 510/510/510 511/511/511
f 511/511/511 510/510/510 488/488/488
f 510/510/510 512/512/512 488/488/488
f 488/488/488 512/512/512 499/499/499
f 512/512/512 513/513/513 499/499/499
f 499/499/499 513/513/513 501/501/501
f 501/501/501 513/513/513 514/514/514
f 513/513/513 515/515/515 514/514/514
f 514/514/514 515/515/515 516/516/516
f 515/515/515 517/517/517 516/516/516
f 516/516/516 517/517/517 518/518/518
f 517/517/517 519/519/519 518/518/518
f 518/518/518 519/519/519 520/520/520
f 519/519/519 521/521/521 520/520/520
f 520/520/520 521/521/521 522/522/522
f 521/521/521 523/523/523 522/522/522
f 522/522/522 523/523/523 524/524/524
f 523/523/523 525/525/525 524/524/524
f 524/524/524 525/525/525 526/526/526
f 526/526/526 525/525/525 527/527/527
f 525/525/525 528/528/528 527/527/527
f 527/527/527 528/528/528 529/529/529
f 529/529/529 528/528/528 530/530/530
f 528/528/528 531/531/531 530/530/530
f 530/530/530 531/531/531 532/532/532
f 532/532/532 531/531/531 300/300/300
f 300/300/300 531/531/531 533/533/533
f 531/531/531 534/534/534 533/533/533
f 533/533/533 534/534/534 535/535/535
f 535/535/535 534/534/534 506/506/506
f 534/534/534 536/536/536 506/506/506
f 506/506/506 536/536/536 508/508/508
f 536/536/536 537/537/537 508/508/508
f 508/508/508 537/537/537 510/510/510
f 537/537/537 517/517/517 510/510/510
f 510/510/510 517/517/517 512/512/512
f 517/517/517 515/515/515 512/512/512
f 512/512/512 515/515/515 513/513/513
f 538/538/538 540/540/540 539/539/539
f 539/539/539 540/540/540 541/541/541
f 169/169/169 543/543/543 542/542/542
f 542/542/542 543/543/543 544/544/544
f 543/543/543 545/545/545 544/544/544
f 544/544/544 545/545/545 546/546/546
f 545/545/545 547/547/547 546/546/546
f 546/546/546 547/547/547 358/358/358
f 547/547/547 548/548/548 358/358/358
f 358/358/358 548/548/548 360/360/360
f 548/548/548 549/549/549 360/360/360
f 549/549/549 550/550/550 360/360/360
f 360/360/360 550/550/550 362/362/362
f 550/550/550 551/551/551 362/362/362
f 362/362/362 551/551/551 364/364/364
f 551/551/551 552/552/552 364/364/364
f 364/364/364 552/552/552 365/365/365
f 552/552/552 553/553/553 365/365/365
f 365/365/365 553/553/553 554/554/554
f 553/553/553 555/555/555 554/554/554
f 554/554/554 555/555/555 556/556/556
f 555/555/555 557/557/557 556/556/556
f 556/556/556 557/557/557 558/558/558
f 556/556/556 559/559/559 554/554/554
f 547/547/547 545/545/545 560/560/560
f 545/545/545 543/543/543 560/560/560
f 560/560/560 543/543/543 170/170/170
f 172/172/172 561/561/561 170/170/170
f 170/170/170 561/561/561 560/560/560
f 561/561/561 562/562/562 560/560/560
f 560/560/560 562/562/562 547/547/547
f 547/547/547 562/562/562 548/548/548
f 562/562/562 549/549/549 548/548/548
f 557/557/557 555/555/555 563/563/563
f 555/555/555 553/553/553 563/563/563
f 563/563/563 553/553/553 564/564/564
f 553/553/553 552/552/552 564/564/564
f 552/552/552 551/551/551 564/564/564
f 564/564/564 551/551/551 565/565/565
f 551/551/551 550/550/550 565/565/565
f 566/566/566 567/567/567 568/568/568
f 567/567/567 541/541/541 568/568/568
f 569/569/569 570/570/570 571/571/571
f 570/570/570 572/572/572 571/571/571
f 571/571/571 572/572/572 573/573/573
f 573/573/573 572/572/572 574/574/574
f 572/572/572 575/575/575 574/574/574
f 574/574/574 575/575/575 576/576/576
f 575/575/575 577/577/577 576/576/576
f 578/578/578 579/579/579 580/580/580
f 579/579/579 581/581/581 580/580/580
f 580/580/580 581/581/581 582/582/582
f 582/582/582 581/581/581 583/583/583
f 581/581/581 584/584/584 583/583/583
f 583/583/583 584/584/584 585/585/585
f 584/584/584 586/586/586 585/585/585
f 587/587/587 222/222/222 588/588/588
f 222/222/222 589/589/589 588/588/588
f 588/588/588 589/589/589 590/590/590
f 589/589/589 228/228/228 590/590/590
f 590/590/590 228/228/228 591/591/591
f 228/228/228 230/230/230 591/591/591
f 591/591/591 230/230/230 592/592/592
f 230/230/230 593/593/593 592/592/592
f 593/593/593 594/594/594 592/592/592
f 592/592/592 594/594/594 595/595/595
f 594/594/594 596/596/596 595/595/595
f 596/596/596 597/597/597 595/595/595
f 595/595/595 597/597/597 590/590/590
f 597/597/597 588/588/588 590/590/590
f 591/591/591 592/592/592 590/590/590
f 592/592/592 595/595/595 590/590/590
f 215/215/215 213/213/213 598/598/598
f 213/213/213 599/599/599 598/598/598
f 598/598/598 599/599/599 600/600/600
f 599/599/599 601/601/601 600/600/600
f 601/601/601 602/602/602 600/600/600
f 600/600/600 602/602/602 603/603/603
f 601/601/601 599/599/599 604/604/604
f 604/604/604 599/599/599 605/605/605
f 599/599/599 213/213/213 605/605/605
f 606/606/606 607/607/607 608/608/608
f 607/607/607 609/609/609 608/608/608
f 608/608/608 609/609/609 610/610/610
f 609/609/609 611/611/611 610/610/610
f 611/611/611 612/612/612 610/610/610
f 610/610/610 612/612/612 613/613/613
f 609/609/609 607/607/607 614/614/614
f 614/614/614 607/607/607 615/615/615
f 616/616/616 618/618/618 617/617/617
f 617/617/617 618/618/618 619/619/619
f 618/618/618 620/620/620 619/619/619
f 621/621/621 606/606/606 622/622/622
f 606/606/606 623/623/623 622/622/622
f 623/623/623 624/624/624 622/622/622
f 622/622/622 624/624/624 625/625/625
f 625/625/625 624/624/624 626/626/626
f 624/624/624 613/613/613 626/626/626
f 627/627/627 618/618/618 628/628/628
f 620/620/620 630/630/630 629/629/629
f 629/629/629 630/630/630 627/627/627
f 615/615/615 632/632/632 631/631/631
f 631/631/631 632/632/632 621/621/621
f 633/633/633 634/634/634 420/420/420
f 420/420/420 634/634/634 635/635/635
f 634/634/634 636/636/636 635/635/635
f 636/636/636 637/637/637 635/635/635
f 635/635/635 637/637/637 412/412/412
f 638/638/638 587/587/587 291/291/291
f 291/291/291 587/587/587 290/290/290
f 587/587/587 588/588/588 290/290/290
f 290/290/290 588/588/588 289/289/289
f 588/588/588 597/597/597 289/289/289
f 289/289/289 597/597/597 288/288/288
f 597/597/597 596/596/596 288/288/288
f 288/288/288 596/596/596 256/256/256
f 639/639/639 641/641/641 640/640/640
f 640/640/640 641/641/641 642/642/642
f 642/642/642 641/641/641 643/643/643
f 641/641/641 644/644/644 643/643/643
f 643/643/643 644/644/644 645/645/645
f 646/646/646 648/648/648 647/647/647
f 647/647/647 648/648/648 649/649/649
f 648/648/648 650/650/650 649/649/649
f 650/650/650 651/651/651 649/649/649
f 649/649/649 651/651/651 652/652/652
f 651/651/651 653/653/653 652/652/652
f 652/652/652 653/653/653 654/654/654
f 655/655/655 657/657/657 656/656/656
f 656/656/656 657/657/657 658/658/658
f 657/657/657 659/659/659 658/658/658
f 659/659/659 660/660/660 658/658/658
f 658/658/658 660/660/660 661/661/661
f 660/660/660 662/662/662 661/661/661
f 661/661/661 662/662/662 663/663/663
f 647/647/647 649/649/649 652/652/652
f 664/664/664 659/659/659 665/665/665
f 659/659/659 657/657/657 665/665/665
f 657/657/657 666/666/666 665/665/665
f 666/666/666 667/667/667 665/665/665
f 667/667/667 668/668/668 665/665/665
f 665/665/665 668/668/668 664/664/664
f 668/668/668 669/669/669 664/664/664
f 669/669/669 670/670/670 664/664/664
f 670/670/670 671/671/671 664/664/664
f 671/671/671 662/662/662 664/664/664
f 664/664/664 662/662/662 672/672/672
f 662/662/662 660/660/660 672/672/672
f 673/673/673 439/439/439 674/674/674
f 439/439/439 675/675/675 674/674/674
f 674/674/674 675/675/675 676/676/676
f 676/676/676 675/675/675 677/677/677
f 675/675/675 678/678/678 677/677/677
f 679/679/679 680/680/680 681/681/681
f 680/680/680 682/682/682 681/681/681
f 681/681/681 682/682/682 683/683/683
f 682/682/682 678/678/678 683/683/683
f 678/678/678 438/438/438 683/683/683
f 438/438/438 431/431/431 683/683/683
f 683/683/683 431/431/431 684/684/684
f 431/431/431 429/429/429 684/684/684
f 684/684/684 429/429/429 685/685/685
f 429/429/429 427/427/427 685/685/685
f 212/212/212 686/686/686 605/605/605
f 686/686/686 687/687/687 605/605/605
f 605/605/605 687/687/687 604/604/604
f 687/687/687 688/688/688 604/604/604
f 604/604/604 688/688/688 601/601/601
f 688/688/688 689/689/689 601/601/601
f 601/601/601 689/689/689 602/602/602
f 689/689/689 690/690/690 602/602/602
f 602/602/602 690/690/690 603/603/603
f 603/603/603 690/690/690 691/691/691
f 690/690/690 692/692/692 691/691/691
f 691/691/691 692/692/692 693/693/693
f 692/692/692 694/694/694 693/693/693
f 693/693/693 694/694/694 695/695/695
f 694/694/694 696/696/696 695/695/695
f 695/695/695 696/696/696 697/697/697
f 696/696/696 698/698/698 697/697/697
f 697/697/697 698/698/698 699/699/699
f 698/698/698 700/700/700 699/699/699
f 699/699/699 700/700/700 701/701/701
f 700/700/700 702/702/702 701/701/701
f 217/217/217 703/703/703 704/704/704
f 703/703/703 705/705/705 704/704/704
f 704/704/704 705/705/705 706/706/706
f 705/705/705 707/707/707 706/706/706
f 706/706/706 707/707/707 708/708/708
f 707/707/707 709/709/709 708/708/708
f 708/708/708 709/709/709 710/710/710
f 709/709/709 711/711/711 710/710/710
f 711/711/711 712/712/712 710/710/710
f 710/710/710 712/712/712 713/713/713
f 712/712/712 714/714/714 713/713/713
f 713/713/713 714/714/714 715/715/715
f 714/714/714 716/716/716 715/715/715
f 716/716/716 717/717/717 715/715/715
f 715/715/715 717/717/717 718/718/718
f 717/717/717 194/194/194 718/718/718
f 718/718/718 194/194/194 719/719/719
f 194/194/194 720/720/720 719/719/719
f 719/719/719 720/720/720 721/721/721
f 720/720/720 722/722/722 721/721/721
f 721/721/721 722/722/722 723/723/723
f 722/722/722 724/724/724 723/723/723
f 723/723/723 724/724/724 725/725/725
f 724/724/724 726/726/726 725/725/725
f 725/725/725 726/726/726 727/727/727
f 726/726/726 728/728/728 727/727/727
f 728/728/728 729/729/729 727/727/727
f 727/727/727 729/729/729 730/730/730
f 729/729/729 731/731/731 730/730/730
f 731/731/731 732/732/732 730/730/730
f 730/730/730 732/732/732 733/733/733
f 732/732/732 734/734/734 733/733/733
f 734/734/734 219/219/219 733/733/733
f 219/219/219 735/735/735 733/733/733
f 733/733/733 735/735/735 736/736/736
f 735/735/735 737/737/737 736/736/736
f 737/737/737 706/706/706 736/736/736
f 736/736/736 706/706/706 738/738/738
f 706/706/706 708/708/708 738/738/738
f 738/738/738 708/708/708 739/739/739
f 708/708/708 710/710/710 739/739/739
f 739/739/739 710/710/710 719/719/719
f 710/710/710 713/713/713 719/719/719
f 719/719/719 713/713/713 718/718/718
f 713/713/713 715/715/715 718/718/718
f 719/719/719 721/721/721 739/739/739
f 739/739/739 721/721/721 738/738/738
f 721/721/721 723/723/723 738/738/738
f 738/738/738 723/723/723 736/736/736
f 723/723/723 740/740/740 736/736/736
f 736/736/736 740/740/740 733/733/733
f 740/740/740 727/727/727 733/733/733
f 733/733/733 727/727/727 730/730/730
f 727/727/727 740/740/740 725/725/725
f 725/725/725 740/740/740 723/723/723
f 741/741/741 743/743/743 742/742/742
f 742/742/742 743/743/743 273/273/273
f 743/743/743 744/744/744 273/273/273
f 273/273/273 744/744/744 272/272/272
f 744/744/744 745/745/745 272/272/272
f 272/272/272 745/745/745 271/271/271
f 745/745/745 746/746/746 271/271/271
f 746/746/746 747/747/747 271/271/271
f 271/271/271 747/747/747 265/265/265
f 747/747/747 748/748/748 265/265/265
f 265/265/265 748/748/748 264/264/264
f 748/748/748 749/749/749 264/264/264
f 749/749/749 750/750/750 264/264/264
f 750/750/750 751/751/751 264/264/264
f 264/264/264 751/751/751 752/752/752
f 751/751/751 753/753/753 752/752/752
f 752/752/752 753/753/753 754/754/754
f 753/753/753 263/263/263 754/754/754
f 744/744/744 743/743/743 745/745/745
f 743/743/743 755/755/755 745/745/745
f 745/745/745 755/755/755 746/746/746
f 259/259/259 280/280/280 756/756/756
f 756/756/756 280/280/280 270/270/270
f 757/757/757 758/758/758 280/280/280
f 280/280/280 758/758/758 240/240/240
f 758/758/758 759/759/759 240/240/240
f 240/240/240 759/759/759 238/238/238
f 238/238/238 759/759/759 236/236/236
f 236/236/236 759/759/759 760/760/760
f 759/759/759 758/758/758 760/760/760
f 760/760/760 758/758/758 757/757/757
f 761/761/761 763/763/763 762/762/762
f 762/762/762 763/763/763 764/764/764
f 763/763/763 516/516/516 764/764/764
f 297/297/297 258/258/258 757/757/757
f 67/67/67 65/65/65 765/765/765
f 765/765/765 65/65/65 766/766/766
f 65/65/65 767/767/767 766/766/766
f 766/766/766 767/767/767 768/768/768
f 767/767/767 769/769/769 768/768/768
f 770/770/770 771/771/771 772/772/772
f 771/771/771 773/773/773 772/772/772
f 772/772/772 773/773/773 774/774/774
f 773/773/773 775/775/775 774/774/774
f 774/774/774 775/775/775 776/776/776
f 775/775/775 777/777/777 776/776/776
f 776/776/776 777/777/777 778/778/778
f 778/778/778 777/777/777 779/779/779
f 777/777/777 768/768/768 779/779/779
f 779/779/779 768/768/768 780/780/780
f 768/768/768 769/769/769 780/780/780
f 780/780/780 769/769/769 781/781/781
f 781/781/781 769/769/769 782/782/782
f 782/782/782 769/769/769 783/783/783
f 769/769/769 784/784/784 783/783/783
f 783/783/783 784/784/784 785/785/785
f 784/784/784 786/786/786 785/785/785
f 785/785/785 786/786/786 63/63/63
f 787/787/787 789/789/789 788/788/788
f 788/788/788 789/789/789 790/790/790
f 790/790/790 789/789/789 791/791/791
f 789/789/789 792/792/792 791/791/791
f 791/791/791 792/792/792 773/773/773
f 792/792/792 765/765/765 773/773/773
f 773/773/773 765/765/765 775/775/775
f 765/765/765 766/766/766 775/775/775
f 775/775/775 766/766/766 777/777/777
f 766/766/766 768/768/768 777/777/777
f 793/793/793 794/794/794 795/795/795
f 794/794/794 796/796/796 795/795/795
f 796/796/796 797/797/797 795/795/795
f 795/795/795 797/797/797 798/798/798
f 799/799/799 800/800/800 798/798/798
f 716/716/716 714/714/714 801/801/801
f 714/714/714 802/802/802 801/801/801
f 801/801/801 802/802/802 188/188/188
f 188/188/188 802/802/802 186/186/186
f 802/802/802 712/712/712 186/186/186
f 186/186/186 712/712/712 184/184/184
f 184/184/184 712/712/712 803/803/803
f 712/712/712 804/804/804 803/803/803
f 803/803/803 804/804/804 180/180/180
f 804/804/804 805/805/805 180/180/180
f 712/712/712 802/802/802 714/714/714
f 806/806/806 808/808/808 807/807/807
f 807/807/807 808/808/808 809/809/809
f 809/809/809 808/808/808 619/619/619
f 808/808/808 617/617/617 619/619/619
f 810/810/810 811/811/811 812/812/812
f 811/811/811 813/813/813 812/812/812
f 813/813/813 814/814/814 812/812/812
f 812/812/812 814/814/814 815/815/815
f 816/816/816 818/818/818 817/817/817
f 817/817/817 818/818/818 819/819/819
f 818/818/818 138/138/138 819/819/819
f 820/820/820 811/811/811 821/821/821
f 811/811/811 810/810/810 821/821/821
f 821/821/821 810/810/810 822/822/822
f 820/820/820 824/824/824 823/823/823
f 823/823/823 824/824/824 825/825/825
f 136/136/136 826/826/826 817/817/817
f 206/206/206 787/787/787 72/72/72
f 787/787/787 827/827/827 72/72/72
f 72/72/72 827/827/827 76/76/76
f 76/76/76 827/827/827 103/103/103
f 827/827/827 828/828/828 103/103/103
f 103/103/103 828/828/828 829/829/829
f 828/828/828 830/830/830 829/829/829
f 829/829/829 830/830/830 831/831/831
f 830/830/830 832/832/832 831/831/831
f 831/831/831 833/833/833 829/829/829
f 833/833/833 104/104/104 829/829/829
f 829/829/829 104/104/104 103/103/103
f 123/123/123 834/834/834 125/125/125
f 125/125/125 834/834/834 127/127/127
f 835/835/835 836/836/836 577/577/577
f 577/577/577 836/836/836 837/837/837
f 837/837/837 836/836/836 838/838/838
f 836/836/836 839/839/839 838/838/838
f 839/839/839 322/322/322 838/838/838
f 838/838/838 322/322/322 840/840/840
f 322/322/322 96/96/96 840/840/840
f 841/841/841 842/842/842 843/843/843
f 842/842/842 844/844/844 843/843/843
f 574/574/574 576/576/576 845/845/845
f 845/845/845 576/576/576 846/846/846
f 576/576/576 838/838/838 846/846/846
f 838/838/838 847/847/847 846/846/846
f 847/847/847 848/848/848 846/846/846
f 848/848/848 849/849/849 846/846/846
f 846/846/846 849/849/849 850/850/850
f 849/849/849 851/851/851 850/850/850
f 851/851/851 852/852/852 850/850/850
f 852/852/852 571/571/571 850/850/850
f 571/571/571 573/573/573 850/850/850
f 850/850/850 573/573/573 846/846/846
f 627/627/627 616/616/616 853/853/853
f 853/853/853 616/616/616 671/671/671
f 616/616/616 854/854/854 671/671/671
f 854/854/854 855/855/855 671/671/671
f 671/671/671 855/855/855 856/856/856
f 856/856/856 855/855/855 663/663/663
f 855/855/855 857/857/857 663/663/663
f 815/815/815 654/654/654 858/858/858
f 654/654/654 859/859/859 858/858/858
f 859/859/859 860/860/860 858/858/858
f 858/858/858 860/860/860 861/861/861
f 861/861/861 860/860/860 822/822/822
f 860/860/860 862/862/862 822/822/822
f 822/822/822 862/862/862 825/825/825
f 114/114/114 863/863/863 112/112/112
f 112/112/112 863/863/863 417/417/417
f 863/863/863 864/864/864 417/417/417
f 417/417/417 864/864/864 415/415/415
f 864/864/864 865/865/865 415/415/415
f 415/415/415 865/865/865 414/414/414
f 865/865/865 866/866/866 414/414/414
f 414/414/414 866/866/866 418/418/418
f 418/418/418 866/866/866 867/867/867
f 867/867/867 866/866/866 868/868/868
f 868/868/868 866/866/866 869/869/869
f 866/866/866 865/865/865 869/869/869
f 869/869/869 865/865/865 864/864/864
f 870/870/870 872/872/872 871/871/871
f 871/871/871 872/872/872 873/873/873
f 52/52/52 874/874/874 870/870/870
f 370/370/370 372/372/372 875/875/875
f 372/372/372 374/374/374 875/875/875
f 876/876/876 877/877/877 878/878/878
f 877/877/877 879/879/879 878/878/878
f 879/879/879 460/460/460 878/878/878
f 878/878/878 460/460/460 880/880/880
f 460/460/460 458/458/458 880/880/880
f 880/880/880 458/458/458 881/881/881
f 458/458/458 457/457/457 881/881/881
f 881/881/881 457/457/457 882/882/882
f 457/457/457 883/883/883 882/882/882
f 884/884/884 885/885/885 886/886/886
f 885/885/885 887/887/887 886/886/886
f 887/887/887 482/482/482 886/886/886
f 886/886/886 482/482/482 888/888/888
f 482/482/482 480/480/480 888/888/888
f 888/888/888 480/480/480 889/889/889
f 480/480/480 479/479/479 889/889/889
f 889/889/889 479/479/479 890/890/890
f 479/479/479 612/612/612 890/890/890
f 525/525/525 523/523/523 891/891/891
f 523/523/523 521/521/521 891/891/891
f 651/651/651 892/892/892 653/653/653
f 892/892/892 893/893/893 653/653/653
f 653/653/653 893/893/893 860/860/860
f 860/860/860 893/893/893 894/894/894
f 894/894/894 893/893/893 895/895/895
f 895/895/895 893/893/893 896/896/896
f 893/893/893 897/897/897 896/896/896
f 896/896/896 897/897/897 898/898/898
f 898/898/898 897/897/897 899/899/899
f 899/899/899 897/897/897 648/648/648
f 648/648/648 897/897/897 650/650/650
f 897/897/897 893/893/893 650/650/650
f 92/92/92 900/900/900 340/340/340
f 900/900/900 901/901/901 340/340/340
f 340/340/340 901/901/901 902/902/902
f 902/902/902 901/901/901 903/903/903
f 901/901/901 904/904/904 903/903/903
f 904/904/904 586/586/586 903/903/903
f 903/903/903 586/586/586 347/347/347
f 583/583/583 585/585/585 905/905/905
f 905/905/905 585/585/585 906/906/906
f 585/585/585 901/901/901 906/906/906
f 901/901/901 907/907/907 906/906/906
f 907/907/907 908/908/908 906/906/906
f 908/908/908 909/909/909 906/906/906
f 906/906/906 909/909/909 910/910/910
f 909/909/909 911/911/911 910/910/910
f 911/911/911 912/912/912 910/910/910
f 912/912/912 580/580/580 910/910/910
f 580/580/580 582/582/582 910/910/910
f 910/910/910 582/582/582 906/906/906
f 888/888/888 914/914/914 913/913/913
f 913/913/913 914/914/914 884/884/884
f 884/884/884 914/914/914 915/915/915
f 915/915/915 914/914/914 916/916/916
f 916/916/916 914/914/914 609/609/609
f 609/609/609 914/914/914 890/890/890
f 914/914/914 917/917/917 890/890/890
f 890/890/890 917/917/917 889/889/889
f 880/880/880 919/919/919 918/918/918
f 918/918/918 919/919/919 876/876/876
f 876/876/876 919/919/919 920/920/920
f 920/920/920 919/919/919 921/921/921
f 921/921/921 919/919/919 566/566/566
f 566/566/566 919/919/919 882/882/882
f 919/919/919 922/922/922 882/882/882
f 882/882/882 922/922/922 881/881/881
f 923/923/923 925/925/925 924/924/924
f 924/924/924 925/925/925 926/926/926
f 925/925/925 927/927/927 926/926/926
f 926/926/926 927/927/927 928/928/928
f 927/927/927 929/929/929 928/928/928
f 928/928/928 929/929/929 930/930/930
f 930/930/930 929/929/929 931/931/931
f 929/929/929 932/932/932 931/931/931
f 931/931/931 932/932/932 933/933/933
f 932/932/932 934/934/934 933/933/933
f 933/933/933 934/934/934 923/923/923
f 923/923/923 934/934/934 925/925/925
f 925/925/925 934/934/934 927/927/927
f 934/934/934 932/932/932 927/927/927
f 927/927/927 932/932/932 929/929/929
f 930/930/930 935/935/935 928/928/928
f 928/928/928 935/935/935 926/926/926
f 935/935/935 924/924/924 926/926/926
f 936/936/936 937/937/937 938/938/938
f 937/937/937 939/939/939 938/938/938
f 938/938/938 939/939/939 940/940/940
f 939/939/939 941/941/941 940/940/940
f 940/940/940 941/941/941 942/942/942
f 941/941/941 943/943/943 942/942/942
f 943/943/943 944/944/944 942/942/942
f 942/942/942 944/944/944 945/945/945
f 944/944/944 946/946/946 945/945/945
f 945/945/945 946/946/946 947/947/947
f 946/946/946 936/936/936 947/947/947
f 936/936/936 938/938/938 947/947/947
f 938/938/938 940/940/940 947/947/947
f 947/947/947 940/940/940 945/945/945
f 940/940/940 942/942/942 945/945/945
f 943/943/943 941/941/941 948/948/948
f 941/941/941 939/939/939 948/948/948
f 948/948/948 939/939/939 937/937/937
f 389/389/389 949/949/949 387/387/387
f 387/387/387 949/949/949 386/386/386
f 949/949/949 384/384/384 386/386/386
f 384/384/384 382/382/382 386/386/386
f 386/386/386 382/382/382 385/385/385
f 701/701/701 950/950/950 699/699/699
f 699/699/699 950/950/950 697/697/697
f 950/950/950 951/951/951 697/697/697
f 697/697/697 951/951/951 695/695/695
f 695/695/695 951/951/951 693/693/693
f 951/951/951 952/952/952 693/693/693
f 693/693/693 952/952/952 691/691/691
f 953/953/953 954/954/954 684/684/684
f 684/684/684 954/954/954 683/683/683
f 954/954/954 955/955/955 683/683/683
f 683/683/683 955/955/955 681/681/681
f 955/955/955 956/956/956 681/681/681
f 134/134/134 957/957/957 958/958/958
f 957/957/957 959/959/959 958/958/958
f 958/958/958 959/959/959 960/960/960
f 959/959/959 826/826/826 960/960/960
f 960/960/960 826/826/826 961/961/961
f 826/826/826 136/136/136 961/961/961
f 136/136/136 134/134/134 961/961/961
f 134/134/134 962/962/962 961/961/961
f 961/961/961 962/962/962 960/960/960
f 954/954/954 963/963/963 955/955/955
f 825/825/825 821/821/821 964/964/964
f 965/965/965 658/658/658 661/661/661
f 966/966/966 425/425/425 967/967/967
f 425/425/425 422/422/422 967/967/967
f 967/967/967 422/422/422 968/968/968
f 422/422/422 423/423/423 968/968/968
f 968/968/968 423/423/423 969/969/969
f 517/517/517 537/537/537 519/519/519
f 537/537/537 536/536/536 519/519/519
f 519/519/519 536/536/536 521/521/521
f 536/536/536 534/534/534 521/521/521
f 521/521/521 534/534/534 891/891/891
f 534/534/534 531/531/531 891/891/891
f 891/891/891 531/531/531 525/525/525
f 531/531/531 528/528/528 525/525/525
f 380/380/380 970/970/970 378/378/378
f 970/970/970 971/971/971 378/378/378
f 378/378/378 971/971/971 376/376/376
f 538/538/538 973/973/973 972/972/972
f 973/973/973 974/974/974 972/972/972
f 974/974/974 975/975/975 972/972/972
f 972/972/972 975/975/975 976/976/976
f 976/976/976 975/975/975 977/977/977
f 975/975/975 978/978/978 977/977/977
f 979/979/979 980/980/980 981/981/981
f 978/978/978 982/982/982 883/883/883
f 883/883/883 982/982/982 983/983/983
f 983/983/983 982/982/982 566/566/566
f 982/982/982 984/984/984 566/566/566
f 566/566/566 984/984/984 567/567/567
f 984/984/984 973/973/973 567/567/567
f 985/985/985 50/50/50 986/986/986
f 50/50/50 987/987/987 986/986/986
f 986/986/986 987/987/987 988/988/988
f 989/989/989 990/990/990 44/44/44
f 989/989/989 54/54/54 991/991/991
f 78/78/78 88/88/88 205/205/205
f 606/606/606 615/615/615 992/992/992
f 541/541/541 993/993/993 973/973/973
f 579/579/579 584/584/584 581/581/581
f 92/92/92 994/994/994 338/338/338
f 995/995/995 575/575/575 572/572/572
f 96/96/96 996/996/996 324/324/324
f 997/997/997 144/144/144 998/998/998
f 144/144/144 145/145/145 998/998/998
f 998/998/998 145/145/145 999/999/999
f 133/133/133 131/131/131 1000/1000/1000
f 1000/1000/1000 131/131/131 1001/1001/1001
f 131/131/131 129/129/129 1001/1001/1001
f 1002/1002/1002 997/997/997 1003/1003/1003
f 1002/1002/1002 1004/1004/1004 151/151/151
f 844/844/844 150/150/150 1005/1005/1005
f 1006/1006/1006 1007/1007/1007 147/147/147
f 147/147/147 1007/1007/1007 1008/1008/1008
f 1007/1007/1007 1009/1009/1009 1008/1008/1008
f 149/149/149 841/841/841 1010/1010/1010
f 1011/1011/1011 1013/1013/1013 1012/1012/1012
f 698/698/698 1014/1014/1014 700/700/700
f 873/873/873 1015/1015/1015 53/53/53
f 689/689/689 1016/1016/1016 690/690/690
f 1016/1016/1016 1017/1017/1017 690/690/690
f 690/690/690 1017/1017/1017 692/692/692
f 1017/1017/1017 1018/1018/1018 692/692/692
f 692/692/692 1018/1018/1018 694/694/694
f 1018/1018/1018 154/154/154 694/694/694
f 694/694/694 154/154/154 696/696/696
f 1019/1019/1019 709/709/709 707/707/707
f 1020/1020/1020 716/716/716 1021/1021/1021
f 1022/1022/1022 183/183/183 181/181/181
f 798/798/798 1023/1023/1023 1024/1024/1024
f 323/323/323 1025/1025/1025 325/325/325
f 325/325/325 1025/1025/1025 1026/1026/1026
f 1026/1026/1026 1025/1025/1025 1027/1027/1027
f 1025/1025/1025 1028/1028/1028 1027/1027/1027
f 778/778/778 1029/1029/1029 776/776/776
f 1029/1029/1029 772/772/772 776/776/776
f 776/776/776 772/772/772 774/774/774
f 509/509/509 1030/1030/1030 507/507/507
f 500/500/500 1031/1031/1031 491/491/491
f 495/495/495 1032/1032/1032 493/493/493
f 644/644/644 1033/1033/1033 1034/1034/1034
f 1035/1035/1035 1036/1036/1036 1037/1037/1037
f 1037/1037/1037 1036/1036/1036 1038/1038/1038
f 1036/1036/1036 1039/1039/1039 1038/1038/1038
f 1039/1039/1039 1040/1040/1040 1038/1038/1038
f 1040/1040/1040 1041/1041/1041 1038/1038/1038
f 1038/1038/1038 1041/1041/1041 1042/1042/1042
f 1041/1041/1041 1043/1043/1043 1042/1042/1042
f 1042/1042/1042 1043/1043/1043 1035/1035/1035
f 1044/1044/1044 1046/1046/1046 1045/1045/1045
f 1045/1045/1045 1046/1046/1046 1047/1047/1047
f 1046/1046/1046 1048/1048/1048 1047/1047/1047
f 1047/1047/1047 1048/1048/1048 1049/1049/1049
f 1049/1049/1049 1048/1048/1048 1050/1050/1050
f 1048/1048/1048 1051/1051/1051 1050/1050/1050
f 1050/1050/1050 1051/1051/1051 1052/1052/1052
f 1052/1052/1052 1051/1051/1051 1053/1053/1053
f 1053/1053/1053 1051/1051/1051 1054/1054/1054
f 1051/1051/1051 1055/1055/1055 1054/1054/1054
f 1054/1054/1054 1055/1055/1055 1056/1056/1056
f 1056/1056/1056 1055/1055/1055 1057/1057/1057
f 1057/1057/1057 1055/1055/1055 1058/1058/1058
f 1055/1055/1055 1046/1046/1046 1058/1058/1058
f 1058/1058/1058 1046/1046/1046 1059/1059/1059
f 1046/1046/1046 1044/1044/1044 1059/1059/1059
f 1051/1051/1051 1048/1048/1048 1055/1055/1055
f 1048/1048/1048 1046/1046/1046 1055/1055/1055
f 1060/1060/1060 1061/1061/1061 1062/1062/1062
f 1061/1061/1061 1063/1063/1063 1062/1062/1062
f 1062/1062/1062 1063/1063/1063 1064/1064/1064
f 1063/1063/1063 1065/1065/1065 1064/1064/1064
f 1065/1065/1065 1066/1066/1066 1064/1064/1064
f 1064/1064/1064 1066/1066/1066 1067/1067/1067
f 1066/1066/1066 1068/1068/1068 1067/1067/1067
f 1068/1068/1068 1069/1069/1069 1067/1067/1067
f 1069/1069/1069 1070/1070/1070 1067/1067/1067
f 1067/1067/1067 1070/1070/1070 1071/1071/1071
f 1070/1070/1070 1072/1072/1072 1071/1071/1071
f 1072/1072/1072 1073/1073/1073 1071/1071/1071
f 1073/1073/1073 1074/1074/1074 1071/1071/1071
f 1071/1071/1071 1074/1074/1074 1062/1062/1062
f 1074/1074/1074 1075/1075/1075 1062/1062/1062
f 1062/1062/1062 1075/1075/1075 1060/1060/1060
f 1062/1062/1062 1064/1064/1064 1071/1071/1071
f 1071/1071/1071 1064/1064/1064 1067/1067/1067
f 1076/1076/1076 1077/1077/1077 1078/1078/1078
f 1077/1077/1077 1079/1079/1079 1078/1078/1078
f 1078/1078/1078 1079/1079/1079 1080/1080/1080
f 1081/1081/1081 1082/1082/1082 1080/1080/1080
f 1080/1080/1080 1082/1082/1082 1083/1083/1083
f 1082/1082/1082 1084/1084/1084 1083/1083/1083
f 1083/1083/1083 1084/1084/1084 1085/1085/1085
f 1084/1084/1084 1086/1086/1086 1085/1085/1085
f 1086/1086/1086 1087/1087/1087 1085/1085/1085
f 1085/1085/1085 1087/1087/1087 1088/1088/1088
f 1088/1088/1088 1087/1087/1087 1089/1089/1089
f 1087/1087/1087 1090/1090/1090 1089/1089/1089
f 1083/1083/1083 1085/1085/1085 1088/1088/1088
f 1091/1091/1091 1093/1093/1093 1092/1092/1092
f 1092/1092/1092 1093/1093/1093 1094/1094/1094
f 1093/1093/1093 1095/1095/1095 1094/1094/1094
f 1094/1094/1094 1095/1095/1095 1096/1096/1096
f 1095/1095/1095 1097/1097/1097 1096/1096/1096
f 1098/1098/1098 1099/1099/1099 1100/1100/1100
f 1099/1099/1099 1101/1101/1101 1100/1100/1100
f 1100/1100/1100 1101/1101/1101 1102/1102/1102
f 1103/1103/1103 1102/1102/1102 1104/1104/1104
f 1104/1104/1104 1102/1102/1102 1105/1105/1105
f 1106/1106/1106 1108/1108/1108 1107/1107/1107
f 1107/1107/1107 1108/1108/1108 1109/1109/1109
f 1110/1110/1110 1112/1112/1112 1111/1111/1111
f 1111/1111/1111 1112/1112/1112 1113/1113/1113
f 1112/1112/1112 1114/1114/1114 1113/1113/1113
f 1115/1115/1115 1103/1103/1103 1116/1116/1116
f 1117/1117/1117 1119/1119/1119 1118/1118/1118
f 1118/1118/1118 1119/1119/1119 1120/1120/1120
f 1121/1121/1121 1122/1122/1122 1113/1113/1113
f 1113/1113/1113 1122/1122/1122 1123/1123/1123
f 1122/1122/1122 1124/1124/1124 1123/1123/1123
f 1124/1124/1124 1125/1125/1125 1123/1123/1123
f 1123/1123/1123 1125/1125/1125 1126/1126/1126
f 1125/1125/1125 1127/1127/1127 1126/1126/1126
f 1126/1126/1126 1127/1127/1127 1128/1128/1128
f 1127/1127/1127 1129/1129/1129 1128/1128/1128
f 1129/1129/1129 1130/1130/1130 1128/1128/1128
f 1128/1128/1128 1130/1130/1130 1131/1131/1131
f 1130/1130/1130 1132/1132/1132 1131/1131/1131
f 1110/1110/1110 1123/1123/1123 1133/1133/1133
f 1123/1123/1123 1126/1126/1126 1133/1133/1133
f 1133/1133/1133 1126/1126/1126 1131/1131/1131
f 1126/1126/1126 1128/1128/1128 1131/1131/1131
f 1134/1134/1134 1135/1135/1135 1136/1136/1136
f 1135/1135/1135 1137/1137/1137 1136/1136/1136
f 1136/1136/1136 1137/1137/1137 1138/1138/1138
f 1137/1137/1137 1139/1139/1139 1138/1138/1138
f 1138/1138/1138 1139/1139/1139 1140/1140/1140
f 1141/1141/1141 1143/1143/1143 1142/1142/1142
f 1142/1142/1142 1143/1143/1143 1144/1144/1144
f 1143/1143/1143 1145/1145/1145 1144/1144/1144
f 1146/1146/1146 1147/1147/1147 1145/1145/1145
f 1147/1147/1147 1148/1148/1148 1145/1145/1145
f 1149/1149/1149 1150/1150/1150 1151/1151/1151
f 1150/1150/1150 1152/1152/1152 1151/1151/1151
f 1153/1153/1153 1154/1154/1154 1146/1146/1146
f 1155/1155/1155 1157/1157/1157 1156/1156/1156
f 1156/1156/1156 1157/1157/1157 1158/1158/1158
f 1158/1158/1158 1157/1157/1157 1159/1159/1159
f 1157/1157/1157 1160/1160/1160 1159/1159/1159
f 1159/1159/1159 1160/1160/1160 1161/1161/1161
f 1160/1160/1160 1162/1162/1162 1161/1161/1161
f 1161/1161/1161 1162/1162/1162 1163/1163/1163
f 1162/1162/1162 1164/1164/1164 1163/1163/1163
f 1163/1163/1163 1164/1164/1164 1165/1165/1165
f 1164/1164/1164 1166/1166/1166 1165/1165/1165
f 1167/1167/1167 1168/1168/1168 1169/1169/1169
f 1168/1168/1168 1170/1170/1170 1169/1169/1169
f 1169/1169/1169 1170/1170/1170 1171/1171/1171
f 1170/1170/1170 1172/1172/1172 1171/1171/1171
f 1171/1171/1171 1172/1172/1172 1173/1173/1173
f 1172/1172/1172 1174/1174/1174 1173/1173/1173
f 1175/1175/1175 1174/1174/1174 1176/1176/1176
f 1174/1174/1174 1172/1172/1172 1176/1176/1176
f 1172/1172/1172 1177/1177/1177 1176/1176/1176
f 1176/1176/1176 1177/1177/1177 1178/1178/1178
f 1177/1177/1177 1179/1179/1179 1178/1178/1178
f 1178/1178/1178 1179/1179/1179 1180/1180/1180
f 1179/1179/1179 1181/1181/1181 1180/1180/1180
f 1180/1180/1180 1181/1181/1181 1182/1182/1182
f 1181/1181/1181 1183/1183/1183 1182/1182/1182
f 1182/1182/1182 1183/1183/1183 1184/1184/1184
f 1185/1185/1185 1187/1187/1187 1186/1186/1186
f 1186/1186/1186 1187/1187/1187 1188/1188/1188
f 1189/1189/1189 1191/1191/1191 1190/1190/1190
f 1190/1190/1190 1191/1191/1191 1192/1192/1192
f 1191/1191/1191 1193/1193/1193 1192/1192/1192
f 1192/1192/1192 1193/1193/1193 1158/1158/1158
f 1193/1193/1193 1194/1194/1194 1158/1158/1158
f 1158/1158/1158 1194/1194/1194 1156/1156/1156
f 1195/1195/1195 1197/1197/1197 1196/1196/1196
f 1196/1196/1196 1197/1197/1197 1198/1198/1198
f 1197/1197/1197 1199/1199/1199 1198/1198/1198
f 1198/1198/1198 1199/1199/1199 1200/1200/1200
f 1199/1199/1199 1201/1201/1201 1200/1200/1200
f 1200/1200/1200 1201/1201/1201 1202/1202/1202
f 1201/1201/1201 1203/1203/1203 1202/1202/1202
f 1202/1202/1202 1203/1203/1203 1204/1204/1204
f 1204/1204/1204 1203/1203/1203 1205/1205/1205
f 1203/1203/1203 1206/1206/1206 1205/1205/1205
f 1205/1205/1205 1206/1206/1206 1207/1207/1207
f 1206/1206/1206 1208/1208/1208 1207/1207/1207
f 1207/1207/1207 1208/1208/1208 1209/1209/1209
f 1208/1208/1208 1210/1210/1210 1209/1209/1209
f 1209/1209/1209 1210/1210/1210 1211/1211/1211
f 1210/1210/1210 1212/1212/1212 1211/1211/1211
f 1211/1211/1211 1212/1212/1212 1213/1213/1213
f 1212/1212/1212 1214/1214/1214 1213/1213/1213
f 1213/1213/1213 1214/1214/1214 1215/1215/1215
f 1214/1214/1214 1216/1216/1216 1215/1215/1215
f 1215/1215/1215 1216/1216/1216 1217/1217/1217
f 1216/1216/1216 1218/1218/1218 1217/1217/1217
f 1217/1217/1217 1218/1218/1218 1219/1219/1219
f 1218/1218/1218 1220/1220/1220 1219/1219/1219
f 1219/1219/1219 1220/1220/1220 1221/1221/1221
f 1220/1220/1220 1222/1222/1222 1221/1221/1221
f 1221/1221/1221 1222/1222/1222 1223/1223/1223
f 1223/1223/1223 1222/1222/1222 1224/1224/1224
f 1222/1222/1222 1225/1225/1225 1224/1224/1224
f 1225/1225/1225 1226/1226/1226 1224/1224/1224
f 1224/1224/1224 1226/1226/1226 1227/1227/1227
f 1226/1226/1226 1228/1228/1228 1227/1227/1227
f 1227/1227/1227 1228/1228/1228 1229/1229/1229
f 1222/1222/1222 1220/1220/1220 1225/1225/1225
f 1225/1225/1225 1220/1220/1220 1230/1230/1230
f 1220/1220/1220 1218/1218/1218 1230/1230/1230
f 1230/1230/1230 1218/1218/1218 1231/1231/1231
f 1218/1218/1218 1232/1232/1232 1231/1231/1231
f 1232/1232/1232 1233/1233/1233 1231/1231/1231
f 1231/1231/1231 1233/1233/1233 1234/1234/1234
f 1233/1233/1233 1235/1235/1235 1234/1234/1234
f 1234/1234/1234 1235/1235/1235 1236/1236/1236
f 1235/1235/1235 1237/1237/1237 1236/1236/1236
f 1236/1236/1236 1237/1237/1237 1238/1238/1238
f 1237/1237/1237 1239/1239/1239 1238/1238/1238
f 1231/1231/1231 1234/1234/1234 1240/1240/1240
f 1234/1234/1234 1236/1236/1236 1240/1240/1240
f 1079/1079/1079 1077/1077/1077 1241/1241/1241
f 1077/1077/1077 1242/1242/1242 1241/1241/1241
f 1241/1241/1241 1242/1242/1242 1243/1243/1243
f 1242/1242/1242 1244/1244/1244 1243/1243/1243
f 1243/1243/1243 1244/1244/1244 1245/1245/1245
f 1244/1244/1244 1246/1246/1246 1245/1245/1245
f 1245/1245/1245 1246/1246/1246 1247/1247/1247
f 1246/1246/1246 1248/1248/1248 1247/1247/1247
f 1247/1247/1247 1248/1248/1248 1249/1249/1249
f 1248/1248/1248 1250/1250/1250 1249/1249/1249
f 1249/1249/1249 1250/1250/1250 1251/1251/1251
f 1250/1250/1250 1252/1252/1252 1251/1251/1251
f 1251/1251/1251 1252/1252/1252 1253/1253/1253
f 1252/1252/1252 1254/1254/1254 1253/1253/1253
f 1253/1253/1253 1254/1254/1254 1255/1255/1255
f 1254/1254/1254 1256/1256/1256 1255/1255/1255
f 1255/1255/1255 1256/1256/1256 1257/1257/1257
f 1256/1256/1256 1258/1258/1258 1257/1257/1257
f 1257/1257/1257 1258/1258/1258 1259/1259/1259
f 1259/1259/1259 1258/1258/1258 1233/1233/1233
f 1258/1258/1258 1260/1260/1260 1233/1233/1233
f 1233/1233/1233 1260/1260/1260 1235/1235/1235
f 1256/1256/1256 1254/1254/1254 1258/1258/1258
f 1261/1261/1261 1262/1262/1262 1263/1263/1263
f 1262/1262/1262 1264/1264/1264 1263/1263/1263
f 1263/1263/1263 1264/1264/1264 1265/1265/1265
f 1264/1264/1264 1266/1266/1266 1265/1265/1265
f 1266/1266/1266 1267/1267/1267 1265/1265/1265
f 1265/1265/1265 1267/1267/1267 1268/1268/1268
f 1269/1269/1269 1271/1271/1271 1270/1270/1270
f 1270/1270/1270 1271/1271/1271 1272/1272/1272
f 1271/1271/1271 1273/1273/1273 1272/1272/1272
f 1272/1272/1272 1273/1273/1273 1274/1274/1274
f 1274/1274/1274 1273/1273/1273 1275/1275/1275
f 1273/1273/1273 1276/1276/1276 1275/1275/1275
f 1277/1277/1277 1278/1278/1278 1279/1279/1279
f 1278/1278/1278 1280/1280/1280 1279/1279/1279
f 1279/1279/1279 1280/1280/1280 1276/1276/1276
f 1278/1278/1278 1281/1281/1281 1280/1280/1280
f 1280/1280/1280 1281/1281/1281 1274/1274/1274
f 1281/1281/1281 1282/1282/1282 1274/1274/1274
f 1274/1274/1274 1282/1282/1282 1283/1283/1283
f 1282/1282/1282 1284/1284/1284 1283/1283/1283
f 1283/1283/1283 1284/1284/1284 1285/1285/1285
f 1284/1284/1284 1286/1286/1286 1285/1285/1285
f 1286/1286/1286 1287/1287/1287 1285/1285/1285
f 1285/1285/1285 1287/1287/1287 1288/1288/1288
f 1287/1287/1287 1289/1289/1289 1288/1288/1288
f 1288/1288/1288 1289/1289/1289 1290/1290/1290
f 1289/1289/1289 1291/1291/1291 1290/1290/1290
f 1291/1291/1291 1292/1292/1292 1290/1290/1290
f 1292/1292/1292 1293/1293/1293 1290/1290/1290
f 1290/1290/1290 1293/1293/1293 1294/1294/1294
f 1293/1293/1293 1295/1295/1295 1294/1294/1294
f 1294/1294/1294 1295/1295/1295 1296/1296/1296
f 1295/1295/1295 1297/1297/1297 1296/1296/1296
f 1298/1298/1298 1299/1299/1299 1300/1300/1300
f 1299/1299/1299 1301/1301/1301 1300/1300/1300
f 1300/1300/1300 1301/1301/1301 1302/1302/1302
f 1290/1290/1290 1294/1294/1294 1288/1288/1288
f 1288/1288/1288 1294/1294/1294 1285/1285/1285
f 1294/1294/1294 1296/1296/1296 1285/1285/1285
f 1296/1296/1296 1303/1303/1303 1285/1285/1285
f 1285/1285/1285 1303/1303/1303 1283/1283/1283
f 1304/1304/1304 1306/1306/1306 1305/1305/1305
f 1305/1305/1305 1306/1306/1306 1302/1302/1302
f 1306/1306/1306 1307/1307/1307 1302/1302/1302
f 1302/1302/1302 1307/1307/1307 1300/1300/1300
f 1307/1307/1307 1308/1308/1308 1300/1300/1300
f 1300/1300/1300 1308/1308/1308 1298/1298/1298
f 1308/1308/1308 1309/1309/1309 1298/1298/1298
f 1298/1298/1298 1309/1309/1309 1310/1310/1310
f 1310/1310/1310 1309/1309/1309 1311/1311/1311
f 1311/1311/1311 1309/1309/1309 1312/1312/1312
f 1309/1309/1309 1219/1219/1219 1312/1312/1312
f 1312/1312/1312 1219/1219/1219 1313/1313/1313
f 1219/1219/1219 1221/1221/1221 1313/1313/1313
f 1314/1314/1314 1315/1315/1315 1316/1316/1316
f 1315/1315/1315 1317/1317/1317 1316/1316/1316
f 1316/1316/1316 1317/1317/1317 1318/1318/1318
f 1317/1317/1317 1319/1319/1319 1318/1318/1318
f 1219/1219/1219 1309/1309/1309 1217/1217/1217
f 1309/1309/1309 1320/1320/1320 1217/1217/1217
f 1217/1217/1217 1320/1320/1320 1321/1321/1321
f 1320/1320/1320 1322/1322/1322 1321/1321/1321
f 1321/1321/1321 1322/1322/1322 1323/1323/1323
f 1322/1322/1322 1324/1324/1324 1323/1323/1323
f 1323/1323/1323 1324/1324/1324 1325/1325/1325
f 1324/1324/1324 1326/1326/1326 1325/1325/1325
f 1326/1326/1326 1327/1327/1327 1325/1325/1325
f 1325/1325/1325 1327/1327/1327 1328/1328/1328
f 1327/1327/1327 1329/1329/1329 1328/1328/1328
f 1328/1328/1328 1329/1329/1329 1207/1207/1207
f 1329/1329/1329 1330/1330/1330 1207/1207/1207
f 1207/1207/1207 1330/1330/1330 1205/1205/1205
f 1217/1217/1217 1321/1321/1321 1215/1215/1215
f 1215/1215/1215 1321/1321/1321 1213/1213/1213
f 1321/1321/1321 1331/1331/1331 1213/1213/1213
f 1213/1213/1213 1331/1331/1331 1332/1332/1332
f 1331/1331/1331 1333/1333/1333 1332/1332/1332
f 1332/1332/1332 1333/1333/1333 1209/1209/1209
f 1333/1333/1333 1325/1325/1325 1209/1209/1209
f 1325/1325/1325 1328/1328/1328 1209/1209/1209
f 1209/1209/1209 1328/1328/1328 1207/1207/1207
f 1321/1321/1321 1323/1323/1323 1331/1331/1331
f 1331/1331/1331 1323/1323/1323 1334/1334/1334
f 1323/1323/1323 1325/1325/1325 1334/1334/1334
f 1213/1213/1213 1332/1332/1332 1211/1211/1211
f 1332/1332/1332 1209/1209/1209 1211/1211/1211
f 1306/1306/1306 1335/1335/1335 1307/1307/1307
f 1335/1335/1335 1336/1336/1336 1307/1307/1307
f 1307/1307/1307 1336/1336/1336 1337/1337/1337
f 1336/1336/1336 1338/1338/1338 1337/1337/1337
f 1337/1337/1337 1338/1338/1338 1339/1339/1339
f 1339/1339/1339 1338/1338/1338 1340/1340/1340
f 1338/1338/1338 1326/1326/1326 1340/1340/1340
f 1326/1326/1326 1324/1324/1324 1340/1340/1340
f 1340/1340/1340 1324/1324/1324 1341/1341/1341
f 1324/1324/1324 1322/1322/1322 1341/1341/1341
f 1341/1341/1341 1322/1322/1322 1337/1337/1337
f 1322/1322/1322 1308/1308/1308 1337/1337/1337
f 1337/1337/1337 1308/1308/1308 1307/1307/1307
f 1322/1322/1322 1320/1320/1320 1308/1308/1308
f 1308/1308/1308 1320/1320/1320 1309/1309/1309
f 1338/1338/1338 1336/1336/1336 1342/1342/1342
f 1342/1342/1342 1336/1336/1336 1343/1343/1343
f 1336/1336/1336 1335/1335/1335 1343/1343/1343
f 1270/1270/1270 1272/1272/1272 1344/1344/1344
f 1272/1272/1272 1345/1345/1345 1344/1344/1344
f 1344/1344/1344 1345/1345/1345 1346/1346/1346
f 1345/1345/1345 1347/1347/1347 1346/1346/1346
f 1346/1346/1346 1347/1347/1347 1348/1348/1348
f 1347/1347/1347 1349/1349/1349 1348/1348/1348
f 1348/1348/1348 1349/1349/1349 1350/1350/1350
f 1349/1349/1349 1351/1351/1351 1350/1350/1350
f 1350/1350/1350 1351/1351/1351 1352/1352/1352
f 1351/1351/1351 1353/1353/1353 1352/1352/1352
f 1352/1352/1352 1353/1353/1353 1354/1354/1354
f 1353/1353/1353 1355/1355/1355 1354/1354/1354
f 1354/1354/1354 1355/1355/1355 1356/1356/1356
f 1356/1356/1356 1355/1355/1355 1357/1357/1357
f 1357/1357/1357 1355/1355/1355 1358/1358/1358
f 1355/1355/1355 1359/1359/1359 1358/1358/1358
f 1358/1358/1358 1359/1359/1359 1360/1360/1360
f 1359/1359/1359 1361/1361/1361 1360/1360/1360
f 1360/1360/1360 1361/1361/1361 1362/1362/1362
f 1361/1361/1361 1363/1363/1363 1362/1362/1362
f 1363/1363/1363 1364/1364/1364 1362/1362/1362
f 1364/1364/1364 1365/1365/1365 1362/1362/1362
f 1362/1362/1362 1365/1365/1365 1360/1360/1360
f 1365/1365/1365 1358/1358/1358 1360/1360/1360
f 1355/1355/1355 1353/1353/1353 1359/1359/1359
f 1353/1353/1353 1366/1366/1366 1359/1359/1359
f 1359/1359/1359 1366/1366/1366 1361/1361/1361
f 1366/1366/1366 1349/1349/1349 1361/1361/1361
f 1361/1361/1361 1349/1349/1349 1367/1367/1367
f 1349/1349/1349 1347/1347/1347 1367/1367/1367
f 1367/1367/1367 1347/1347/1347 1368/1368/1368
f 1347/1347/1347 1345/1345/1345 1368/1368/1368
f 1368/1368/1368 1345/1345/1345 1369/1369/1369
f 1369/1369/1369 1345/1345/1345 1274/1274/1274
f 1345/1345/1345 1272/1272/1272 1274/1274/1274
f 1368/1368/1368 1296/1296/1296 1367/1367/1367
f 1296/1296/1296 1297/1297/1297 1367/1367/1367
f 1367/1367/1367 1297/1297/1297 1361/1361/1361
f 1297/1297/1297 1363/1363/1363 1361/1361/1361
f 1349/1349/1349 1366/1366/1366 1351/1351/1351
f 1366/1366/1366 1353/1353/1353 1351/1351/1351
f 1352/1352/1352 1354/1354/1354 1370/1370/1370
f 1354/1354/1354 1356/1356/1356 1370/1370/1370
f 1371/1371/1371 1372/1372/1372 1373/1373/1373
f 1372/1372/1372 1374/1374/1374 1373/1373/1373
f 1373/1373/1373 1374/1374/1374 1375/1375/1375
f 1375/1375/1375 1374/1374/1374 1376/1376/1376
f 1374/1374/1374 1377/1377/1377 1376/1376/1376
f 1376/1376/1376 1377/1377/1377 1378/1378/1378
f 1377/1377/1377 1379/1379/1379 1378/1378/1378
f 1378/1378/1378 1379/1379/1379 1380/1380/1380
f 1380/1380/1380 1379/1379/1379 1381/1381/1381
f 1379/1379/1379 1382/1382/1382 1381/1381/1381
f 1381/1381/1381 1382/1382/1382 1383/1383/1383
f 1384/1384/1384 1385/1385/1385 1374/1374/1374
f 1374/1374/1374 1385/1385/1385 1377/1377/1377
f 1385/1385/1385 1382/1382/1382 1377/1377/1377
f 1377/1377/1377 1382/1382/1382 1379/1379/1379
f 1386/1386/1386 1387/1387/1387 1372/1372/1372
f 1372/1372/1372 1387/1387/1387 1388/1388/1388
f 1387/1387/1387 1384/1384/1384 1388/1388/1388
f 1389/1389/1389 1286/1286/1286 1390/1390/1390
f 1286/1286/1286 1284/1284/1284 1390/1390/1390
f 1390/1390/1390 1284/1284/1284 1391/1391/1391
f 1284/1284/1284 1282/1282/1282 1391/1391/1391
f 1392/1392/1392 1314/1314/1314 1393/1393/1393
f 1314/1314/1314 1394/1394/1394 1393/1393/1393
f 1394/1394/1394 1318/1318/1318 1393/1393/1393
f 1393/1393/1393 1318/1318/1318 1395/1395/1395
f 1392/1392/1392 1397/1397/1397 1396/1396/1396
f 1396/1396/1396 1397/1397/1397 1398/1398/1398
f 1398/1398/1398 1397/1397/1397 1399/1399/1399
f 1397/1397/1397 1395/1395/1395 1399/1399/1399
f 1399/1399/1399 1395/1395/1395 1400/1400/1400
f 1278/1278/1278 1402/1402/1402 1401/1401/1401
f 1401/1401/1401 1402/1402/1402 1282/1282/1282
f 1282/1282/1282 1402/1402/1402 1403/1403/1403
f 1403/1403/1403 1402/1402/1402 1404/1404/1404
f 1402/1402/1402 1405/1405/1405 1404/1404/1404
f 1404/1404/1404 1405/1405/1405 1277/1277/1277
f 1243/1243/1243 1245/1245/1245 1406/1406/1406
f 1406/1406/1406 1245/1245/1245 1081/1081/1081
f 1245/1245/1245 1247/1247/1247 1081/1081/1081
f 1081/1081/1081 1247/1247/1247 1082/1082/1082
f 1247/1247/1247 1407/1407/1407 1082/1082/1082
f 1082/1082/1082 1407/1407/1407 1084/1084/1084
f 1407/1407/1407 1408/1408/1408 1084/1084/1084
f 1084/1084/1084 1408/1408/1408 1086/1086/1086
f 1408/1408/1408 1409/1409/1409 1086/1086/1086
f 1409/1409/1409 1410/1410/1410 1086/1086/1086
f 1086/1086/1086 1410/1410/1410 1087/1087/1087
f 1410/1410/1410 1411/1411/1411 1087/1087/1087
f 1087/1087/1087 1411/1411/1411 1412/1412/1412
f 1412/1412/1412 1411/1411/1411 1413/1413/1413
f 1411/1411/1411 1196/1196/1196 1413/1413/1413
f 1196/1196/1196 1414/1414/1414 1413/1413/1413
f 1414/1414/1414 1415/1415/1415 1413/1413/1413
f 1413/1413/1413 1415/1415/1415 1416/1416/1416
f 1415/1415/1415 1417/1417/1417 1416/1416/1416
f 1416/1416/1416 1417/1417/1417 1418/1418/1418
f 1419/1419/1419 1421/1421/1421 1420/1420/1420
f 1420/1420/1420 1421/1421/1421 1422/1422/1422
f 1421/1421/1421 1423/1423/1423 1422/1422/1422
f 1424/1424/1424 1425/1425/1425 1426/1426/1426
f 1425/1425/1425 1427/1427/1427 1426/1426/1426
f 1427/1427/1427 1428/1428/1428 1426/1426/1426
f 1426/1426/1426 1428/1428/1428 1429/1429/1429
f 1429/1429/1429 1428/1428/1428 1430/1430/1430
f 1428/1428/1428 1431/1431/1431 1430/1430/1430
f 1079/1079/1079 1432/1432/1432 1433/1433/1433
f 1432/1432/1432 1243/1243/1243 1433/1433/1433
f 1243/1243/1243 1434/1434/1434 1433/1433/1433
f 1434/1434/1434 1435/1435/1435 1433/1433/1433
f 1433/1433/1433 1435/1435/1435 1436/1436/1436
f 1435/1435/1435 1080/1080/1080 1436/1436/1436
f 1076/1076/1076 1437/1437/1437 1438/1438/1438
f 1438/1438/1438 1437/1437/1437 1242/1242/1242
f 1437/1437/1437 1439/1439/1439 1242/1242/1242
f 1242/1242/1242 1439/1439/1439 1440/1440/1440
f 1439/1439/1439 1441/1441/1441 1440/1440/1440
f 1440/1440/1440 1441/1441/1441 1442/1442/1442
f 1441/1441/1441 1443/1443/1443 1442/1442/1442
f 1442/1442/1442 1443/1443/1443 1444/1444/1444
f 1443/1443/1443 1445/1445/1445 1444/1444/1444
f 1444/1444/1444 1445/1445/1445 1446/1446/1446
f 1446/1446/1446 1445/1445/1445 1447/1447/1447
f 1445/1445/1445 1448/1448/1448 1447/1447/1447
f 1447/1447/1447 1448/1448/1448 1449/1449/1449
f 1449/1449/1449 1448/1448/1448 1450/1450/1450
f 1450/1450/1450 1448/1448/1448 1451/1451/1451
f 1448/1448/1448 1452/1452/1452 1451/1451/1451
f 1451/1451/1451 1452/1452/1452 1453/1453/1453
f 1453/1453/1453 1452/1452/1452 1454/1454/1454
f 1454/1454/1454 1452/1452/1452 1455/1455/1455
f 1452/1452/1452 1456/1456/1456 1455/1455/1455
f 1455/1455/1455 1456/1456/1456 1457/1457/1457
f 1457/1457/1457 1456/1456/1456 1458/1458/1458
f 1456/1456/1456 1459/1459/1459 1458/1458/1458
f 1458/1458/1458 1459/1459/1459 1460/1460/1460
f 1459/1459/1459 1439/1439/1439 1460/1460/1460
f 1460/1460/1460 1439/1439/1439 1437/1437/1437
f 1242/1242/1242 1440/1440/1440 1461/1461/1461
f 1461/1461/1461 1440/1440/1440 1462/1462/1462
f 1440/1440/1440 1463/1463/1463 1462/1462/1462
f 1462/1462/1462 1463/1463/1463 1464/1464/1464
f 1463/1463/1463 1465/1465/1465 1464/1464/1464
f 1464/1464/1464 1465/1465/1465 1466/1466/1466
f 1465/1465/1465 1467/1467/1467 1466/1466/1466
f 1466/1466/1466 1467/1467/1467 1468/1468/1468
f 1467/1467/1467 1469/1469/1469 1468/1468/1468
f 1468/1468/1468 1469/1469/1469 1470/1470/1470
f 1469/1469/1469 1471/1471/1471 1470/1470/1470
f 1470/1470/1470 1471/1471/1471 1472/1472/1472
f 1471/1471/1471 1473/1473/1473 1472/1472/1472
f 1472/1472/1472 1473/1473/1473 1474/1474/1474
f 1473/1473/1473 1475/1475/1475 1474/1474/1474
f 1474/1474/1474 1475/1475/1475 1476/1476/1476
f 1475/1475/1475 1477/1477/1477 1476/1476/1476
f 1476/1476/1476 1477/1477/1477 1478/1478/1478
f 1478/1478/1478 1477/1477/1477 1479/1479/1479
f 1477/1477/1477 1480/1480/1480 1479/1479/1479
f 1479/1479/1479 1480/1480/1480 1442/1442/1442
f 1480/1480/1480 1463/1463/1463 1442/1442/1442
f 1442/1442/1442 1463/1463/1463 1440/1440/1440
f 1481/1481/1481 1472/1472/1472 1482/1482/1482
f 1482/1482/1482 1472/1472/1472 1483/1483/1483
f 1472/1472/1472 1474/1474/1474 1483/1483/1483
f 1473/1473/1473 1471/1471/1471 1475/1475/1475
f 1471/1471/1471 1469/1469/1469 1475/1475/1475
f 1469/1469/1469 1484/1484/1484 1475/1475/1475
f 1475/1475/1475 1484/1484/1484 1477/1477/1477
f 1484/1484/1484 1465/1465/1465 1477/1477/1477
f 1477/1477/1477 1465/1465/1465 1480/1480/1480
f 1465/1465/1465 1463/1463/1463 1480/1480/1480
f 1465/1465/1465 1484/1484/1484 1467/1467/1467
f 1484/1484/1484 1469/1469/1469 1467/1467/1467
f 1452/1452/1452 1448/1448/1448 1456/1456/1456
f 1448/1448/1448 1445/1445/1445 1456/1456/1456
f 1445/1445/1445 1443/1443/1443 1456/1456/1456
f 1456/1456/1456 1443/1443/1443 1459/1459/1459
f 1443/1443/1443 1441/1441/1441 1459/1459/1459
f 1459/1459/1459 1441/1441/1441 1439/1439/1439
f 1462/1462/1462 1464/1464/1464 1485/1485/1485
f 1485/1485/1485 1464/1464/1464 1486/1486/1486
f 1464/1464/1464 1466/1466/1466 1486/1486/1486
f 1486/1486/1486 1466/1466/1466 1487/1487/1487
f 1466/1466/1466 1488/1488/1488 1487/1487/1487
f 1487/1487/1487 1488/1488/1488 1489/1489/1489
f 1489/1489/1489 1488/1488/1488 1490/1490/1490
f 1488/1488/1488 1491/1491/1491 1490/1490/1490
f 1490/1490/1490 1491/1491/1491 1492/1492/1492
f 1491/1491/1491 1468/1468/1468 1492/1492/1492
f 1468/1468/1468 1470/1470/1470 1492/1492/1492
f 1492/1492/1492 1470/1470/1470 1493/1493/1493
f 1470/1470/1470 1472/1472/1472 1493/1493/1493
f 1472/1472/1472 1494/1494/1494 1493/1493/1493
f 1493/1493/1493 1494/1494/1494 1495/1495/1495
f 1495/1495/1495 1494/1494/1494 1496/1496/1496
f 1494/1494/1494 1497/1497/1497 1496/1496/1496
f 1468/1468/1468 1491/1491/1491 1466/1466/1466
f 1491/1491/1491 1488/1488/1488 1466/1466/1466
f 1486/1486/1486 1498/1498/1498 1485/1485/1485
f 1498/1498/1498 1499/1499/1499 1485/1485/1485
f 1485/1485/1485 1499/1499/1499 1246/1246/1246
f 1499/1499/1499 1500/1500/1500 1246/1246/1246
f 1246/1246/1246 1500/1500/1500 1248/1248/1248
f 1248/1248/1248 1500/1500/1500 1250/1250/1250
f 1500/1500/1500 1501/1501/1501 1250/1250/1250
f 1250/1250/1250 1501/1501/1501 1252/1252/1252
f 1252/1252/1252 1501/1501/1501 1254/1254/1254
f 1254/1254/1254 1501/1501/1501 1502/1502/1502
f 1501/1501/1501 1499/1499/1499 1502/1502/1502
f 1502/1502/1502 1499/1499/1499 1498/1498/1498
f 1485/1485/1485 1246/1246/1246 1503/1503/1503
f 1503/1503/1503 1246/1246/1246 1244/1244/1244
f 1197/1197/1197 1504/1504/1504 1199/1199/1199
f 1199/1199/1199 1504/1504/1504 1201/1201/1201
f 1504/1504/1504 1505/1505/1505 1201/1201/1201
f 1505/1505/1505 1407/1407/1407 1201/1201/1201
f 1201/1201/1201 1407/1407/1407 1203/1203/1203
f 1407/1407/1407 1506/1506/1506 1203/1203/1203
f 1203/1203/1203 1506/1506/1506 1206/1206/1206
f 1206/1206/1206 1506/1506/1506 1208/1208/1208
f 1506/1506/1506 1249/1249/1249 1208/1208/1208
f 1208/1208/1208 1249/1249/1249 1210/1210/1210
f 1249/1249/1249 1251/1251/1251 1210/1210/1210
f 1251/1251/1251 1253/1253/1253 1210/1210/1210
f 1210/1210/1210 1253/1253/1253 1212/1212/1212
f 1212/1212/1212 1253/1253/1253 1214/1214/1214
f 1253/1253/1253 1255/1255/1255 1214/1214/1214
f 1214/1214/1214 1255/1255/1255 1216/1216/1216
f 1255/1255/1255 1507/1507/1507 1216/1216/1216
f 1507/1507/1507 1232/1232/1232 1216/1216/1216
f 1216/1216/1216 1232/1232/1232 1218/1218/1218
f 1407/1407/1407 1247/1247/1247 1506/1506/1506
f 1506/1506/1506 1247/1247/1247 1249/1249/1249
f 1508/1508/1508 1510/1510/1510 1509/1509/1509
f 1509/1509/1509 1510/1510/1510 1511/1511/1511
f 1511/1511/1511 1510/1510/1510 1512/1512/1512
f 1510/1510/1510 1513/1513/1513 1512/1512/1512
f 1513/1513/1513 1514/1514/1514 1512/1512/1512
f 1512/1512/1512 1514/1514/1514 1515/1515/1515
f 1516/1516/1516 1518/1518/1518 1517/1517/1517
f 1517/1517/1517 1518/1518/1518 1519/1519/1519
f 1518/1518/1518 1520/1520/1520 1519/1519/1519
f 1519/1519/1519 1520/1520/1520 1521/1521/1521
f 1521/1521/1521 1520/1520/1520 1497/1497/1497
f 1520/1520/1520 1522/1522/1522 1497/1497/1497
f 1497/1497/1497 1522/1522/1522 1496/1496/1496
f 1522/1522/1522 1523/1523/1523 1496/1496/1496
f 1496/1496/1496 1523/1523/1523 1495/1495/1495
f 1495/1495/1495 1523/1523/1523 1524/1524/1524
f 1523/1523/1523 1525/1525/1525 1524/1524/1524
f 1524/1524/1524 1525/1525/1525 1526/1526/1526
f 1525/1525/1525 1527/1527/1527 1526/1526/1526
f 1527/1527/1527 1528/1528/1528 1526/1526/1526
f 1526/1526/1526 1528/1528/1528 1529/1529/1529
f 1530/1530/1530 1532/1532/1532 1531/1531/1531
f 1531/1531/1531 1532/1532/1532 1533/1533/1533
f 1533/1533/1533 1532/1532/1532 1534/1534/1534
f 1532/1532/1532 1527/1527/1527 1534/1534/1534
f 1527/1527/1527 1525/1525/1525 1534/1534/1534
f 1525/1525/1525 1523/1523/1523 1534/1534/1534
f 1523/1523/1523 1522/1522/1522 1534/1534/1534
f 1534/1534/1534 1522/1522/1522 1533/1533/1533
f 1522/1522/1522 1535/1535/1535 1533/1533/1533
f 1533/1533/1533 1535/1535/1535 1531/1531/1531
f 1535/1535/1535 1536/1536/1536 1531/1531/1531
f 1536/1536/1536 1537/1537/1537 1531/1531/1531
f 1531/1531/1531 1537/1537/1537 1530/1530/1530
f 1537/1537/1537 1538/1538/1538 1530/1530/1530
f 1530/1530/1530 1538/1538/1538 1539/1539/1539
f 1539/1539/1539 1538/1538/1538 1540/1540/1540
f 1538/1538/1538 1537/1537/1537 1541/1541/1541
f 1541/1541/1541 1537/1537/1537 1536/1536/1536
f 1542/1542/1542 1481/1481/1481 1543/1543/1543
f 1543/1543/1543 1481/1481/1481 1544/1544/1544
f 1544/1544/1544 1481/1481/1481 1521/1521/1521
f 1481/1481/1481 1545/1545/1545 1521/1521/1521
f 1545/1545/1545 1546/1546/1546 1521/1521/1521
f 1521/1521/1521 1546/1546/1546 1519/1519/1519
f 1519/1519/1519 1546/1546/1546 1517/1517/1517
f 1517/1517/1517 1546/1546/1546 1547/1547/1547
f 1547/1547/1547 1546/1546/1546 1483/1483/1483
f 1546/1546/1546 1482/1482/1482 1483/1483/1483
f 1310/1310/1310 1548/1548/1548 1549/1549/1549
f 1548/1548/1548 1550/1550/1550 1549/1549/1549
f 1550/1550/1550 1304/1304/1304 1549/1549/1549
f 1304/1304/1304 1298/1298/1298 1549/1549/1549
f 1549/1549/1549 1298/1298/1298 1310/1310/1310
f 1230/1230/1230 1552/1552/1552 1551/1551/1551
f 1553/1553/1553 1554/1554/1554 1555/1555/1555
f 1231/1231/1231 1556/1556/1556 1230/1230/1230
f 1230/1230/1230 1556/1556/1556 1552/1552/1552
f 1556/1556/1556 1240/1240/1240 1552/1552/1552
f 1552/1552/1552 1240/1240/1240 1551/1551/1551
f 1240/1240/1240 1557/1557/1557 1551/1551/1551
f 1551/1551/1551 1557/1557/1557 1558/1558/1558
f 1558/1558/1558 1557/1557/1557 1228/1228/1228
f 1557/1557/1557 1238/1238/1238 1228/1228/1228
f 1559/1559/1559 1560/1560/1560 1561/1561/1561
f 1560/1560/1560 1562/1562/1562 1561/1561/1561
f 1561/1561/1561 1562/1562/1562 1563/1563/1563
f 1444/1444/1444 1479/1479/1479 1442/1442/1442
f 1499/1499/1499 1501/1501/1501 1500/1500/1500
f 1564/1564/1564 1566/1566/1566 1565/1565/1565
f 1567/1567/1567 1568/1568/1568 1569/1569/1569
f 1568/1568/1568 1570/1570/1570 1569/1569/1569
f 1570/1570/1570 1571/1571/1571 1569/1569/1569
f 1569/1569/1569 1571/1571/1571 1572/1572/1572
f 1571/1571/1571 1573/1573/1573 1572/1572/1572
f 1572/1572/1572 1573/1573/1573 1574/1574/1574
f 1575/1575/1575 1577/1577/1577 1576/1576/1576
f 1578/1578/1578 1579/1579/1579 1204/1204/1204
f 1579/1579/1579 1185/1185/1185 1204/1204/1204
f 1204/1204/1204 1185/1185/1185 1202/1202/1202
f 1185/1185/1185 1186/1186/1186 1202/1202/1202
f 1202/1202/1202 1186/1186/1186 1200/1200/1200
f 1186/1186/1186 1188/1188/1188 1200/1200/1200
f 1200/1200/1200 1188/1188/1188 1198/1198/1198
f 1198/1198/1198 1188/1188/1188 1580/1580/1580
f 1188/1188/1188 1581/1581/1581 1580/1580/1580
f 1580/1580/1580 1581/1581/1581 1582/1582/1582
f 1583/1583/1583 1162/1162/1162 1160/1160/1160
f 1178/1178/1178 1180/1180/1180 1584/1584/1584
f 1585/1585/1585 1586/1586/1586 1587/1587/1587
f 1586/1586/1586 1588/1588/1588 1587/1587/1587
f 1589/1589/1589 1590/1590/1590 1591/1591/1591
f 1590/1590/1590 1592/1592/1592 1591/1591/1591
f 1591/1591/1591 1592/1592/1592 1593/1593/1593
f 1594/1594/1594 1596/1596/1596 1595/1595/1595
f 1595/1595/1595 1596/1596/1596 1597/1597/1597
f 1596/1596/1596 1598/1598/1598 1597/1597/1597
f 1597/1597/1597 1598/1598/1598 1599/1599/1599
f 1598/1598/1598 1600/1600/1600 1599/1599/1599
f 1601/1601/1601 1602/1602/1602 1603/1603/1603
f 1602/1602/1602 1604/1604/1604 1603/1603/1603
f 1605/1605/1605 1606/1606/1606 1607/1607/1607
f 1606/1606/1606 1608/1608/1608 1607/1607/1607
f 1607/1607/1607 1608/1608/1608 1609/1609/1609
f 1608/1608/1608 1610/1610/1610 1609/1609/1609
f 1609/1609/1609 1610/1610/1610 1611/1611/1611
f 1612/1612/1612 1614/1614/1614 1613/1613/1613
f 1613/1613/1613 1614/1614/1614 1615/1615/1615
f 1614/1614/1614 1616/1616/1616 1615/1615/1615
f 1615/1615/1615 1616/1616/1616 1617/1617/1617
f 1616/1616/1616 1618/1618/1618 1617/1617/1617
f 1617/1617/1617 1618/1618/1618 1619/1619/1619
f 1620/1620/1620 1622/1622/1622 1621/1621/1621
f 1621/1621/1621 1622/1622/1622 1623/1623/1623
f 1624/1624/1624 1626/1626/1626 1625/1625/1625
f 1625/1625/1625 1626/1626/1626 1627/1627/1627
f 1628/1628/1628 1630/1630/1630 1629/1629/1629
f 1629/1629/1629 1630/1630/1630 1631/1631/1631
f 1630/1630/1630 1632/1632/1632 1631/1631/1631
f 1631/1631/1631 1633/1633/1633 1629/1629/1629
f 1633/1633/1633 1634/1634/1634 1629/1629/1629
f 1629/1629/1629 1634/1634/1634 1635/1635/1635
f 1636/1636/1636 1638/1638/1638 1637/1637/1637
f 1637/1637/1637 1638/1638/1638 1639/1639/1639
f 1638/1638/1638 1640/1640/1640 1639/1639/1639
f 1639/1639/1639 1640/1640/1640 1641/1641/1641
f 1640/1640/1640 1642/1642/1642 1641/1641/1641
f 1641/1641/1641 1642/1642/1642 1643/1643/1643
f 1643/1643/1643 1642/1642/1642 1644/1644/1644
f 1642/1642/1642 1645/1645/1645 1644/1644/1644
f 1644/1644/1644 1645/1645/1645 1646/1646/1646
f 1645/1645/1645 1647/1647/1647 1646/1646/1646
f 1646/1646/1646 1647/1647/1647 1648/1648/1648
f 1647/1647/1647 1649/1649/1649 1648/1648/1648
f 1648/1648/1648 1649/1649/1649 1650/1650/1650
f 1649/1649/1649 1651/1651/1651 1650/1650/1650
f 1638/1638/1638 1652/1652/1652 1640/1640/1640
f 1652/1652/1652 1653/1653/1653 1640/1640/1640
f 1640/1640/1640 1653/1653/1653 1654/1654/1654
f 1653/1653/1653 1655/1655/1655 1654/1654/1654
f 1654/1654/1654 1655/1655/1655 1656/1656/1656
f 1655/1655/1655 1657/1657/1657 1656/1656/1656
f 1656/1656/1656 1657/1657/1657 1658/1658/1658
f 1657/1657/1657 1659/1659/1659 1658/1658/1658
f 1658/1658/1658 1659/1659/1659 1649/1649/1649
f 1590/1590/1590 1660/1660/1660 1592/1592/1592
f 1592/1592/1592 1660/1660/1660 1661/1661/1661
f 1660/1660/1660 1662/1662/1662 1661/1661/1661
f 1661/1661/1661 1662/1662/1662 1663/1663/1663
f 1662/1662/1662 1664/1664/1664 1663/1663/1663
f 1663/1663/1663 1664/1664/1664 1665/1665/1665
f 1664/1664/1664 1666/1666/1666 1665/1665/1665
f 1665/1665/1665 1666/1666/1666 1667/1667/1667
f 1667/1667/1667 1666/1666/1666 1668/1668/1668
f 1666/1666/1666 1669/1669/1669 1668/1668/1668
f 1668/1668/1668 1669/1669/1669 1670/1670/1670
f 1669/1669/1669 1671/1671/1671 1670/1670/1670
f 1671/1671/1671 1672/1672/1672 1670/1670/1670
f 1670/1670/1670 1672/1672/1672 1673/1673/1673
f 1672/1672/1672 1674/1674/1674 1673/1673/1673
f 1673/1673/1673 1674/1674/1674 1675/1675/1675
f 1674/1674/1674 1676/1676/1676 1675/1675/1675
f 1675/1675/1675 1676/1676/1676 1677/1677/1677
f 1676/1676/1676 1678/1678/1678 1677/1677/1677
f 1677/1677/1677 1678/1678/1678 1679/1679/1679
f 1680/1680/1680 1682/1682/1682 1681/1681/1681
f 1681/1681/1681 1682/1682/1682 1683/1683/1683
f 1683/1683/1683 1682/1682/1682 1684/1684/1684
f 1682/1682/1682 1685/1685/1685 1684/1684/1684
f 1684/1684/1684 1685/1685/1685 1686/1686/1686
f 1685/1685/1685 1687/1687/1687 1686/1686/1686
f 1686/1686/1686 1687/1687/1687 1688/1688/1688
f 1687/1687/1687 1689/1689/1689 1688/1688/1688
f 1688/1688/1688 1689/1689/1689 1690/1690/1690
f 1689/1689/1689 1691/1691/1691 1690/1690/1690
f 1690/1690/1690 1691/1691/1691 1692/1692/1692
f 1691/1691/1691 1693/1693/1693 1692/1692/1692
f 1692/1692/1692 1693/1693/1693 1694/1694/1694
f 1693/1693/1693 1695/1695/1695 1694/1694/1694
f 1694/1694/1694 1695/1695/1695 1696/1696/1696
f 1695/1695/1695 1697/1697/1697 1696/1696/1696
f 1696/1696/1696 1697/1697/1697 1698/1698/1698
f 1697/1697/1697 1699/1699/1699 1698/1698/1698
f 1698/1698/1698 1699/1699/1699 1700/1700/1700
f 1700/1700/1700 1699/1699/1699 1701/1701/1701
f 1701/1701/1701 1699/1699/1699 1702/1702/1702
f 1702/1702/1702 1699/1699/1699 1703/1703/1703
f 1699/1699/1699 1697/1697/1697 1703/1703/1703
f 1703/1703/1703 1697/1697/1697 1704/1704/1704
f 1697/1697/1697 1695/1695/1695 1704/1704/1704
f 1704/1704/1704 1695/1695/1695 1705/1705/1705
f 1695/1695/1695 1706/1706/1706 1705/1705/1705
f 1705/1705/1705 1706/1706/1706 1707/1707/1707
f 1706/1706/1706 1708/1708/1708 1707/1707/1707
f 1707/1707/1707 1708/1708/1708 1709/1709/1709
f 1708/1708/1708 1710/1710/1710 1709/1709/1709
f 1709/1709/1709 1710/1710/1710 1711/1711/1711
f 1710/1710/1710 1687/1687/1687 1711/1711/1711
f 1711/1711/1711 1687/1687/1687 1712/1712/1712
f 1687/1687/1687 1713/1713/1713 1712/1712/1712
f 1712/1712/1712 1713/1713/1713 1714/1714/1714
f 1713/1713/1713 1681/1681/1681 1714/1714/1714
f 1714/1714/1714 1681/1681/1681 1715/1715/1715
f 1713/1713/1713 1687/1687/1687 1716/1716/1716
f 1716/1716/1716 1687/1687/1687 1685/1685/1685
f 1711/1711/1711 1712/1712/1712 1717/1717/1717
f 1717/1717/1717 1712/1712/1712 1718/1718/1718
f 1712/1712/1712 1714/1714/1714 1718/1718/1718
f 1684/1684/1684 1686/1686/1686 1719/1719/1719
f 1686/1686/1686 1720/1720/1720 1719/1719/1719
f 1719/1719/1719 1720/1720/1720 1721/1721/1721
f 1720/1720/1720 1722/1722/1722 1721/1721/1721
f 1721/1721/1721 1722/1722/1722 1723/1723/1723
f 1722/1722/1722 1724/1724/1724 1723/1723/1723
f 1723/1723/1723 1724/1724/1724 1725/1725/1725
f 1724/1724/1724 1696/1696/1696 1725/1725/1725
f 1725/1725/1725 1696/1696/1696 1726/1726/1726
f 1696/1696/1696 1698/1698/1698 1726/1726/1726
f 1726/1726/1726 1698/1698/1698 1700/1700/1700
f 1696/1696/1696 1724/1724/1724 1694/1694/1694
f 1694/1694/1694 1724/1724/1724 1692/1692/1692
f 1692/1692/1692 1724/1724/1724 1690/1690/1690
f 1724/1724/1724 1722/1722/1722 1690/1690/1690
f 1722/1722/1722 1720/1720/1720 1690/1690/1690
f 1690/1690/1690 1720/1720/1720 1688/1688/1688
f 1720/1720/1720 1686/1686/1686 1688/1688/1688
f 1687/1687/1687 1710/1710/1710 1689/1689/1689
f 1710/1710/1710 1708/1708/1708 1689/1689/1689
f 1689/1689/1689 1708/1708/1708 1691/1691/1691
f 1708/1708/1708 1706/1706/1706 1691/1691/1691
f 1691/1691/1691 1706/1706/1706 1693/1693/1693
f 1706/1706/1706 1695/1695/1695 1693/1693/1693
f 1727/1727/1727 1728/1728/1728 1729/1729/1729
f 1728/1728/1728 1730/1730/1730 1729/1729/1729
f 1729/1729/1729 1730/1730/1730 1731/1731/1731
f 1730/1730/1730 1732/1732/1732 1731/1731/1731
f 1731/1731/1731 1732/1732/1732 1733/1733/1733
f 1732/1732/1732 1734/1734/1734 1733/1733/1733
f 1734/1734/1734 1628/1628/1628 1735/1735/1735
f 1628/1628/1628 1736/1736/1736 1735/1735/1735
f 1735/1735/1735 1736/1736/1736 1737/1737/1737
f 1736/1736/1736 1738/1738/1738 1737/1737/1737
f 1737/1737/1737 1738/1738/1738 1739/1739/1739
f 1738/1738/1738 1740/1740/1740 1739/1739/1739
f 1739/1739/1739 1740/1740/1740 1741/1741/1741
f 1741/1741/1741 1740/1740/1740 1742/1742/1742
f 1740/1740/1740 1743/1743/1743 1742/1742/1742
f 1742/1742/1742 1743/1743/1743 1744/1744/1744
f 1744/1744/1744 1743/1743/1743 1745/1745/1745
f 1743/1743/1743 1746/1746/1746 1745/1745/1745
f 1745/1745/1745 1746/1746/1746 1747/1747/1747
f 1747/1747/1747 1746/1746/1746 1748/1748/1748
f 1746/1746/1746 1749/1749/1749 1748/1748/1748
f 1748/1748/1748 1749/1749/1749 1750/1750/1750
f 1749/1749/1749 1751/1751/1751 1750/1750/1750
f 1750/1750/1750 1752/1752/1752 1748/1748/1748
f 1752/1752/1752 1753/1753/1753 1748/1748/1748
f 1748/1748/1748 1753/1753/1753 1754/1754/1754
f 1753/1753/1753 1755/1755/1755 1754/1754/1754
f 1754/1754/1754 1755/1755/1755 1756/1756/1756
f 1755/1755/1755 1757/1757/1757 1756/1756/1756
f 1757/1757/1757 1758/1758/1758 1756/1756/1756
f 1758/1758/1758 1759/1759/1759 1756/1756/1756
f 1759/1759/1759 1760/1760/1760 1756/1756/1756
f 1756/1756/1756 1760/1760/1760 1754/1754/1754
f 1760/1760/1760 1761/1761/1761 1754/1754/1754
f 1754/1754/1754 1761/1761/1761 1747/1747/1747
f 1761/1761/1761 1762/1762/1762 1747/1747/1747
f 1752/1752/1752 1763/1763/1763 1753/1753/1753
f 1763/1763/1763 1755/1755/1755 1753/1753/1753
f 1764/1764/1764 1765/1765/1765 1766/1766/1766
f 1765/1765/1765 1767/1767/1767 1766/1766/1766
f 1768/1768/1768 1769/1769/1769 1759/1759/1759
f 1769/1769/1769 1770/1770/1770 1759/1759/1759
f 1770/1770/1770 1727/1727/1727 1759/1759/1759
f 1759/1759/1759 1727/1727/1727 1742/1742/1742
f 1741/1741/1741 1772/1772/1772 1771/1771/1771
f 1771/1771/1771 1772/1772/1772 1773/1773/1773
f 1772/1772/1772 1774/1774/1774 1773/1773/1773
f 1773/1773/1773 1774/1774/1774 1775/1775/1775
f 1775/1775/1775 1774/1774/1774 1734/1734/1734
f 1734/1734/1734 1774/1774/1774 1776/1776/1776
f 1774/1774/1774 1777/1777/1777 1776/1776/1776
f 1776/1776/1776 1777/1777/1777 1778/1778/1778
f 1778/1778/1778 1777/1777/1777 1769/1769/1769
f 1769/1769/1769 1777/1777/1777 1770/1770/1770
f 1777/1777/1777 1774/1774/1774 1770/1770/1770
f 1671/1671/1671 1669/1669/1669 1779/1779/1779
f 1669/1669/1669 1666/1666/1666 1779/1779/1779
f 1779/1779/1779 1666/1666/1666 1780/1780/1780
f 1780/1780/1780 1666/1666/1666 1781/1781/1781
f 1666/1666/1666 1664/1664/1664 1781/1781/1781
f 1781/1781/1781 1664/1664/1664 1662/1662/1662
f 1766/1766/1766 1783/1783/1783 1782/1782/1782
f 1782/1782/1782 1783/1783/1783 1784/1784/1784
f 1783/1783/1783 1785/1785/1785 1784/1784/1784
f 1784/1784/1784 1785/1785/1785 1786/1786/1786
f 1785/1785/1785 1787/1787/1787 1786/1786/1786
f 1786/1786/1786 1787/1787/1787 1788/1788/1788
f 1789/1789/1789 1791/1791/1791 1790/1790/1790
f 1790/1790/1790 1791/1791/1791 1792/1792/1792
f 1791/1791/1791 1793/1793/1793 1792/1792/1792
f 1792/1792/1792 1793/1793/1793 1794/1794/1794
f 1795/1795/1795 1797/1797/1797 1796/1796/1796
f 1796/1796/1796 1797/1797/1797 1789/1789/1789
f 1789/1789/1789 1797/1797/1797 1798/1798/1798
f 1797/1797/1797 1793/1793/1793 1798/1798/1798
f 1799/1799/1799 1800/1800/1800 1794/1794/1794
f 1800/1800/1800 1801/1801/1801 1794/1794/1794
f 1801/1801/1801 1802/1802/1802 1794/1794/1794
f 1794/1794/1794 1802/1802/1802 1792/1792/1792
f 1802/1802/1802 1803/1803/1803 1792/1792/1792
f 1792/1792/1792 1803/1803/1803 1790/1790/1790
f 1803/1803/1803 1804/1804/1804 1790/1790/1790
f 1790/1790/1790 1804/1804/1804 1789/1789/1789
f 1804/1804/1804 1805/1805/1805 1789/1789/1789
f 1789/1789/1789 1805/1805/1805 1796/1796/1796
f 1805/1805/1805 1806/1806/1806 1796/1796/1796
f 1796/1796/1796 1806/1806/1806 1807/1807/1807
f 1807/1807/1807 1806/1806/1806 1808/1808/1808
f 1806/1806/1806 1809/1809/1809 1808/1808/1808
f 1808/1808/1808 1809/1809/1809 1810/1810/1810
f 1809/1809/1809 1804/1804/1804 1810/1810/1810
f 1810/1810/1810 1804/1804/1804 1811/1811/1811
f 1804/1804/1804 1803/1803/1803 1811/1811/1811
f 1812/1812/1812 1813/1813/1813 1814/1814/1814
f 1813/1813/1813 1793/1793/1793 1814/1814/1814
f 1814/1814/1814 1793/1793/1793 1815/1815/1815
f 1807/1807/1807 1816/1816/1816 1796/1796/1796
f 1796/1796/1796 1816/1816/1816 1817/1817/1817
f 1817/1817/1817 1816/1816/1816 1818/1818/1818
f 1816/1816/1816 1819/1819/1819 1818/1818/1818
f 1818/1818/1818 1819/1819/1819 1820/1820/1820
f 1821/1821/1821 1823/1823/1823 1822/1822/1822
f 1822/1822/1822 1823/1823/1823 1824/1824/1824
f 1824/1824/1824 1823/1823/1823 1612/1612/1612
f 1823/1823/1823 1825/1825/1825 1612/1612/1612
f 1826/1826/1826 1827/1827/1827 1828/1828/1828
f 1827/1827/1827 1829/1829/1829 1828/1828/1828
f 1828/1828/1828 1829/1829/1829 1619/1619/1619
f 1619/1619/1619 1829/1829/1829 1830/1830/1830
f 1829/1829/1829 1831/1831/1831 1830/1830/1830
f 1832/1832/1832 1833/1833/1833 1834/1834/1834
f 1833/1833/1833 1835/1835/1835 1834/1834/1834
f 1746/1746/1746 1743/1743/1743 1836/1836/1836
f 1743/1743/1743 1837/1837/1837 1836/1836/1836
f 1736/1736/1736 1628/1628/1628 1738/1738/1738
f 1628/1628/1628 1838/1838/1838 1738/1738/1738
f 1738/1738/1738 1838/1838/1838 1740/1740/1740
f 1839/1839/1839 1841/1841/1841 1840/1840/1840
f 1840/1840/1840 1841/1841/1841 1842/1842/1842
f 1841/1841/1841 1832/1832/1832 1842/1842/1842
f 1842/1842/1842 1832/1832/1832 1843/1843/1843
f 1843/1843/1843 1832/1832/1832 1844/1844/1844
f 1832/1832/1832 1834/1834/1834 1844/1844/1844
f 1844/1844/1844 1834/1834/1834 1845/1845/1845
f 1845/1845/1845 1834/1834/1834 1825/1825/1825
f 1834/1834/1834 1812/1812/1812 1825/1825/1825
f 1825/1825/1825 1812/1812/1812 1846/1846/1846
f 1846/1846/1846 1812/1812/1812 1847/1847/1847
f 1812/1812/1812 1814/1814/1814 1847/1847/1847
f 1847/1847/1847 1814/1814/1814 1848/1848/1848
f 1814/1814/1814 1815/1815/1815 1848/1848/1848
f 1848/1848/1848 1815/1815/1815 1849/1849/1849
f 1815/1815/1815 1793/1793/1793 1849/1849/1849
f 1849/1849/1849 1793/1793/1793 1619/1619/1619
f 1793/1793/1793 1797/1797/1797 1619/1619/1619
f 1619/1619/1619 1797/1797/1797 1828/1828/1828
f 1797/1797/1797 1795/1795/1795 1828/1828/1828
f 1828/1828/1828 1795/1795/1795 1826/1826/1826
f 1795/1795/1795 1818/1818/1818 1826/1826/1826
f 1846/1846/1846 1850/1850/1850 1851/1851/1851
f 1850/1850/1850 1852/1852/1852 1851/1851/1851
f 1851/1851/1851 1852/1852/1852 1853/1853/1853
f 1852/1852/1852 1854/1854/1854 1853/1853/1853
f 1854/1854/1854 1619/1619/1619 1853/1853/1853
f 1619/1619/1619 1855/1855/1855 1853/1853/1853
f 1853/1853/1853 1855/1855/1855 1856/1856/1856
f 1855/1855/1855 1857/1857/1857 1856/1856/1856
f 1857/1857/1857 1822/1822/1822 1856/1856/1856
f 1822/1822/1822 1824/1824/1824 1856/1856/1856
f 1856/1856/1856 1824/1824/1824 1853/1853/1853
f 1840/1840/1840 1842/1842/1842 1858/1858/1858
f 1858/1858/1858 1842/1842/1842 1859/1859/1859
f 1842/1842/1842 1860/1860/1860 1859/1859/1859
f 1859/1859/1859 1860/1860/1860 1861/1861/1861
f 1860/1860/1860 1862/1862/1862 1861/1861/1861
f 1861/1861/1861 1862/1862/1862 1863/1863/1863
f 1863/1863/1863 1862/1862/1862 1864/1864/1864
f 1864/1864/1864 1862/1862/1862 1823/1823/1823
f 1823/1823/1823 1862/1862/1862 1865/1865/1865
f 1862/1862/1862 1860/1860/1860 1865/1865/1865
f 1865/1865/1865 1860/1860/1860 1866/1866/1866
f 1860/1860/1860 1843/1843/1843 1866/1866/1866
f 1866/1866/1866 1843/1843/1843 1867/1867/1867
f 1858/1858/1858 1859/1859/1859 1868/1868/1868
f 1868/1868/1868 1859/1859/1859 1861/1861/1861
f 1843/1843/1843 1860/1860/1860 1842/1842/1842
f 1806/1806/1806 1805/1805/1805 1809/1809/1809
f 1805/1805/1805 1804/1804/1804 1809/1809/1809
f 1869/1869/1869 1870/1870/1870 1871/1871/1871
f 1870/1870/1870 1872/1872/1872 1871/1871/1871
f 1872/1872/1872 1873/1873/1873 1871/1871/1871
f 1871/1871/1871 1873/1873/1873 1767/1767/1767
f 1873/1873/1873 1874/1874/1874 1767/1767/1767
f 1767/1767/1767 1874/1874/1874 1766/1766/1766
f 1874/1874/1874 1875/1875/1875 1766/1766/1766
f 1766/1766/1766 1875/1875/1875 1783/1783/1783
f 1875/1875/1875 1876/1876/1876 1783/1783/1783
f 1783/1783/1783 1876/1876/1876 1785/1785/1785
f 1876/1876/1876 1877/1877/1877 1785/1785/1785
f 1785/1785/1785 1877/1877/1877 1787/1787/1787
f 1877/1877/1877 1878/1878/1878 1787/1787/1787
f 1787/1787/1787 1878/1878/1878 1788/1788/1788
f 1878/1878/1878 1879/1879/1879 1788/1788/1788
f 1788/1788/1788 1879/1879/1879 1880/1880/1880
f 1879/1879/1879 1881/1881/1881 1880/1880/1880
f 1880/1880/1880 1881/1881/1881 1882/1882/1882
f 1881/1881/1881 1883/1883/1883 1882/1882/1882
f 1883/1883/1883 1884/1884/1884 1882/1882/1882
f 1884/1884/1884 1885/1885/1885 1882/1882/1882
f 1885/1885/1885 1886/1886/1886 1882/1882/1882
f 1882/1882/1882 1886/1886/1886 1880/1880/1880
f 1886/1886/1886 1887/1887/1887 1880/1880/1880
f 1880/1880/1880 1887/1887/1887 1788/1788/1788
f 1887/1887/1887 1665/1665/1665 1788/1788/1788
f 1788/1788/1788 1665/1665/1665 1786/1786/1786
f 1665/1665/1665 1667/1667/1667 1786/1786/1786
f 1786/1786/1786 1667/1667/1667 1784/1784/1784
f 1667/1667/1667 1888/1888/1888 1784/1784/1784
f 1784/1784/1784 1888/1888/1888 1782/1782/1782
f 1888/1888/1888 1889/1889/1889 1782/1782/1782
f 1782/1782/1782 1889/1889/1889 1766/1766/1766
f 1889/1889/1889 1890/1890/1890 1766/1766/1766
f 1766/1766/1766 1890/1890/1890 1764/1764/1764
f 1890/1890/1890 1891/1891/1891 1764/1764/1764
f 1764/1764/1764 1891/1891/1891 1870/1870/1870
f 1891/1891/1891 1892/1892/1892 1870/1870/1870
f 1893/1893/1893 1894/1894/1894 1895/1895/1895
f 1894/1894/1894 1896/1896/1896 1895/1895/1895
f 1895/1895/1895 1896/1896/1896 1897/1897/1897
f 1897/1897/1897 1896/1896/1896 1898/1898/1898
f 1896/1896/1896 1899/1899/1899 1898/1898/1898
f 1898/1898/1898 1899/1899/1899 1900/1900/1900
f 1899/1899/1899 1901/1901/1901 1900/1900/1900
f 1900/1900/1900 1901/1901/1901 1902/1902/1902
f 1902/1902/1902 1901/1901/1901 1903/1903/1903
f 1903/1903/1903 1901/1901/1901 1904/1904/1904
f 1901/1901/1901 1905/1905/1905 1904/1904/1904
f 1904/1904/1904 1905/1905/1905 1906/1906/1906
f 1905/1905/1905 1907/1907/1907 1906/1906/1906
f 1907/1907/1907 1908/1908/1908 1906/1906/1906
f 1906/1906/1906 1908/1908/1908 1909/1909/1909
f 1908/1908/1908 1910/1910/1910 1909/1909/1909
f 1879/1879/1879 1878/1878/1878 1911/1911/1911
f 1878/1878/1878 1877/1877/1877 1911/1911/1911
f 1877/1877/1877 1876/1876/1876 1911/1911/1911
f 1911/1911/1911 1876/1876/1876 1912/1912/1912
f 1912/1912/1912 1876/1876/1876 1913/1913/1913
f 1876/1876/1876 1875/1875/1875 1913/1913/1913
f 1913/1913/1913 1875/1875/1875 1874/1874/1874
f 1873/1873/1873 1914/1914/1914 1874/1874/1874
f 1874/1874/1874 1914/1914/1914 1913/1913/1913
f 1914/1914/1914 1915/1915/1915 1913/1913/1913
f 1913/1913/1913 1915/1915/1915 1912/1912/1912
f 1915/1915/1915 1916/1916/1916 1912/1912/1912
f 1912/1912/1912 1916/1916/1916 1911/1911/1911
f 1916/1916/1916 1917/1917/1917 1911/1911/1911
f 1911/1911/1911 1917/1917/1917 1879/1879/1879
f 1917/1917/1917 1918/1918/1918 1879/1879/1879
f 1879/1879/1879 1918/1918/1918 1881/1881/1881
f 1918/1918/1918 1883/1883/1883 1881/1881/1881
f 1919/1919/1919 1920/1920/1920 1921/1921/1921
f 1920/1920/1920 1922/1922/1922 1921/1921/1921
f 1921/1921/1921 1922/1922/1922 1923/1923/1923
f 1923/1923/1923 1922/1922/1922 1924/1924/1924
f 1922/1922/1922 1925/1925/1925 1924/1924/1924
f 1925/1925/1925 1926/1926/1926 1924/1924/1924
f 1924/1924/1924 1926/1926/1926 1927/1927/1927
f 1927/1927/1927 1926/1926/1926 1928/1928/1928
f 1926/1926/1926 1929/1929/1929 1928/1928/1928
f 1928/1928/1928 1929/1929/1929 1930/1930/1930
f 1931/1931/1931 1933/1933/1933 1932/1932/1932
f 1932/1932/1932 1933/1933/1933 1934/1934/1934
f 1934/1934/1934 1933/1933/1933 1935/1935/1935
f 1933/1933/1933 1936/1936/1936 1935/1935/1935
f 1935/1935/1935 1936/1936/1936 1937/1937/1937
f 1936/1936/1936 1938/1938/1938 1937/1937/1937
f 1937/1937/1937 1938/1938/1938 1939/1939/1939
f 1939/1939/1939 1938/1938/1938 1940/1940/1940
f 1938/1938/1938 1941/1941/1941 1940/1940/1940
f 1941/1941/1941 1942/1942/1942 1940/1940/1940
f 1940/1940/1940 1942/1942/1942 1943/1943/1943
f 1943/1943/1943 1942/1942/1942 1944/1944/1944
f 1942/1942/1942 1945/1945/1945 1944/1944/1944
f 1934/1934/1934 1946/1946/1946 1932/1932/1932
f 1946/1946/1946 1947/1947/1947 1932/1932/1932
f 1932/1932/1932 1947/1947/1947 1948/1948/1948
f 1948/1948/1948 1947/1947/1947 1949/1949/1949
f 1947/1947/1947 1950/1950/1950 1949/1949/1949
f 1950/1950/1950 1951/1951/1951 1949/1949/1949
f 1949/1949/1949 1951/1951/1951 1952/1952/1952
f 1953/1953/1953 1955/1955/1955 1954/1954/1954
f 1954/1954/1954 1955/1955/1955 1956/1956/1956
f 1955/1955/1955 1957/1957/1957 1956/1956/1956
f 1957/1957/1957 1958/1958/1958 1956/1956/1956
f 1956/1956/1956 1958/1958/1958 1959/1959/1959
f 1958/1958/1958 1960/1960/1960 1959/1959/1959
f 1959/1959/1959 1960/1960/1960 1961/1961/1961
f 1961/1961/1961 1960/1960/1960 1962/1962/1962
f 1962/1962/1962 1960/1960/1960 1963/1963/1963
f 1960/1960/1960 1964/1964/1964 1963/1963/1963
f 1963/1963/1963 1964/1964/1964 1965/1965/1965
f 1964/1964/1964 1966/1966/1966 1965/1965/1965
f 1965/1965/1965 1966/1966/1966 1967/1967/1967
f 1967/1967/1967 1966/1966/1966 1968/1968/1968
f 1966/1966/1966 1969/1969/1969 1968/1968/1968
f 1889/1889/1889 1970/1970/1970 1890/1890/1890
f 1970/1970/1970 1971/1971/1971 1890/1890/1890
f 1890/1890/1890 1971/1971/1971 1891/1891/1891
f 1972/1972/1972 1938/1938/1938 1936/1936/1936
f 1973/1973/1973 1974/1974/1974 1975/1975/1975
f 1976/1976/1976 1978/1978/1978 1977/1977/1977
f 1977/1977/1977 1978/1978/1978 1979/1979/1979
f 1978/1978/1978 1980/1980/1980 1979/1979/1979
f 1979/1979/1979 1980/1980/1980 1981/1981/1981
f 1980/1980/1980 1982/1982/1982 1981/1981/1981
f 1982/1982/1982 1983/1983/1983 1981/1981/1981
f 1981/1981/1981 1983/1983/1983 1984/1984/1984
f 1983/1983/1983 1644/1644/1644 1984/1984/1984
f 1984/1984/1984 1644/1644/1644 1985/1985/1985
f 1644/1644/1644 1986/1986/1986 1985/1985/1985
f 1986/1986/1986 1987/1987/1987 1985/1985/1985
f 1985/1985/1985 1987/1987/1987 1988/1988/1988
f 1987/1987/1987 1989/1989/1989 1988/1988/1988
f 1988/1988/1988 1989/1989/1989 1990/1990/1990
f 1989/1989/1989 1991/1991/1991 1990/1990/1990
f 1992/1992/1992 1993/1993/1993 1994/1994/1994
f 1754/1754/1754 1747/1747/1747 1748/1748/1748
f 1995/1995/1995 1996/1996/1996 1997/1997/1997
f 1996/1996/1996 1998/1998/1998 1997/1997/1997
f 1997/1997/1997 1998/1998/1998 1999/1999/1999
f 1998/1998/1998 2000/2000/2000 1999/1999/1999
f 1999/1999/1999 2000/2000/2000 2001/2001/2001
f 2001/2001/2001 2000/2000/2000 2002/2002/2002
f 2000/2000/2000 2003/2003/2003 2002/2002/2002
f 2002/2002/2002 2003/2003/2003 2004/2004/2004
f 2003/2003/2003 2005/2005/2005 2004/2004/2004
f 2004/2004/2004 2005/2005/2005 2006/2006/2006
f 2005/2005/2005 2007/2007/2007 2006/2006/2006
f 2006/2006/2006 2007/2007/2007 2008/2008/2008
f 2007/2007/2007 2009/2009/2009 2008/2008/2008
f 2008/2008/2008 2009/2009/2009 2010/2010/2010
f 2011/2011/2011 2013/2013/2013 2012/2012/2012
f 2012/2012/2012 2013/2013/2013 2014/2014/2014
f 2013/2013/2013 2015/2015/2015 2014/2014/2014
f 2015/2015/2015 2016/2016/2016 2014/2014/2014
f 2014/2014/2014 2016/2016/2016 2017/2017/2017
f 2016/2016/2016 2018/2018/2018 2017/2017/2017
f 2017/2017/2017 2018/2018/2018 2019/2019/2019
f 2018/2018/2018 2020/2020/2020 2019/2019/2019
f 2019/2019/2019 2020/2020/2020 2021/2021/2021
f 2020/2020/2020 2022/2022/2022 2021/2021/2021
f 2021/2021/2021 2022/2022/2022 2023/2023/2023
f 2022/2022/2022 2024/2024/2024 2023/2023/2023
f 1996/1996/1996 2025/2025/2025 1998/1998/1998
f 2025/2025/2025 2026/2026/2026 1998/1998/1998
f 1998/1998/1998 2026/2026/2026 2000/2000/2000
f 2000/2000/2000 2026/2026/2026 2003/2003/2003
f 2026/2026/2026 2027/2027/2027 2003/2003/2003
f 2003/2003/2003 2027/2027/2027 2005/2005/2005
f 2027/2027/2027 2028/2028/2028 2005/2005/2005
f 2005/2005/2005 2028/2028/2028 2007/2007/2007
f 2028/2028/2028 2029/2029/2029 2007/2007/2007
f 2007/2007/2007 2029/2029/2029 2009/2009/2009
f 2009/2009/2009 2029/2029/2029 2030/2030/2030
f 2030/2030/2030 2029/2029/2029 2031/2031/2031
f 2031/2031/2031 2029/2029/2029 2032/2032/2032
f 2029/2029/2029 2028/2028/2028 2032/2032/2032
f 2032/2032/2032 2028/2028/2028 2033/2033/2033
f 2028/2028/2028 2027/2027/2027 2033/2033/2033
f 2033/2033/2033 2027/2027/2027 2034/2034/2034
f 2027/2027/2027 2026/2026/2026 2034/2034/2034
f 2034/2034/2034 2026/2026/2026 2025/2025/2025
f 2035/2035/2035 2037/2037/2037 2036/2036/2036
f 2037/2037/2037 2012/2012/2012 2036/2036/2036
f 2036/2036/2036 2012/2012/2012 2038/2038/2038
f 2038/2038/2038 2012/2012/2012 2039/2039/2039
f 2012/2012/2012 2014/2014/2014 2039/2039/2039
f 2014/2014/2014 2017/2017/2017 2039/2039/2039
f 2039/2039/2039 2017/2017/2017 2040/2040/2040
f 2017/2017/2017 2019/2019/2019 2040/2040/2040
f 2040/2040/2040 2019/2019/2019 2041/2041/2041
f 2019/2019/2019 2021/2021/2021 2041/2041/2041
f 2041/2041/2041 2021/2021/2021 2042/2042/2042
f 2021/2021/2021 2023/2023/2023 2042/2042/2042
f 2023/2023/2023 2043/2043/2043 2042/2042/2042
f 2043/2043/2043 2044/2044/2044 2042/2042/2042
f 2044/2044/2044 2045/2045/2045 2042/2042/2042
f 2042/2042/2042 2045/2045/2045 2041/2041/2041
f 2045/2045/2045 2046/2046/2046 2041/2041/2041
f 2041/2041/2041 2046/2046/2046 2040/2040/2040
f 2046/2046/2046 2047/2047/2047 2040/2040/2040
f 2040/2040/2040 2047/2047/2047 2039/2039/2039
f 2047/2047/2047 2038/2038/2038 2039/2039/2039
f 2048/2048/2048 2049/2049/2049 2050/2050/2050
f 2049/2049/2049 2051/2051/2051 2050/2050/2050
f 2052/2052/2052 2053/2053/2053 2054/2054/2054
f 2053/2053/2053 2055/2055/2055 2054/2054/2054
f 2054/2054/2054 2055/2055/2055 2056/2056/2056
f 2057/2057/2057 2059/2059/2059 2058/2058/2058
f 2058/2058/2058 2059/2059/2059 2060/2060/2060
f 2059/2059/2059 2061/2061/2061 2060/2060/2060
f 2061/2061/2061 2062/2062/2062 2060/2060/2060
f 2060/2060/2060 2062/2062/2062 2049/2049/2049
f 2058/2058/2058 2062/2062/2062 2051/2051/2051
f 2063/2063/2063 2064/2064/2064 2065/2065/2065
f 2064/2064/2064 2052/2052/2052 2065/2065/2065
f 2052/2052/2052 2066/2066/2066 2065/2065/2065
f 2066/2066/2066 2067/2067/2067 2065/2065/2065
f 2065/2065/2065 2067/2067/2067 2063/2063/2063
f 2068/2068/2068 2070/2070/2070 2069/2069/2069
f 2069/2069/2069 2070/2070/2070 2071/2071/2071
f 2070/2070/2070 2072/2072/2072 2071/2071/2071
f 2071/2071/2071 2072/2072/2072 2073/2073/2073
f 2072/2072/2072 2074/2074/2074 2073/2073/2073
f 2075/2075/2075 2076/2076/2076 2077/2077/2077
f 2076/2076/2076 2078/2078/2078 2077/2077/2077
f 2077/2077/2077 2078/2078/2078 2079/2079/2079
f 2078/2078/2078 2080/2080/2080 2079/2079/2079
f 2080/2080/2080 2071/2071/2071 2079/2079/2079
f 2079/2079/2079 2071/2071/2071 2081/2081/2081
f 2071/2071/2071 2073/2073/2073 2081/2081/2081
f 2081/2081/2081 2073/2073/2073 2082/2082/2082
f 2083/2083/2083 2084/2084/2084 2082/2082/2082
f 2082/2082/2082 2084/2084/2084 2081/2081/2081
f 2084/2084/2084 2085/2085/2085 2081/2081/2081
f 2085/2085/2085 2086/2086/2086 2081/2081/2081
f 2081/2081/2081 2086/2086/2086 2079/2079/2079
f 2086/2086/2086 2087/2087/2087 2079/2079/2079
f 2079/2079/2079 2087/2087/2087 2077/2077/2077
f 2077/2077/2077 2087/2087/2087 2075/2075/2075
f 2087/2087/2087 2088/2088/2088 2075/2075/2075
f 2089/2089/2089 2090/2090/2090 2091/2091/2091
f 2090/2090/2090 2092/2092/2092 2091/2091/2091
f 2091/2091/2091 2092/2092/2092 2093/2093/2093
f 2092/2092/2092 2094/2094/2094 2093/2093/2093
f 2093/2093/2093 2094/2094/2094 2095/2095/2095
f 2095/2095/2095 2097/2097/2097 2096/2096/2096
f 2096/2096/2096 2097/2097/2097 2098/2098/2098
f 2097/2097/2097 2099/2099/2099 2098/2098/2098
f 2098/2098/2098 2099/2099/2099 2100/2100/2100
f 2099/2099/2099 2101/2101/2101 2100/2100/2100
f 2100/2100/2100 2101/2101/2101 2102/2102/2102
f 2103/2103/2103 2105/2105/2105 2104/2104/2104
f 2104/2104/2104 2105/2105/2105 2106/2106/2106
f 2105/2105/2105 2102/2102/2102 2106/2106/2106
f 2107/2107/2107 2108/2108/2108 2109/2109/2109
f 2108/2108/2108 2110/2110/2110 2109/2109/2109
f 2111/2111/2111 2112/2112/2112 2113/2113/2113
f 2112/2112/2112 2114/2114/2114 2113/2113/2113
f 2113/2113/2113 2114/2114/2114 2115/2115/2115
f 2114/2114/2114 2116/2116/2116 2115/2115/2115
f 2115/2115/2115 2116/2116/2116 2117/2117/2117
f 2116/2116/2116 2118/2118/2118 2117/2117/2117
f 2116/2116/2116 2114/2114/2114 2119/2119/2119
f 2114/2114/2114 2120/2120/2120 2119/2119/2119
f 2119/2119/2119 2120/2120/2120 2121/2121/2121
f 2122/2122/2122 2124/2124/2124 2123/2123/2123
f 2123/2123/2123 2124/2124/2124 2115/2115/2115
f 2115/2115/2115 2124/2124/2124 2113/2113/2113
f 2113/2113/2113 2124/2124/2124 2125/2125/2125
f 2124/2124/2124 2126/2126/2126 2125/2125/2125
f 2125/2125/2125 2126/2126/2126 2127/2127/2127
f 2126/2126/2126 2128/2128/2128 2127/2127/2127
f 2127/2127/2127 2128/2128/2128 2129/2129/2129
f 2129/2129/2129 2128/2128/2128 2130/2130/2130
f 2128/2128/2128 2131/2131/2131 2130/2130/2130
f 2130/2130/2130 2131/2131/2131 2132/2132/2132
f 2133/2133/2133 2135/2135/2135 2134/2134/2134
f 2134/2134/2134 2135/2135/2135 2136/2136/2136
f 2135/2135/2135 2137/2137/2137 2136/2136/2136
f 2136/2136/2136 2137/2137/2137 2138/2138/2138
f 2137/2137/2137 2139/2139/2139 2138/2138/2138
f 2138/2138/2138 2139/2139/2139 2140/2140/2140
f 2141/2141/2141 2135/2135/2135 2139/2139/2139
f 2139/2139/2139 2135/2135/2135 2142/2142/2142
f 2135/2135/2135 2133/2133/2133 2142/2142/2142
f 2142/2142/2142 2133/2133/2133 2143/2143/2143
f 2144/2144/2144 2146/2146/2146 2145/2145/2145
f 2145/2145/2145 2146/2146/2146 2147/2147/2147
f 2146/2146/2146 2148/2148/2148 2147/2147/2147
f 2149/2149/2149 2150/2150/2150 2151/2151/2151
f 2150/2150/2150 2152/2152/2152 2151/2151/2151
f 2152/2152/2152 2153/2153/2153 2151/2151/2151
f 2153/2153/2153 2144/2144/2144 2151/2151/2151
f 2151/2151/2151 2144/2144/2144 2149/2149/2149
f 2154/2154/2154 2156/2156/2156 2155/2155/2155
f 2155/2155/2155 2156/2156/2156 2157/2157/2157
f 2156/2156/2156 2158/2158/2158 2157/2157/2157
f 2159/2159/2159 2160/2160/2160 2161/2161/2161
f 2160/2160/2160 2162/2162/2162 2161/2161/2161
f 2161/2161/2161 2162/2162/2162 2163/2163/2163
f 2162/2162/2162 2164/2164/2164 2163/2163/2163
f 2163/2163/2163 2164/2164/2164 2165/2165/2165
f 2166/2166/2166 2168/2168/2168 2167/2167/2167
f 2167/2167/2167 2168/2168/2168 2169/2169/2169
f 2168/2168/2168 2170/2170/2170 2169/2169/2169
f 2169/2169/2169 2170/2170/2170 2171/2171/2171
f 2171/2171/2171 2170/2170/2170 2162/2162/2162
f 2170/2170/2170 2172/2172/2172 2162/2162/2162
f 2162/2162/2162 2172/2172/2172 2164/2164/2164
f 2172/2172/2172 2173/2173/2173 2164/2164/2164
f 2174/2174/2174 2173/2173/2173 2175/2175/2175
f 2173/2173/2173 2172/2172/2172 2175/2175/2175
f 2175/2175/2175 2172/2172/2172 2176/2176/2176
f 2176/2176/2176 2172/2172/2172 2177/2177/2177
f 2172/2172/2172 2170/2170/2170 2177/2177/2177
f 2177/2177/2177 2170/2170/2170 2178/2178/2178
f 2170/2170/2170 2168/2168/2168 2178/2178/2178
f 2168/2168/2168 2166/2166/2166 2178/2178/2178
f 2178/2178/2178 2166/2166/2166 2179/2179/2179
f 2180/2180/2180 2182/2182/2182 2181/2181/2181
f 2181/2181/2181 2182/2182/2182 2183/2183/2183
f 2182/2182/2182 2184/2184/2184 2183/2183/2183
f 2185/2185/2185 2186/2186/2186 2187/2187/2187
f 2186/2186/2186 2188/2188/2188 2187/2187/2187
f 2187/2187/2187 2188/2188/2188 2189/2189/2189
f 2188/2188/2188 2190/2190/2190 2189/2189/2189
f 2189/2189/2189 2190/2190/2190 2191/2191/2191
f 2190/2190/2190 2180/2180/2180 2191/2191/2191
f 2183/2183/2183 2192/2192/2192 2193/2193/2193
f 2192/2192/2192 2194/2194/2194 2193/2193/2193
f 2193/2193/2193 2194/2194/2194 2195/2195/2195
f 2194/2194/2194 2196/2196/2196 2195/2195/2195
f 2195/2195/2195 2196/2196/2196 2197/2197/2197
f 2196/2196/2196 2198/2198/2198 2197/2197/2197
f 2198/2198/2198 2199/2199/2199 2197/2197/2197
f 2199/2199/2199 2200/2200/2200 2197/2197/2197
f 2197/2197/2197 2200/2200/2200 2201/2201/2201
f 2201/2201/2201 2200/2200/2200 2202/2202/2202
f 2200/2200/2200 2203/2203/2203 2202/2202/2202
f 2203/2203/2203 2204/2204/2204 2202/2202/2202
f 2204/2204/2204 2205/2205/2205 2202/2202/2202
f 2202/2202/2202 2205/2205/2205 2201/2201/2201
f 2201/2201/2201 2205/2205/2205 2197/2197/2197
f 2197/2197/2197 2205/2205/2205 2195/2195/2195
f 2195/2195/2195 2205/2205/2205 2206/2206/2206
f 2205/2205/2205 2207/2207/2207 2206/2206/2206
f 2206/2206/2206 2207/2207/2207 2208/2208/2208
f 2208/2208/2208 2207/2207/2207 2209/2209/2209
f 2209/2209/2209 2207/2207/2207 2210/2210/2210
f 2207/2207/2207 2205/2205/2205 2210/2210/2210
f 2205/2205/2205 2204/2204/2204 2210/2210/2210
f 2204/2204/2204 2211/2211/2211 2210/2210/2210
f 2210/2210/2210 2211/2211/2211 2212/2212/2212
f 2211/2211/2211 2213/2213/2213 2212/2212/2212
f 2213/2213/2213 2214/2214/2214 2212/2212/2212
f 2214/2214/2214 2215/2215/2215 2212/2212/2212
f 2212/2212/2212 2215/2215/2215 2210/2210/2210
f 2215/2215/2215 2209/2209/2209 2210/2210/2210
f 2215/2215/2215 2214/2214/2214 2216/2216/2216
f 2214/2214/2214 2217/2217/2217 2216/2216/2216
f 2217/2217/2217 2218/2218/2218 2216/2216/2216
f 2218/2218/2218 2219/2219/2219 2216/2216/2216
f 2216/2216/2216 2219/2219/2219 2220/2220/2220
f 2219/2219/2219 2221/2221/2221 2220/2220/2220
f 2220/2220/2220 2221/2221/2221 2222/2222/2222
f 2222/2222/2222 2221/2221/2221 2223/2223/2223
f 2221/2221/2221 2224/2224/2224 2223/2223/2223
f 2223/2223/2223 2224/2224/2224 2225/2225/2225
f 2224/2224/2224 2226/2226/2226 2225/2225/2225
f 2225/2225/2225 2226/2226/2226 2195/2195/2195
f 2195/2195/2195 2226/2226/2226 2193/2193/2193
f 2193/2193/2193 2226/2226/2226 2227/2227/2227
f 2226/2226/2226 2228/2228/2228 2227/2227/2227
f 2227/2227/2227 2228/2228/2228 2229/2229/2229
f 2229/2229/2229 2228/2228/2228 2230/2230/2230
f 2230/2230/2230 2228/2228/2228 2224/2224/2224
f 2228/2228/2228 2226/2226/2226 2224/2224/2224
f 2231/2231/2231 2232/2232/2232 2233/2233/2233
f 2232/2232/2232 2234/2234/2234 2233/2233/2233
f 2233/2233/2233 2234/2234/2234 2235/2235/2235
f 2234/2234/2234 2236/2236/2236 2235/2235/2235
f 2235/2235/2235 2236/2236/2236 2237/2237/2237
f 2236/2236/2236 2238/2238/2238 2237/2237/2237
f 2221/2221/2221 2239/2239/2239 2229/2229/2229
f 2239/2239/2239 2240/2240/2240 2229/2229/2229
f 2240/2240/2240 2241/2241/2241 2229/2229/2229
f 2241/2241/2241 2242/2242/2242 2229/2229/2229
f 2229/2229/2229 2242/2242/2242 2227/2227/2227
f 2242/2242/2242 2243/2243/2243 2227/2227/2227
f 2227/2227/2227 2243/2243/2243 2244/2244/2244
f 2243/2243/2243 2245/2245/2245 2244/2244/2244
f 2245/2245/2245 2246/2246/2246 2244/2244/2244
f 2244/2244/2244 2246/2246/2246 2227/2227/2227
f 2227/2227/2227 2246/2246/2246 2193/2193/2193
f 2193/2193/2193 2246/2246/2246 2183/2183/2183
f 2183/2183/2183 2246/2246/2246 2181/2181/2181
f 2246/2246/2246 2247/2247/2247 2181/2181/2181
f 2181/2181/2181 2247/2247/2247 2248/2248/2248
f 2248/2248/2248 2247/2247/2247 2249/2249/2249
f 2247/2247/2247 2250/2250/2250 2249/2249/2249
f 2249/2249/2249 2250/2250/2250 2185/2185/2185
f 2250/2250/2250 2247/2247/2247 2251/2251/2251
f 2251/2251/2251 2247/2247/2247 2245/2245/2245
f 2247/2247/2247 2246/2246/2246 2245/2245/2245
f 2252/2252/2252 2253/2253/2253 2254/2254/2254
f 2253/2253/2253 2255/2255/2255 2254/2254/2254
f 2254/2254/2254 2255/2255/2255 2256/2256/2256
f 2255/2255/2255 2257/2257/2257 2256/2256/2256
f 2256/2256/2256 2257/2257/2257 2258/2258/2258
f 2257/2257/2257 2259/2259/2259 2258/2258/2258
f 2258/2258/2258 2259/2259/2259 2260/2260/2260
f 2260/2260/2260 2259/2259/2259 2261/2261/2261
f 2259/2259/2259 2262/2262/2262 2261/2261/2261
f 2261/2261/2261 2262/2262/2262 2263/2263/2263
f 2262/2262/2262 2264/2264/2264 2263/2263/2263
f 2263/2263/2263 2264/2264/2264 2265/2265/2265
f 2265/2265/2265 2264/2264/2264 2266/2266/2266
f 2264/2264/2264 2267/2267/2267 2266/2266/2266
f 2266/2266/2266 2267/2267/2267 2268/2268/2268
f 2267/2267/2267 2269/2269/2269 2268/2268/2268
f 2268/2268/2268 2269/2269/2269 2270/2270/2270
f 2269/2269/2269 2271/2271/2271 2270/2270/2270
f 2270/2270/2270 2271/2271/2271 2272/2272/2272
f 2273/2273/2273 2275/2275/2275 2274/2274/2274
f 2274/2274/2274 2275/2275/2275 2276/2276/2276
f 2276/2276/2276 2275/2275/2275 2277/2277/2277
f 2275/2275/2275 2278/2278/2278 2277/2277/2277
f 2278/2278/2278 2279/2279/2279 2277/2277/2277
f 2279/2279/2279 2280/2280/2280 2277/2277/2277
f 2277/2277/2277 2280/2280/2280 2269/2269/2269
f 2280/2280/2280 2271/2271/2271 2269/2269/2269
f 2281/2281/2281 2282/2282/2282 2283/2283/2283
f 2282/2282/2282 2284/2284/2284 2283/2283/2283
f 2284/2284/2284 2285/2285/2285 2283/2283/2283
f 2283/2283/2283 2285/2285/2285 2286/2286/2286
f 2285/2285/2285 2287/2287/2287 2286/2286/2286
f 2286/2286/2286 2287/2287/2287 2288/2288/2288
f 2287/2287/2287 2289/2289/2289 2288/2288/2288
f 2288/2288/2288 2289/2289/2289 2290/2290/2290
f 2291/2291/2291 2293/2293/2293 2292/2292/2292
f 2292/2292/2292 2293/2293/2293 2294/2294/2294
f 2293/2293/2293 2295/2295/2295 2294/2294/2294
f 2294/2294/2294 2295/2295/2295 2282/2282/2282
f 2282/2282/2282 2295/2295/2295 2296/2296/2296
f 2295/2295/2295 2297/2297/2297 2296/2296/2296
f 2297/2297/2297 2298/2298/2298 2284/2284/2284
f 2298/2298/2298 2299/2299/2299 2284/2284/2284
f 2284/2284/2284 2299/2299/2299 2285/2285/2285
f 2299/2299/2299 2300/2300/2300 2285/2285/2285
f 2285/2285/2285 2300/2300/2300 2287/2287/2287
f 2287/2287/2287 2300/2300/2300 2289/2289/2289
f 2300/2300/2300 2301/2301/2301 2289/2289/2289
f 2289/2289/2289 2301/2301/2301 2302/2302/2302
f 2302/2302/2302 2301/2301/2301 2303/2303/2303
f 2301/2301/2301 2304/2304/2304 2303/2303/2303
f 2303/2303/2303 2304/2304/2304 2305/2305/2305
f 2304/2304/2304 2306/2306/2306 2305/2305/2305
f 2305/2305/2305 2306/2306/2306 2307/2307/2307
f 2307/2307/2307 2306/2306/2306 2308/2308/2308
f 2308/2308/2308 2306/2306/2306 2309/2309/2309
f 2306/2306/2306 2310/2310/2310 2309/2309/2309
f 2309/2309/2309 2310/2310/2310 2311/2311/2311
f 2310/2310/2310 2154/2154/2154 2311/2311/2311
f 2154/2154/2154 2312/2312/2312 2311/2311/2311
f 2311/2311/2311 2312/2312/2312 2313/2313/2313
f 2313/2313/2313 2312/2312/2312 2314/2314/2314
f 2312/2312/2312 2157/2157/2157 2314/2314/2314
f 2184/2184/2184 2315/2315/2315 2316/2316/2316
f 2315/2315/2315 2317/2317/2317 2316/2316/2316
f 2316/2316/2316 2317/2317/2317 2318/2318/2318
f 2318/2318/2318 2317/2317/2317 2319/2319/2319
f 2317/2317/2317 2320/2320/2320 2319/2319/2319
f 2319/2319/2319 2320/2320/2320 2321/2321/2321
f 2322/2322/2322 2324/2324/2324 2323/2323/2323
f 2323/2323/2323 2324/2324/2324 2325/2325/2325
f 2324/2324/2324 2326/2326/2326 2325/2325/2325
f 2325/2325/2325 2326/2326/2326 2327/2327/2327
f 2326/2326/2326 2328/2328/2328 2327/2327/2327
f 2328/2328/2328 2329/2329/2329 2327/2327/2327
f 2327/2327/2327 2329/2329/2329 2107/2107/2107
f 2199/2199/2199 2331/2331/2331 2330/2330/2330
f 2330/2330/2330 2331/2331/2331 2332/2332/2332
f 2332/2332/2332 2331/2331/2331 2321/2321/2321
f 2321/2321/2321 2331/2331/2331 2198/2198/2198
f 2331/2331/2331 2199/2199/2199 2198/2198/2198
f 2333/2333/2333 2334/2334/2334 2335/2335/2335
f 2334/2334/2334 2336/2336/2336 2335/2335/2335
f 2335/2335/2335 2336/2336/2336 2328/2328/2328
f 2336/2336/2336 2337/2337/2337 2328/2328/2328
f 2337/2337/2337 2338/2338/2338 2328/2328/2328
f 2328/2328/2328 2338/2338/2338 2339/2339/2339
f 2338/2338/2338 2340/2340/2340 2339/2339/2339
f 2339/2339/2339 2340/2340/2340 2341/2341/2341
f 2341/2341/2341 2340/2340/2340 2342/2342/2342
f 2340/2340/2340 2343/2343/2343 2342/2342/2342
f 2342/2342/2342 2343/2343/2343 2344/2344/2344
f 2343/2343/2343 2345/2345/2345 2344/2344/2344
f 2344/2344/2344 2345/2345/2345 2346/2346/2346
f 2347/2347/2347 2349/2349/2349 2348/2348/2348
f 2348/2348/2348 2349/2349/2349 2350/2350/2350
f 2350/2350/2350 2349/2349/2349 2351/2351/2351
f 2349/2349/2349 2352/2352/2352 2351/2351/2351
f 2351/2351/2351 2352/2352/2352 2353/2353/2353
f 2352/2352/2352 2354/2354/2354 2353/2353/2353
f 2355/2355/2355 2356/2356/2356 2357/2357/2357
f 2357/2357/2357 2356/2356/2356 2349/2349/2349
f 2356/2356/2356 2358/2358/2358 2349/2349/2349
f 2358/2358/2358 2359/2359/2359 2349/2349/2349
f 2349/2349/2349 2359/2359/2359 2360/2360/2360
f 2359/2359/2359 2361/2361/2361 2360/2360/2360
f 2360/2360/2360 2361/2361/2361 2354/2354/2354
f 2362/2362/2362 2363/2363/2363 2350/2350/2350
f 2350/2350/2350 2363/2363/2363 2364/2364/2364
f 2364/2364/2364 2363/2363/2363 2365/2365/2365
f 2363/2363/2363 2366/2366/2366 2365/2365/2365
f 2365/2365/2365 2366/2366/2366 2367/2367/2367
f 2366/2366/2366 2368/2368/2368 2367/2367/2367
f 2367/2367/2367 2368/2368/2368 2369/2369/2369
f 2368/2368/2368 2370/2370/2370 2369/2369/2369
f 2371/2371/2371 2372/2372/2372 2373/2373/2373
f 2372/2372/2372 2374/2374/2374 2373/2373/2373
f 2373/2373/2373 2374/2374/2374 2375/2375/2375
f 2375/2375/2375 2374/2374/2374 2376/2376/2376
f 2374/2374/2374 2377/2377/2377 2376/2376/2376
f 2376/2376/2376 2377/2377/2377 2103/2103/2103
f 2339/2339/2339 2378/2378/2378 2328/2328/2328
f 2328/2328/2328 2378/2378/2378 2329/2329/2329
f 2379/2379/2379 2381/2381/2381 2380/2380/2380
f 2380/2380/2380 2381/2381/2381 2382/2382/2382
f 2382/2382/2382 2381/2381/2381 2371/2371/2371
f 2371/2371/2371 2381/2381/2381 2383/2383/2383
f 2381/2381/2381 2379/2379/2379 2383/2383/2383
f 2278/2278/2278 2384/2384/2384 2385/2385/2385
f 2384/2384/2384 2386/2386/2386 2385/2385/2385
f 2203/2203/2203 2387/2387/2387 2388/2388/2388
f 2387/2387/2387 2389/2389/2389 2388/2388/2388
f 2388/2388/2388 2389/2389/2389 2390/2390/2390
f 2389/2389/2389 2391/2391/2391 2390/2390/2390
f 2390/2390/2390 2391/2391/2391 2384/2384/2384
f 2384/2384/2384 2391/2391/2391 2386/2386/2386
f 2391/2391/2391 2279/2279/2279 2386/2386/2386
f 2279/2279/2279 2392/2392/2392 2393/2393/2393
f 2392/2392/2392 2394/2394/2394 2393/2393/2393
f 2395/2395/2395 2396/2396/2396 2397/2397/2397
f 2396/2396/2396 2398/2398/2398 2397/2397/2397
f 2397/2397/2397 2398/2398/2398 2399/2399/2399
f 2399/2399/2399 2398/2398/2398 2400/2400/2400
f 2398/2398/2398 2401/2401/2401 2400/2400/2400
f 2402/2402/2402 2400/2400/2400 2396/2396/2396
f 2403/2403/2403 2405/2405/2405 2404/2404/2404
f 2404/2404/2404 2405/2405/2405 2406/2406/2406
f 2405/2405/2405 2407/2407/2407 2406/2406/2406
f 2406/2406/2406 2407/2407/2407 2408/2408/2408
f 2407/2407/2407 2185/2185/2185 2408/2408/2408
f 2409/2409/2409 2410/2410/2410 2411/2411/2411
f 2410/2410/2410 2412/2412/2412 2411/2411/2411
f 2411/2411/2411 2412/2412/2412 2413/2413/2413
f 2412/2412/2412 2359/2359/2359 2413/2413/2413
f 2359/2359/2359 2358/2358/2358 2413/2413/2413
f 2413/2413/2413 2358/2358/2358 2414/2414/2414
f 2414/2414/2414 2358/2358/2358 2415/2415/2415
f 2358/2358/2358 2416/2416/2416 2415/2415/2415
f 2417/2417/2417 2418/2418/2418 2419/2419/2419
f 2418/2418/2418 2420/2420/2420 2419/2419/2419
f 2419/2419/2419 2420/2420/2420 2421/2421/2421
f 2421/2421/2421 2420/2420/2420 2422/2422/2422
f 2420/2420/2420 2423/2423/2423 2422/2422/2422
f 2422/2422/2422 2423/2423/2423 2424/2424/2424
f 2425/2425/2425 2427/2427/2427 2426/2426/2426
f 2426/2426/2426 2427/2427/2427 2428/2428/2428
f 2427/2427/2427 2429/2429/2429 2428/2428/2428
f 2428/2428/2428 2429/2429/2429 2430/2430/2430
f 2429/2429/2429 2431/2431/2431 2430/2430/2430
f 2430/2430/2430 2431/2431/2431 2432/2432/2432
f 2433/2433/2433 2435/2435/2435 2434/2434/2434
f 2434/2434/2434 2435/2435/2435 2436/2436/2436
f 2435/2435/2435 2437/2437/2437 2436/2436/2436
f 2437/2437/2437 2438/2438/2438 2436/2436/2436
f 2436/2436/2436 2438/2438/2438 2439/2439/2439
f 2433/2433/2433 2441/2441/2441 2440/2440/2440
f 2440/2440/2440 2441/2441/2441 2442/2442/2442
f 2441/2441/2441 2443/2443/2443 2442/2442/2442
f 2442/2442/2442 2443/2443/2443 2444/2444/2444
f 2444/2444/2444 2443/2443/2443 2445/2445/2445
f 2443/2443/2443 2446/2446/2446 2445/2445/2445
f 2446/2446/2446 2447/2447/2447 2445/2445/2445
f 2445/2445/2445 2447/2447/2447 2448/2448/2448
f 2449/2449/2449 2451/2451/2451 2450/2450/2450
f 2451/2451/2451 2295/2295/2295 2450/2450/2450
f 2450/2450/2450 2295/2295/2295 2445/2445/2445
f 2445/2445/2445 2295/2295/2295 2444/2444/2444
f 2295/2295/2295 2452/2452/2452 2444/2444/2444
f 2444/2444/2444 2452/2452/2452 2453/2453/2453
f 2452/2452/2452 2291/2291/2291 2453/2453/2453
f 2440/2440/2440 2442/2442/2442 2437/2437/2437
f 2442/2442/2442 2454/2454/2454 2437/2437/2437
f 2454/2454/2454 2455/2455/2455 2437/2437/2437
f 2437/2437/2437 2455/2455/2455 2438/2438/2438
f 2455/2455/2455 2456/2456/2456 2438/2438/2438
f 2456/2456/2456 2457/2457/2457 2438/2438/2438
f 2438/2438/2438 2457/2457/2457 2458/2458/2458
f 2458/2458/2458 2457/2457/2457 2459/2459/2459
f 2459/2459/2459 2457/2457/2457 2460/2460/2460
f 2460/2460/2460 2457/2457/2457 2461/2461/2461
f 2457/2457/2457 2456/2456/2456 2461/2461/2461
f 2461/2461/2461 2456/2456/2456 2294/2294/2294
f 2159/2159/2159 2463/2463/2463 2462/2462/2462
f 2462/2462/2462 2463/2463/2463 2464/2464/2464
f 2463/2463/2463 2449/2449/2449 2464/2464/2464
f 2449/2449/2449 2450/2450/2450 2464/2464/2464
f 2464/2464/2464 2450/2450/2450 2465/2465/2465
f 2463/2463/2463 2156/2156/2156 2466/2466/2466
f 2467/2467/2467 2468/2468/2468 2469/2469/2469
f 2468/2468/2468 2429/2429/2429 2469/2469/2469
f 2429/2429/2429 2427/2427/2427 2469/2469/2469
f 2427/2427/2427 2470/2470/2470 2469/2469/2469
f 2469/2469/2469 2470/2470/2470 2471/2471/2471
f 2470/2470/2470 2472/2472/2472 2471/2471/2471
f 2471/2471/2471 2472/2472/2472 2473/2473/2473
f 2472/2472/2472 2474/2474/2474 2473/2473/2473
f 2474/2474/2474 2475/2475/2475 2473/2473/2473
f 2473/2473/2473 2475/2475/2475 2476/2476/2476
f 2475/2475/2475 2477/2477/2477 2476/2476/2476
f 2409/2409/2409 2478/2478/2478 2479/2479/2479
f 2478/2478/2478 2480/2480/2480 2479/2479/2479
f 2479/2479/2479 2480/2480/2480 2481/2481/2481
f 2481/2481/2481 2480/2480/2480 2482/2482/2482
f 2480/2480/2480 2483/2483/2483 2482/2482/2482
f 2306/2306/2306 2304/2304/2304 2310/2310/2310
f 2304/2304/2304 2301/2301/2301 2310/2310/2310
f 2301/2301/2301 2300/2300/2300 2310/2310/2310
f 2310/2310/2310 2300/2300/2300 2154/2154/2154
f 2300/2300/2300 2299/2299/2299 2154/2154/2154
f 2154/2154/2154 2299/2299/2299 2484/2484/2484
f 2299/2299/2299 2298/2298/2298 2484/2484/2484
f 2485/2485/2485 2486/2486/2486 2483/2483/2483
f 2402/2402/2402 2401/2401/2401 2487/2487/2487
f 2487/2487/2487 2401/2401/2401 2488/2488/2488
f 2489/2489/2489 2491/2491/2491 2490/2490/2490
f 2490/2490/2490 2491/2491/2491 2492/2492/2492
f 2492/2492/2492 2491/2491/2491 2493/2493/2493
f 2491/2491/2491 2494/2494/2494 2493/2493/2493
f 2494/2494/2494 2495/2495/2495 2493/2493/2493
f 2493/2493/2493 2495/2495/2495 2496/2496/2496
f 2495/2495/2495 2497/2497/2497 2496/2496/2496
f 2496/2496/2496 2497/2497/2497 2498/2498/2498
f 2498/2498/2498 2497/2497/2497 2499/2499/2499
f 2499/2499/2499 2497/2497/2497 2500/2500/2500
f 2497/2497/2497 2501/2501/2501 2500/2500/2500
f 2500/2500/2500 2501/2501/2501 2502/2502/2502
f 2501/2501/2501 2503/2503/2503 2502/2502/2502
f 2502/2502/2502 2503/2503/2503 2504/2504/2504
f 2504/2504/2504 2503/2503/2503 2369/2369/2369
f 2503/2503/2503 2505/2505/2505 2369/2369/2369
f 2369/2369/2369 2505/2505/2505 2367/2367/2367
f 2367/2367/2367 2505/2505/2505 2365/2365/2365
f 2505/2505/2505 2506/2506/2506 2365/2365/2365
f 2365/2365/2365 2506/2506/2506 2364/2364/2364
f 2506/2506/2506 2507/2507/2507 2364/2364/2364
f 2364/2364/2364 2507/2507/2507 2347/2347/2347
f 2497/2497/2497 2495/2495/2495 2501/2501/2501
f 2501/2501/2501 2495/2495/2495 2503/2503/2503
f 2503/2503/2503 2495/2495/2495 2505/2505/2505
f 2495/2495/2495 2494/2494/2494 2505/2505/2505
f 2505/2505/2505 2494/2494/2494 2506/2506/2506
f 2494/2494/2494 2508/2508/2508 2506/2506/2506
f 2506/2506/2506 2508/2508/2508 2507/2507/2507
f 2408/2408/2408 2251/2251/2251 2406/2406/2406
f 2406/2406/2406 2251/2251/2251 2404/2404/2404
f 2404/2404/2404 2251/2251/2251 2509/2509/2509
f 2251/2251/2251 2245/2245/2245 2509/2509/2509
f 2509/2509/2509 2245/2245/2245 2510/2510/2510
f 2245/2245/2245 2243/2243/2243 2510/2510/2510
f 2243/2243/2243 2242/2242/2242 2510/2510/2510
f 2242/2242/2242 2511/2511/2511 2510/2510/2510
f 2510/2510/2510 2511/2511/2511 2512/2512/2512
f 2511/2511/2511 2513/2513/2513 2512/2512/2512
f 2512/2512/2512 2513/2513/2513 2514/2514/2514
f 2513/2513/2513 2515/2515/2515 2514/2514/2514
f 2515/2515/2515 2516/2516/2516 2514/2514/2514
f 2516/2516/2516 2509/2509/2509 2514/2514/2514
f 2514/2514/2514 2509/2509/2509 2512/2512/2512
f 2509/2509/2509 2510/2510/2510 2512/2512/2512
f 2517/2517/2517 2513/2513/2513 2518/2518/2518
f 2513/2513/2513 2511/2511/2511 2518/2518/2518
f 2518/2518/2518 2511/2511/2511 2519/2519/2519
f 2511/2511/2511 2242/2242/2242 2519/2519/2519
f 2519/2519/2519 2242/2242/2242 2520/2520/2520
f 2242/2242/2242 2241/2241/2241 2520/2520/2520
f 2520/2520/2520 2241/2241/2241 2521/2521/2521
f 2241/2241/2241 2240/2240/2240 2521/2521/2521
f 2521/2521/2521 2240/2240/2240 2522/2522/2522
f 2240/2240/2240 2239/2239/2239 2522/2522/2522
f 2522/2522/2522 2239/2239/2239 2218/2218/2218
f 2523/2523/2523 2525/2525/2525 2524/2524/2524
f 2524/2524/2524 2525/2525/2525 2273/2273/2273
f 2273/2273/2273 2525/2525/2525 2526/2526/2526
f 2525/2525/2525 2527/2527/2527 2526/2526/2526
f 2526/2526/2526 2527/2527/2527 2522/2522/2522
f 2522/2522/2522 2527/2527/2527 2521/2521/2521
f 2521/2521/2521 2527/2527/2527 2520/2520/2520
f 2527/2527/2527 2528/2528/2528 2520/2520/2520
f 2520/2520/2520 2528/2528/2528 2519/2519/2519
f 2519/2519/2519 2528/2528/2528 2518/2518/2518
f 2518/2518/2518 2528/2528/2528 2529/2529/2529
f 2529/2529/2529 2528/2528/2528 2530/2530/2530
f 2530/2530/2530 2528/2528/2528 2531/2531/2531
f 2528/2528/2528 2527/2527/2527 2531/2531/2531
f 2527/2527/2527 2532/2532/2532 2531/2531/2531
f 2531/2531/2531 2532/2532/2532 2533/2533/2533
f 2532/2532/2532 2523/2523/2523 2533/2533/2533
f 2533/2533/2533 2523/2523/2523 2534/2534/2534
f 2523/2523/2523 2535/2535/2535 2534/2534/2534
f 2535/2535/2535 2536/2536/2536 2534/2534/2534
f 2536/2536/2536 2537/2537/2537 2534/2534/2534
f 2534/2534/2534 2537/2537/2537 2538/2538/2538
f 2537/2537/2537 2255/2255/2255 2538/2538/2538
f 2255/2255/2255 2253/2253/2253 2538/2538/2538
f 2253/2253/2253 2539/2539/2539 2538/2538/2538
f 2538/2538/2538 2539/2539/2539 2531/2531/2531
f 2539/2539/2539 2530/2530/2530 2531/2531/2531
f 2517/2517/2517 2540/2540/2540 2541/2541/2541
f 2540/2540/2540 2529/2529/2529 2541/2541/2541
f 2541/2541/2541 2529/2529/2529 2542/2542/2542
f 2529/2529/2529 2530/2530/2530 2542/2542/2542
f 2530/2530/2530 2539/2539/2539 2542/2542/2542
f 2542/2542/2542 2539/2539/2539 2543/2543/2543
f 2539/2539/2539 2544/2544/2544 2543/2543/2543
f 2543/2543/2543 2544/2544/2544 2545/2545/2545
f 2544/2544/2544 2252/2252/2252 2545/2545/2545
f 2545/2545/2545 2252/2252/2252 2546/2546/2546
f 2071/2071/2071 2080/2080/2080 2069/2069/2069
f 2069/2069/2069 2080/2080/2080 2547/2547/2547
f 2547/2547/2547 2080/2080/2080 2415/2415/2415
f 2080/2080/2080 2078/2078/2078 2415/2415/2415
f 2078/2078/2078 2548/2548/2548 2415/2415/2415
f 2548/2548/2548 2549/2549/2549 2415/2415/2415
f 2415/2415/2415 2549/2549/2549 2414/2414/2414
f 2549/2549/2549 2550/2550/2550 2414/2414/2414
f 2342/2342/2342 2551/2551/2551 2341/2341/2341
f 2551/2551/2551 2552/2552/2552 2341/2341/2341
f 2552/2552/2552 2553/2553/2553 2341/2341/2341
f 2341/2341/2341 2553/2553/2553 2339/2339/2339
f 2339/2339/2339 2553/2553/2553 2107/2107/2107
f 2107/2107/2107 2553/2553/2553 2554/2554/2554
f 2553/2553/2553 2555/2555/2555 2554/2554/2554
f 2554/2554/2554 2555/2555/2555 2556/2556/2556
f 2557/2557/2557 2558/2558/2558 2548/2548/2548
f 2559/2559/2559 2560/2560/2560 2561/2561/2561
f 2560/2560/2560 2342/2342/2342 2561/2561/2561
f 2342/2342/2342 2344/2344/2344 2561/2561/2561
f 2561/2561/2561 2344/2344/2344 2562/2562/2562
f 2344/2344/2344 2563/2563/2563 2562/2562/2562
f 2563/2563/2563 2564/2564/2564 2562/2562/2562
f 2564/2564/2564 2565/2565/2565 2562/2562/2562
f 2562/2562/2562 2565/2565/2565 2566/2566/2566
f 2565/2565/2565 2567/2567/2567 2566/2566/2566
f 2567/2567/2567 2568/2568/2568 2566/2566/2566
f 2568/2568/2568 2569/2569/2569 2566/2566/2566
f 2569/2569/2569 2570/2570/2570 2566/2566/2566
f 2570/2570/2570 2571/2571/2571 2566/2566/2566
f 2566/2566/2566 2571/2571/2571 2562/2562/2562
f 2562/2562/2562 2571/2571/2571 2572/2572/2572
f 2571/2571/2571 2573/2573/2573 2572/2572/2572
f 2572/2572/2572 2573/2573/2573 2559/2559/2559
f 2573/2573/2573 2574/2574/2574 2559/2559/2559
f 2559/2559/2559 2574/2574/2574 2575/2575/2575
f 2575/2575/2575 2574/2574/2574 2576/2576/2576
f 2576/2576/2576 2574/2574/2574 2577/2577/2577
f 2574/2574/2574 2578/2578/2578 2577/2577/2577
f 2577/2577/2577 2578/2578/2578 2579/2579/2579
f 2579/2579/2579 2578/2578/2578 2580/2580/2580
f 2580/2580/2580 2578/2578/2578 2581/2581/2581
f 2578/2578/2578 2571/2571/2571 2581/2581/2581
f 2581/2581/2581 2571/2571/2571 2570/2570/2570
f 2582/2582/2582 2584/2584/2584 2583/2583/2583
f 2583/2583/2583 2584/2584/2584 2569/2569/2569
f 2584/2584/2584 2585/2585/2585 2569/2569/2569
f 2569/2569/2569 2585/2585/2585 2570/2570/2570
f 2570/2570/2570 2585/2585/2585 2581/2581/2581
f 2585/2585/2585 2586/2586/2586 2581/2581/2581
f 2581/2581/2581 2586/2586/2586 2587/2587/2587
f 2586/2586/2586 2588/2588/2588 2587/2587/2587
f 2587/2587/2587 2588/2588/2588 2589/2589/2589
f 2588/2588/2588 2590/2590/2590 2589/2589/2589
f 2591/2591/2591 2592/2592/2592 2593/2593/2593
f 2592/2592/2592 2594/2594/2594 2593/2593/2593
f 2593/2593/2593 2594/2594/2594 2595/2595/2595
f 2596/2596/2596 2598/2598/2598 2597/2597/2597
f 2597/2597/2597 2598/2598/2598 2599/2599/2599
f 2599/2599/2599 2598/2598/2598 2600/2600/2600
f 2600/2600/2600 2598/2598/2598 2601/2601/2601
f 2598/2598/2598 2602/2602/2602 2601/2601/2601
f 2601/2601/2601 2602/2602/2602 2603/2603/2603
f 2602/2602/2602 2604/2604/2604 2603/2603/2603
f 2603/2603/2603 2604/2604/2604 2594/2594/2594
f 2594/2594/2594 2604/2604/2604 2595/2595/2595
f 2604/2604/2604 2602/2602/2602 2595/2595/2595
f 2602/2602/2602 2605/2605/2605 2595/2595/2595
f 2605/2605/2605 2104/2104/2104 2595/2595/2595
f 2104/2104/2104 2106/2106/2106 2595/2595/2595
f 2595/2595/2595 2106/2106/2106 2593/2593/2593
f 2106/2106/2106 2606/2606/2606 2593/2593/2593
f 2606/2606/2606 2607/2607/2607 2593/2593/2593
f 2593/2593/2593 2607/2607/2607 2591/2591/2591
f 2607/2607/2607 2095/2095/2095 2591/2591/2591
f 2104/2104/2104 2605/2605/2605 2608/2608/2608
f 2608/2608/2608 2605/2605/2605 2609/2609/2609
f 2605/2605/2605 2610/2610/2610 2609/2609/2609
f 2609/2609/2609 2610/2610/2610 2611/2611/2611
f 2610/2610/2610 2612/2612/2612 2611/2611/2611
f 2611/2611/2611 2612/2612/2612 2382/2382/2382
f 2382/2382/2382 2612/2612/2612 2380/2380/2380
f 2380/2380/2380 2612/2612/2612 2613/2613/2613
f 2612/2612/2612 2614/2614/2614 2613/2613/2613
f 2614/2614/2614 2615/2615/2615 2613/2613/2613
f 2613/2613/2613 2615/2615/2615 2322/2322/2322
f 2322/2322/2322 2615/2615/2615 2616/2616/2616
f 2616/2616/2616 2615/2615/2615 2617/2617/2617
f 2615/2615/2615 2614/2614/2614 2617/2617/2617
f 2614/2614/2614 2612/2612/2612 2617/2617/2617
f 2612/2612/2612 2610/2610/2610 2617/2617/2617
f 2610/2610/2610 2618/2618/2618 2617/2617/2617
f 2617/2617/2617 2618/2618/2618 2619/2619/2619
f 2618/2618/2618 2620/2620/2620 2619/2619/2619
f 2620/2620/2620 2621/2621/2621 2619/2619/2619
f 2621/2621/2621 2622/2622/2622 2619/2619/2619
f 2619/2619/2619 2622/2622/2622 2617/2617/2617
f 2617/2617/2617 2622/2622/2622 2616/2616/2616
f 2616/2616/2616 2622/2622/2622 2334/2334/2334
f 2622/2622/2622 2623/2623/2623 2334/2334/2334
f 2334/2334/2334 2623/2623/2623 2336/2336/2336
f 2336/2336/2336 2623/2623/2623 2337/2337/2337
f 2337/2337/2337 2623/2623/2623 2624/2624/2624
f 2623/2623/2623 2622/2622/2622 2624/2624/2624
f 2624/2624/2624 2622/2622/2622 2621/2621/2621
f 2624/2624/2624 2625/2625/2625 2337/2337/2337
f 2337/2337/2337 2625/2625/2625 2346/2346/2346
f 2346/2346/2346 2625/2625/2625 2626/2626/2626
f 2626/2626/2626 2625/2625/2625 2627/2627/2627
f 2625/2625/2625 2628/2628/2628 2627/2627/2627
f 2627/2627/2627 2628/2628/2628 2596/2596/2596
f 2628/2628/2628 2629/2629/2629 2596/2596/2596
f 2629/2629/2629 2630/2630/2630 2596/2596/2596
f 2596/2596/2596 2630/2630/2630 2631/2631/2631
f 2630/2630/2630 2632/2632/2632 2631/2631/2631
f 2631/2631/2631 2632/2632/2632 2633/2633/2633
f 2632/2632/2632 2610/2610/2610 2633/2633/2633
f 2610/2610/2610 2605/2605/2605 2633/2633/2633
f 2605/2605/2605 2602/2602/2602 2633/2633/2633
f 2633/2633/2633 2602/2602/2602 2634/2634/2634
f 2602/2602/2602 2598/2598/2598 2634/2634/2634
f 2598/2598/2598 2635/2635/2635 2634/2634/2634
f 2635/2635/2635 2631/2631/2631 2634/2634/2634
f 2634/2634/2634 2631/2631/2631 2633/2633/2633
f 2589/2589/2589 2636/2636/2636 2580/2580/2580
f 2580/2580/2580 2636/2636/2636 2579/2579/2579
f 2636/2636/2636 2637/2637/2637 2579/2579/2579
f 2579/2579/2579 2637/2637/2637 2638/2638/2638
f 2637/2637/2637 2639/2639/2639 2638/2638/2638
f 2638/2638/2638 2639/2639/2639 2640/2640/2640
f 2639/2639/2639 2641/2641/2641 2640/2640/2640
f 2641/2641/2641 2642/2642/2642 2640/2640/2640
f 2640/2640/2640 2642/2642/2642 2643/2643/2643
f 2642/2642/2642 2644/2644/2644 2643/2643/2643
f 2643/2643/2643 2644/2644/2644 2645/2645/2645
f 2644/2644/2644 2646/2646/2646 2645/2645/2645
f 2646/2646/2646 2647/2647/2647 2645/2645/2645
f 2645/2645/2645 2647/2647/2647 2648/2648/2648
f 2647/2647/2647 2649/2649/2649 2648/2648/2648
f 2648/2648/2648 2649/2649/2649 2555/2555/2555
f 2649/2649/2649 2650/2650/2650 2555/2555/2555
f 2555/2555/2555 2650/2650/2650 2556/2556/2556
f 2650/2650/2650 2651/2651/2651 2556/2556/2556
f 2643/2643/2643 2645/2645/2645 2552/2552/2552
f 2645/2645/2645 2648/2648/2648 2552/2552/2552
f 2552/2552/2552 2648/2648/2648 2553/2553/2553
f 2648/2648/2648 2555/2555/2555 2553/2553/2553
f 2652/2652/2652 2643/2643/2643 2653/2653/2653
f 2643/2643/2643 2552/2552/2552 2653/2653/2653
f 2552/2552/2552 2551/2551/2551 2653/2653/2653
f 2551/2551/2551 2559/2559/2559 2653/2653/2653
f 2559/2559/2559 2575/2575/2575 2653/2653/2653
f 2653/2653/2653 2575/2575/2575 2652/2652/2652
f 2652/2652/2652 2575/2575/2575 2654/2654/2654
f 2575/2575/2575 2576/2576/2576 2654/2654/2654
f 2531/2531/2531 2533/2533/2533 2538/2538/2538
f 2533/2533/2533 2534/2534/2534 2538/2538/2538
f 2068/2068/2068 2655/2655/2655 2656/2656/2656
f 2655/2655/2655 2657/2657/2657 2656/2656/2656
f 2656/2656/2656 2657/2657/2657 2355/2355/2355
f 2355/2355/2355 2657/2657/2657 2356/2356/2356
f 2657/2657/2657 2658/2658/2658 2356/2356/2356
f 2659/2659/2659 2237/2237/2237 2233/2233/2233
f 2237/2237/2237 2660/2660/2660 2233/2233/2233
f 2233/2233/2233 2660/2660/2660 2231/2231/2231
f 2660/2660/2660 2661/2661/2661 2231/2231/2231
f 2662/2662/2662 2663/2663/2663 2656/2656/2656
f 2571/2571/2571 2578/2578/2578 2573/2573/2573
f 2573/2573/2573 2578/2578/2578 2574/2574/2574
f 2536/2536/2536 2535/2535/2535 2664/2664/2664
f 2664/2664/2664 2535/2535/2535 2665/2665/2665
f 2665/2665/2665 2535/2535/2535 2666/2666/2666
f 2535/2535/2535 2523/2523/2523 2666/2666/2666
f 2523/2523/2523 2274/2274/2274 2666/2666/2666
f 2274/2274/2274 2276/2276/2276 2666/2666/2666
f 2276/2276/2276 2262/2262/2262 2666/2666/2666
f 2666/2666/2666 2262/2262/2262 2665/2665/2665
f 2262/2262/2262 2276/2276/2276 2264/2264/2264
f 2264/2264/2264 2276/2276/2276 2267/2267/2267
f 2276/2276/2276 2277/2277/2277 2267/2267/2267
f 2267/2267/2267 2277/2277/2277 2269/2269/2269
f 2667/2667/2667 2669/2669/2669 2668/2668/2668
f 2668/2668/2668 2669/2669/2669 2670/2670/2670
f 2669/2669/2669 2671/2671/2671 2670/2670/2670
f 2671/2671/2671 2672/2672/2672 2670/2670/2670
f 2670/2670/2670 2672/2672/2672 2673/2673/2673
f 2672/2672/2672 2674/2674/2674 2673/2673/2673
f 2675/2675/2675 2676/2676/2676 2677/2677/2677
f 2676/2676/2676 2458/2458/2458 2677/2677/2677
f 2677/2677/2677 2458/2458/2458 2678/2678/2678
f 2679/2679/2679 2680/2680/2680 2211/2211/2211
f 2211/2211/2211 2680/2680/2680 2213/2213/2213
f 2680/2680/2680 2384/2384/2384 2213/2213/2213
f 2213/2213/2213 2384/2384/2384 2214/2214/2214
f 2214/2214/2214 2384/2384/2384 2681/2681/2681
f 2384/2384/2384 2278/2278/2278 2681/2681/2681
f 2681/2681/2681 2278/2278/2278 2682/2682/2682
f 2278/2278/2278 2275/2275/2275 2682/2682/2682
f 2275/2275/2275 2273/2273/2273 2682/2682/2682
f 2682/2682/2682 2273/2273/2273 2683/2683/2683
f 2273/2273/2273 2526/2526/2526 2683/2683/2683
f 2683/2683/2683 2526/2526/2526 2684/2684/2684
f 2526/2526/2526 2217/2217/2217 2684/2684/2684
f 2685/2685/2685 2686/2686/2686 2687/2687/2687
f 2686/2686/2686 2688/2688/2688 2687/2687/2687
f 2687/2687/2687 2688/2688/2688 2689/2689/2689
f 2410/2410/2410 2481/2481/2481 2412/2412/2412
f 2412/2412/2412 2481/2481/2481 2690/2690/2690
f 2690/2690/2690 2481/2481/2481 2691/2691/2691
f 2481/2481/2481 2482/2482/2482 2691/2691/2691
f 2691/2691/2691 2482/2482/2482 2692/2692/2692
f 2692/2692/2692 2482/2482/2482 2693/2693/2693
f 2482/2482/2482 2686/2686/2686 2693/2693/2693
f 2686/2686/2686 2694/2694/2694 2693/2693/2693
f 2694/2694/2694 2695/2695/2695 2693/2693/2693
f 2695/2695/2695 2696/2696/2696 2693/2693/2693
f 2693/2693/2693 2696/2696/2696 2692/2692/2692
f 2696/2696/2696 2351/2351/2351 2692/2692/2692
f 2094/2094/2094 2092/2092/2092 2592/2592/2592
f 2092/2092/2092 2090/2090/2090 2592/2592/2592
f 2090/2090/2090 2697/2697/2697 2592/2592/2592
f 2592/2592/2592 2697/2697/2697 2594/2594/2594
f 2697/2697/2697 2698/2698/2698 2594/2594/2594
f 2594/2594/2594 2698/2698/2698 2603/2603/2603
f 2603/2603/2603 2698/2698/2698 2601/2601/2601
f 2601/2601/2601 2698/2698/2698 2699/2699/2699
f 2698/2698/2698 2700/2700/2700 2699/2699/2699
f 2699/2699/2699 2700/2700/2700 2701/2701/2701
f 2700/2700/2700 2702/2702/2702 2701/2701/2701
f 2701/2701/2701 2702/2702/2702 2703/2703/2703
f 2703/2703/2703 2702/2702/2702 2704/2704/2704
f 2704/2704/2704 2702/2702/2702 2697/2697/2697
f 2702/2702/2702 2700/2700/2700 2697/2697/2697
f 2697/2697/2697 2700/2700/2700 2698/2698/2698
f 2582/2582/2582 2568/2568/2568 2701/2701/2701
f 2701/2701/2701 2568/2568/2568 2699/2699/2699
f 2568/2568/2568 2567/2567/2567 2699/2699/2699
f 2699/2699/2699 2567/2567/2567 2601/2601/2601
f 2567/2567/2567 2565/2565/2565 2601/2601/2601
f 2601/2601/2601 2565/2565/2565 2600/2600/2600
f 2565/2565/2565 2564/2564/2564 2600/2600/2600
f 2600/2600/2600 2564/2564/2564 2599/2599/2599
f 2564/2564/2564 2563/2563/2563 2599/2599/2599
f 2599/2599/2599 2563/2563/2563 2597/2597/2597
f 2563/2563/2563 2626/2626/2626 2597/2597/2597
f 2494/2494/2494 2705/2705/2705 2663/2663/2663
f 2705/2705/2705 2489/2489/2489 2663/2663/2663
f 2663/2663/2663 2489/2489/2489 2706/2706/2706
f 2430/2430/2430 2707/2707/2707 2428/2428/2428
f 2428/2428/2428 2707/2707/2707 2708/2708/2708
f 2707/2707/2707 2709/2709/2709 2708/2708/2708
f 2162/2162/2162 2160/2160/2160 2171/2171/2171
f 2160/2160/2160 2710/2710/2710 2171/2171/2171
f 2710/2710/2710 2447/2447/2447 2171/2171/2171
f 2171/2171/2171 2447/2447/2447 2169/2169/2169
f 2169/2169/2169 2447/2447/2447 2711/2711/2711
f 2711/2711/2711 2447/2447/2447 2712/2712/2712
f 2447/2447/2447 2446/2446/2446 2712/2712/2712
f 2712/2712/2712 2446/2446/2446 2713/2713/2713
f 2439/2439/2439 2715/2715/2715 2714/2714/2714
f 2711/2711/2711 2716/2716/2716 2717/2717/2717
f 2718/2718/2718 2412/2412/2412 2361/2361/2361
f 2453/2453/2453 2442/2442/2442 2719/2719/2719
